-- phpMyAdmin SQL Dump
-- version 4.9.4
-- https://www.phpmyadmin.net/
--
-- Host: classmysql.engr.oregonstate.edu:3306
-- Generation Time: Jun 10, 2020 at 10:34 PM
-- Server version: 10.4.11-MariaDB-log
-- PHP Version: 7.4.4

SET SQL_MODE = "NO_AUTO_VALUE_ON_ZERO";
SET AUTOCOMMIT = 0;
START TRANSACTION;
SET time_zone = "+00:00";


/*!40101 SET @OLD_CHARACTER_SET_CLIENT=@@CHARACTER_SET_CLIENT */;
/*!40101 SET @OLD_CHARACTER_SET_RESULTS=@@CHARACTER_SET_RESULTS */;
/*!40101 SET @OLD_COLLATION_CONNECTION=@@COLLATION_CONNECTION */;
/*!40101 SET NAMES utf8mb4 */;

--
-- Database: `cs340_pontrelc`
--

-- --------------------------------------------------------

--
-- Table structure for table `moves`
--

CREATE TABLE `moves` (
  `move_id` int(11) NOT NULL,
  `move_name` varchar(255) NOT NULL,
  `type_id` int(11) NOT NULL,
  `power` int(11) DEFAULT NULL,
  `accuracy` int(11) DEFAULT NULL,
  `pp` int(11) NOT NULL
) ENGINE=InnoDB DEFAULT CHARSET=utf8;

--
-- Dumping data for table `moves`
--

INSERT INTO `moves` (`move_id`, `move_name`, `type_id`, `power`, `accuracy`, `pp`) VALUES
(1, 'pound', 1, 40, 100, 35),
(2, 'karate-chop', 2, 50, 100, 25),
(3, 'double-slap', 1, 15, 85, 10),
(4, 'comet-punch', 1, 18, 85, 15),
(5, 'mega-punch', 1, 80, 85, 20),
(6, 'pay-day', 1, 40, 100, 20),
(7, 'fire-punch', 10, 75, 100, 15),
(8, 'ice-punch', 15, 75, 100, 15),
(9, 'thunder-punch', 13, 75, 100, 15),
(10, 'scratch', 1, 40, 100, 35),
(11, 'vice-grip', 1, 55, 100, 30),
(12, 'guillotine', 1, NULL, 30, 5),
(13, 'razor-wind', 1, 80, 100, 10),
(14, 'swords-dance', 1, NULL, NULL, 20),
(15, 'cut', 1, 50, 95, 30),
(16, 'gust', 3, 40, 100, 35),
(17, 'wing-attack', 3, 60, 100, 35),
(18, 'whirlwind', 1, NULL, NULL, 20),
(19, 'fly', 3, 90, 95, 15),
(20, 'bind', 1, 15, 85, 20),
(21, 'slam', 1, 80, 75, 20),
(22, 'vine-whip', 12, 45, 100, 25),
(23, 'stomp', 1, 65, 100, 20),
(24, 'double-kick', 2, 30, 100, 30),
(25, 'mega-kick', 1, 120, 75, 5),
(26, 'jump-kick', 2, 100, 95, 10),
(27, 'rolling-kick', 2, 60, 85, 15),
(28, 'sand-attack', 5, NULL, 100, 15),
(29, 'headbutt', 1, 70, 100, 15),
(30, 'horn-attack', 1, 65, 100, 25),
(31, 'fury-attack', 1, 15, 85, 20),
(32, 'horn-drill', 1, NULL, 30, 5),
(33, 'tackle', 1, 40, 100, 35),
(34, 'body-slam', 1, 85, 100, 15),
(35, 'wrap', 1, 15, 90, 20),
(36, 'take-down', 1, 90, 85, 20),
(37, 'thrash', 1, 120, 100, 10),
(38, 'double-edge', 1, 120, 100, 15),
(39, 'tail-whip', 1, NULL, 100, 30),
(40, 'poison-sting', 4, 15, 100, 35),
(41, 'twineedle', 7, 25, 100, 20),
(42, 'pin-missile', 7, 25, 95, 20),
(43, 'leer', 1, NULL, 100, 30),
(44, 'bite', 17, 60, 100, 25),
(45, 'growl', 1, NULL, 100, 40),
(46, 'roar', 1, NULL, NULL, 20),
(47, 'sing', 1, NULL, 55, 15),
(48, 'supersonic', 1, NULL, 55, 20),
(49, 'sonic-boom', 1, NULL, 90, 20),
(50, 'disable', 1, NULL, 100, 20),
(51, 'acid', 4, 40, 100, 30),
(52, 'ember', 10, 40, 100, 25),
(53, 'flamethrower', 10, 90, 100, 15),
(54, 'mist', 15, NULL, NULL, 30),
(55, 'water-gun', 11, 40, 100, 25),
(56, 'hydro-pump', 11, 110, 80, 5),
(57, 'surf', 11, 90, 100, 15),
(58, 'ice-beam', 15, 90, 100, 10),
(59, 'blizzard', 15, 110, 70, 5),
(60, 'psybeam', 14, 65, 100, 20),
(61, 'bubble-beam', 11, 65, 100, 20),
(62, 'aurora-beam', 15, 65, 100, 20),
(63, 'hyper-beam', 1, 150, 90, 5),
(64, 'peck', 3, 35, 100, 35),
(65, 'drill-peck', 3, 80, 100, 20),
(66, 'submission', 2, 80, 80, 20),
(67, 'low-kick', 2, NULL, 100, 20),
(68, 'counter', 2, NULL, 100, 20),
(69, 'seismic-toss', 2, NULL, 100, 20),
(70, 'strength', 1, 80, 100, 15),
(71, 'absorb', 12, 20, 100, 25),
(72, 'mega-drain', 12, 40, 100, 15),
(73, 'leech-seed', 12, NULL, 90, 10),
(74, 'growth', 1, NULL, NULL, 20),
(75, 'razor-leaf', 12, 55, 95, 25),
(76, 'solar-beam', 12, 120, 100, 10),
(77, 'poison-powder', 4, NULL, 75, 35),
(78, 'stun-spore', 12, NULL, 75, 30),
(79, 'sleep-powder', 12, NULL, 75, 15),
(80, 'petal-dance', 12, 120, 100, 10),
(81, 'string-shot', 7, NULL, 95, 40),
(82, 'dragon-rage', 16, NULL, 100, 10),
(83, 'fire-spin', 10, 35, 85, 15),
(84, 'thunder-shock', 13, 40, 100, 30),
(85, 'thunderbolt', 13, 90, 100, 15),
(86, 'thunder-wave', 13, NULL, 90, 20),
(87, 'thunder', 13, 110, 70, 10),
(88, 'rock-throw', 6, 50, 90, 15),
(89, 'earthquake', 5, 100, 100, 10),
(90, 'fissure', 5, NULL, 30, 5),
(91, 'dig', 5, 80, 100, 10),
(92, 'toxic', 4, NULL, 90, 10),
(93, 'confusion', 14, 50, 100, 25),
(94, 'psychic', 14, 90, 100, 10),
(95, 'hypnosis', 14, NULL, 60, 20),
(96, 'meditate', 14, NULL, NULL, 40),
(97, 'agility', 14, NULL, NULL, 30),
(98, 'quick-attack', 1, 40, 100, 30),
(99, 'rage', 1, 20, 100, 20),
(100, 'teleport', 14, NULL, NULL, 20),
(101, 'night-shade', 8, NULL, 100, 15),
(102, 'mimic', 1, NULL, NULL, 10),
(103, 'screech', 1, NULL, 85, 40),
(104, 'double-team', 1, NULL, NULL, 15),
(105, 'recover', 1, NULL, NULL, 10),
(106, 'harden', 1, NULL, NULL, 30),
(107, 'minimize', 1, NULL, NULL, 10),
(108, 'smokescreen', 1, NULL, 100, 20),
(109, 'confuse-ray', 8, NULL, 100, 10),
(110, 'withdraw', 11, NULL, NULL, 40),
(111, 'defense-curl', 1, NULL, NULL, 40),
(112, 'barrier', 14, NULL, NULL, 20),
(113, 'light-screen', 14, NULL, NULL, 30),
(114, 'haze', 15, NULL, NULL, 30),
(115, 'reflect', 14, NULL, NULL, 20),
(116, 'focus-energy', 1, NULL, NULL, 30),
(117, 'bide', 1, NULL, NULL, 10),
(118, 'metronome', 1, NULL, NULL, 10),
(119, 'mirror-move', 3, NULL, NULL, 20),
(120, 'self-destruct', 1, 200, 100, 5),
(121, 'egg-bomb', 1, 100, 75, 10),
(122, 'lick', 8, 30, 100, 30),
(123, 'smog', 4, 30, 70, 20),
(124, 'sludge', 4, 65, 100, 20),
(125, 'bone-club', 5, 65, 85, 20),
(126, 'fire-blast', 10, 110, 85, 5),
(127, 'waterfall', 11, 80, 100, 15),
(128, 'clamp', 11, 35, 85, 15),
(129, 'swift', 1, 60, NULL, 20),
(130, 'skull-bash', 1, 130, 100, 10),
(131, 'spike-cannon', 1, 20, 100, 15),
(132, 'constrict', 1, 10, 100, 35),
(133, 'amnesia', 14, NULL, NULL, 20),
(134, 'kinesis', 14, NULL, 80, 15),
(135, 'soft-boiled', 1, NULL, NULL, 10),
(136, 'high-jump-kick', 2, 130, 90, 10),
(137, 'glare', 1, NULL, 100, 30),
(138, 'dream-eater', 14, 100, 100, 15),
(139, 'poison-gas', 4, NULL, 90, 40),
(140, 'barrage', 1, 15, 85, 20),
(141, 'leech-life', 7, 80, 100, 10),
(142, 'lovely-kiss', 1, NULL, 75, 10),
(143, 'sky-attack', 3, 140, 90, 5),
(144, 'transform', 1, NULL, NULL, 10),
(145, 'bubble', 11, 40, 100, 30),
(146, 'dizzy-punch', 1, 70, 100, 10),
(147, 'spore', 12, NULL, 100, 15),
(148, 'flash', 1, NULL, 100, 20),
(149, 'psywave', 14, NULL, 100, 15),
(150, 'splash', 1, NULL, NULL, 40),
(151, 'acid-armor', 4, NULL, NULL, 20),
(152, 'crabhammer', 11, 100, 90, 10),
(153, 'explosion', 1, 250, 100, 5),
(154, 'fury-swipes', 1, 18, 80, 15),
(155, 'bonemerang', 5, 50, 90, 10),
(156, 'rest', 14, NULL, NULL, 10),
(157, 'rock-slide', 6, 75, 90, 10),
(158, 'hyper-fang', 1, 80, 90, 15),
(159, 'sharpen', 1, NULL, NULL, 30),
(160, 'conversion', 1, NULL, NULL, 30),
(161, 'tri-attack', 1, 80, 100, 10),
(162, 'super-fang', 1, NULL, 90, 10),
(163, 'slash', 1, 70, 100, 20),
(164, 'substitute', 1, NULL, NULL, 10),
(165, 'struggle', 1, 50, NULL, 1),
(166, 'sketch', 1, NULL, NULL, 1),
(167, 'triple-kick', 2, 10, 90, 10),
(168, 'thief', 17, 60, 100, 25),
(169, 'spider-web', 7, NULL, NULL, 10),
(170, 'mind-reader', 1, NULL, NULL, 5),
(171, 'nightmare', 8, NULL, 100, 15),
(172, 'flame-wheel', 10, 60, 100, 25),
(173, 'snore', 1, 50, 100, 15),
(174, 'curse', 8, NULL, NULL, 10),
(175, 'flail', 1, NULL, 100, 15),
(176, 'conversion-2', 1, NULL, NULL, 30),
(177, 'aeroblast', 3, 100, 95, 5),
(178, 'cotton-spore', 12, NULL, 100, 40),
(179, 'reversal', 2, NULL, 100, 15),
(180, 'spite', 8, NULL, 100, 10),
(181, 'powder-snow', 15, 40, 100, 25),
(182, 'protect', 1, NULL, NULL, 10),
(183, 'mach-punch', 2, 40, 100, 30),
(184, 'scary-face', 1, NULL, 100, 10),
(185, 'feint-attack', 17, 60, NULL, 20),
(186, 'sweet-kiss', 18, NULL, 75, 10),
(187, 'belly-drum', 1, NULL, NULL, 10),
(188, 'sludge-bomb', 4, 90, 100, 10),
(189, 'mud-slap', 5, 20, 100, 10),
(190, 'octazooka', 11, 65, 85, 10),
(191, 'spikes', 5, NULL, NULL, 20),
(192, 'zap-cannon', 13, 120, 50, 5),
(193, 'foresight', 1, NULL, NULL, 40),
(194, 'destiny-bond', 8, NULL, NULL, 5),
(195, 'perish-song', 1, NULL, NULL, 5),
(196, 'icy-wind', 15, 55, 95, 15),
(197, 'detect', 2, NULL, NULL, 5),
(198, 'bone-rush', 5, 25, 90, 10),
(199, 'lock-on', 1, NULL, NULL, 5),
(200, 'outrage', 16, 120, 100, 10),
(201, 'sandstorm', 6, NULL, NULL, 10),
(202, 'giga-drain', 12, 75, 100, 10),
(203, 'endure', 1, NULL, NULL, 10),
(204, 'charm', 18, NULL, 100, 20),
(205, 'rollout', 6, 30, 90, 20),
(206, 'false-swipe', 1, 40, 100, 40),
(207, 'swagger', 1, NULL, 85, 15),
(208, 'milk-drink', 1, NULL, NULL, 10),
(209, 'spark', 13, 65, 100, 20),
(210, 'fury-cutter', 7, 40, 95, 20),
(211, 'steel-wing', 9, 70, 90, 25),
(212, 'mean-look', 1, NULL, NULL, 5),
(213, 'attract', 1, NULL, 100, 15),
(214, 'sleep-talk', 1, NULL, NULL, 10),
(215, 'heal-bell', 1, NULL, NULL, 5),
(216, 'return', 1, NULL, 100, 20),
(217, 'present', 1, NULL, 90, 15),
(218, 'frustration', 1, NULL, 100, 20),
(219, 'safeguard', 1, NULL, NULL, 25),
(220, 'pain-split', 1, NULL, NULL, 20),
(221, 'sacred-fire', 10, 100, 95, 5),
(222, 'magnitude', 5, NULL, 100, 30),
(223, 'dynamic-punch', 2, 100, 50, 5),
(224, 'megahorn', 7, 120, 85, 10),
(225, 'dragon-breath', 16, 60, 100, 20),
(226, 'baton-pass', 1, NULL, NULL, 40),
(227, 'encore', 1, NULL, 100, 5),
(228, 'pursuit', 17, 40, 100, 20),
(229, 'rapid-spin', 1, 20, 100, 40),
(230, 'sweet-scent', 1, NULL, 100, 20),
(231, 'iron-tail', 9, 100, 75, 15),
(232, 'metal-claw', 9, 50, 95, 35),
(233, 'vital-throw', 2, 70, NULL, 10),
(234, 'morning-sun', 1, NULL, NULL, 5),
(235, 'synthesis', 12, NULL, NULL, 5),
(236, 'moonlight', 18, NULL, NULL, 5),
(237, 'hidden-power', 1, 60, 100, 15),
(238, 'cross-chop', 2, 100, 80, 5),
(239, 'twister', 16, 40, 100, 20),
(240, 'rain-dance', 11, NULL, NULL, 5),
(241, 'sunny-day', 10, NULL, NULL, 5),
(242, 'crunch', 17, 80, 100, 15),
(243, 'mirror-coat', 14, NULL, 100, 20),
(244, 'psych-up', 1, NULL, NULL, 10),
(245, 'extreme-speed', 1, 80, 100, 5),
(246, 'ancient-power', 6, 60, 100, 5),
(247, 'shadow-ball', 8, 80, 100, 15),
(248, 'future-sight', 14, 120, 100, 10),
(249, 'rock-smash', 2, 40, 100, 15),
(250, 'whirlpool', 11, 35, 85, 15),
(251, 'beat-up', 17, NULL, 100, 10),
(252, 'fake-out', 1, 40, 100, 10),
(253, 'uproar', 1, 90, 100, 10),
(254, 'stockpile', 1, NULL, NULL, 20),
(255, 'spit-up', 1, NULL, 100, 10),
(256, 'swallow', 1, NULL, NULL, 10),
(257, 'heat-wave', 10, 95, 90, 10),
(258, 'hail', 15, NULL, NULL, 10),
(259, 'torment', 17, NULL, 100, 15),
(260, 'flatter', 17, NULL, 100, 15),
(261, 'will-o-wisp', 10, NULL, 85, 15),
(262, 'memento', 17, NULL, 100, 10),
(263, 'facade', 1, 70, 100, 20),
(264, 'focus-punch', 2, 150, 100, 20),
(265, 'smelling-salts', 1, 70, 100, 10),
(266, 'follow-me', 1, NULL, NULL, 20),
(267, 'nature-power', 1, NULL, NULL, 20),
(268, 'charge', 13, NULL, NULL, 20),
(269, 'taunt', 17, NULL, 100, 20),
(270, 'helping-hand', 1, NULL, NULL, 20),
(271, 'trick', 14, NULL, 100, 10),
(272, 'role-play', 14, NULL, NULL, 10),
(273, 'wish', 1, NULL, NULL, 10),
(274, 'assist', 1, NULL, NULL, 20),
(275, 'ingrain', 12, NULL, NULL, 20),
(276, 'superpower', 2, 120, 100, 5),
(277, 'magic-coat', 14, NULL, NULL, 15),
(278, 'recycle', 1, NULL, NULL, 10),
(279, 'revenge', 2, 60, 100, 10),
(280, 'brick-break', 2, 75, 100, 15),
(281, 'yawn', 1, NULL, NULL, 10),
(282, 'knock-off', 17, 65, 100, 20),
(283, 'endeavor', 1, NULL, 100, 5),
(284, 'eruption', 10, 150, 100, 5),
(285, 'skill-swap', 14, NULL, NULL, 10),
(286, 'imprison', 14, NULL, NULL, 10),
(287, 'refresh', 1, NULL, NULL, 20),
(288, 'grudge', 8, NULL, NULL, 5),
(289, 'snatch', 17, NULL, NULL, 10),
(290, 'secret-power', 1, 70, 100, 20),
(291, 'dive', 11, 80, 100, 10),
(292, 'arm-thrust', 2, 15, 100, 20),
(293, 'camouflage', 1, NULL, NULL, 20),
(294, 'tail-glow', 7, NULL, NULL, 20),
(295, 'luster-purge', 14, 70, 100, 5),
(296, 'mist-ball', 14, 70, 100, 5),
(297, 'feather-dance', 3, NULL, 100, 15),
(298, 'teeter-dance', 1, NULL, 100, 20),
(299, 'blaze-kick', 10, 85, 90, 10),
(300, 'mud-sport', 5, NULL, NULL, 15),
(301, 'ice-ball', 15, 30, 90, 20),
(302, 'needle-arm', 12, 60, 100, 15),
(303, 'slack-off', 1, NULL, NULL, 10),
(304, 'hyper-voice', 1, 90, 100, 10),
(305, 'poison-fang', 4, 50, 100, 15),
(306, 'crush-claw', 1, 75, 95, 10),
(307, 'blast-burn', 10, 150, 90, 5),
(308, 'hydro-cannon', 11, 150, 90, 5),
(309, 'meteor-mash', 9, 90, 90, 10),
(310, 'astonish', 8, 30, 100, 15),
(311, 'weather-ball', 1, 50, 100, 10),
(312, 'aromatherapy', 12, NULL, NULL, 5),
(313, 'fake-tears', 17, NULL, 100, 20),
(314, 'air-cutter', 3, 60, 95, 25),
(315, 'overheat', 10, 130, 90, 5),
(316, 'odor-sleuth', 1, NULL, NULL, 40),
(317, 'rock-tomb', 6, 60, 95, 15),
(318, 'silver-wind', 7, 60, 100, 5),
(319, 'metal-sound', 9, NULL, 85, 40),
(320, 'grass-whistle', 12, NULL, 55, 15),
(321, 'tickle', 1, NULL, 100, 20),
(322, 'cosmic-power', 14, NULL, NULL, 20),
(323, 'water-spout', 11, 150, 100, 5),
(324, 'signal-beam', 7, 75, 100, 15),
(325, 'shadow-punch', 8, 60, NULL, 20),
(326, 'extrasensory', 14, 80, 100, 20),
(327, 'sky-uppercut', 2, 85, 90, 15),
(328, 'sand-tomb', 5, 35, 85, 15),
(329, 'sheer-cold', 15, NULL, 30, 5),
(330, 'muddy-water', 11, 90, 85, 10),
(331, 'bullet-seed', 12, 25, 100, 30),
(332, 'aerial-ace', 3, 60, NULL, 20),
(333, 'icicle-spear', 15, 25, 100, 30),
(334, 'iron-defense', 9, NULL, NULL, 15),
(335, 'block', 1, NULL, NULL, 5),
(336, 'howl', 1, NULL, NULL, 40),
(337, 'dragon-claw', 16, 80, 100, 15),
(338, 'frenzy-plant', 12, 150, 90, 5),
(339, 'bulk-up', 2, NULL, NULL, 20),
(340, 'bounce', 3, 85, 85, 5),
(341, 'mud-shot', 5, 55, 95, 15),
(342, 'poison-tail', 4, 50, 100, 25),
(343, 'covet', 1, 60, 100, 25),
(344, 'volt-tackle', 13, 120, 100, 15),
(345, 'magical-leaf', 12, 60, NULL, 20),
(346, 'water-sport', 11, NULL, NULL, 15),
(347, 'calm-mind', 14, NULL, NULL, 20),
(348, 'leaf-blade', 12, 90, 100, 15),
(349, 'dragon-dance', 16, NULL, NULL, 20),
(350, 'rock-blast', 6, 25, 90, 10),
(351, 'shock-wave', 13, 60, NULL, 20),
(352, 'water-pulse', 11, 60, 100, 20),
(353, 'doom-desire', 9, 140, 100, 5),
(354, 'psycho-boost', 14, 140, 90, 5),
(355, 'roost', 3, NULL, NULL, 10),
(356, 'gravity', 14, NULL, NULL, 5),
(357, 'miracle-eye', 14, NULL, NULL, 40),
(358, 'wake-up-slap', 2, 70, 100, 10),
(359, 'hammer-arm', 2, 100, 90, 10),
(360, 'gyro-ball', 9, NULL, 100, 5),
(361, 'healing-wish', 14, NULL, NULL, 10),
(362, 'brine', 11, 65, 100, 10),
(363, 'natural-gift', 1, NULL, 100, 15),
(364, 'feint', 1, 30, 100, 10),
(365, 'pluck', 3, 60, 100, 20),
(366, 'tailwind', 3, NULL, NULL, 15),
(367, 'acupressure', 1, NULL, NULL, 30),
(368, 'metal-burst', 9, NULL, 100, 10),
(369, 'u-turn', 7, 70, 100, 20),
(370, 'close-combat', 2, 120, 100, 5),
(371, 'payback', 17, 50, 100, 10),
(372, 'assurance', 17, 60, 100, 10),
(373, 'embargo', 17, NULL, 100, 15),
(374, 'fling', 17, NULL, 100, 10),
(375, 'psycho-shift', 14, NULL, 100, 10),
(376, 'trump-card', 1, NULL, NULL, 5),
(377, 'heal-block', 14, NULL, 100, 15),
(378, 'wring-out', 1, NULL, 100, 5),
(379, 'power-trick', 14, NULL, NULL, 10),
(380, 'gastro-acid', 4, NULL, 100, 10),
(381, 'lucky-chant', 1, NULL, NULL, 30),
(382, 'me-first', 1, NULL, NULL, 20),
(383, 'copycat', 1, NULL, NULL, 20),
(384, 'power-swap', 14, NULL, NULL, 10),
(385, 'guard-swap', 14, NULL, NULL, 10),
(386, 'punishment', 17, NULL, 100, 5),
(387, 'last-resort', 1, 140, 100, 5),
(388, 'worry-seed', 12, NULL, 100, 10),
(389, 'sucker-punch', 17, 70, 100, 5),
(390, 'toxic-spikes', 4, NULL, NULL, 20),
(391, 'heart-swap', 14, NULL, NULL, 10),
(392, 'aqua-ring', 11, NULL, NULL, 20),
(393, 'magnet-rise', 13, NULL, NULL, 10),
(394, 'flare-blitz', 10, 120, 100, 15),
(395, 'force-palm', 2, 60, 100, 10),
(396, 'aura-sphere', 2, 80, NULL, 20),
(397, 'rock-polish', 6, NULL, NULL, 20),
(398, 'poison-jab', 4, 80, 100, 20),
(399, 'dark-pulse', 17, 80, 100, 15),
(400, 'night-slash', 17, 70, 100, 15),
(401, 'aqua-tail', 11, 90, 90, 10),
(402, 'seed-bomb', 12, 80, 100, 15),
(403, 'air-slash', 3, 75, 95, 15),
(404, 'x-scissor', 7, 80, 100, 15),
(405, 'bug-buzz', 7, 90, 100, 10),
(406, 'dragon-pulse', 16, 85, 100, 10),
(407, 'dragon-rush', 16, 100, 75, 10),
(408, 'power-gem', 6, 80, 100, 20),
(409, 'drain-punch', 2, 75, 100, 10),
(410, 'vacuum-wave', 2, 40, 100, 30),
(411, 'focus-blast', 2, 120, 70, 5),
(412, 'energy-ball', 12, 90, 100, 10),
(413, 'brave-bird', 3, 120, 100, 15),
(414, 'earth-power', 5, 90, 100, 10),
(415, 'switcheroo', 17, NULL, 100, 10),
(416, 'giga-impact', 1, 150, 90, 5),
(417, 'nasty-plot', 17, NULL, NULL, 20),
(418, 'bullet-punch', 9, 40, 100, 30),
(419, 'avalanche', 15, 60, 100, 10),
(420, 'ice-shard', 15, 40, 100, 30),
(421, 'shadow-claw', 8, 70, 100, 15),
(422, 'thunder-fang', 13, 65, 95, 15),
(423, 'ice-fang', 15, 65, 95, 15),
(424, 'fire-fang', 10, 65, 95, 15),
(425, 'shadow-sneak', 8, 40, 100, 30),
(426, 'mud-bomb', 5, 65, 85, 10),
(427, 'psycho-cut', 14, 70, 100, 20),
(428, 'zen-headbutt', 14, 80, 90, 15),
(429, 'mirror-shot', 9, 65, 85, 10),
(430, 'flash-cannon', 9, 80, 100, 10),
(431, 'rock-climb', 1, 90, 85, 20),
(432, 'defog', 3, NULL, NULL, 15),
(433, 'trick-room', 14, NULL, NULL, 5),
(434, 'draco-meteor', 16, 130, 90, 5),
(435, 'discharge', 13, 80, 100, 15),
(436, 'lava-plume', 10, 80, 100, 15),
(437, 'leaf-storm', 12, 130, 90, 5),
(438, 'power-whip', 12, 120, 85, 10),
(439, 'rock-wrecker', 6, 150, 90, 5),
(440, 'cross-poison', 4, 70, 100, 20),
(441, 'gunk-shot', 4, 120, 80, 5),
(442, 'iron-head', 9, 80, 100, 15),
(443, 'magnet-bomb', 9, 60, NULL, 20),
(444, 'stone-edge', 6, 100, 80, 5),
(445, 'captivate', 1, NULL, 100, 20),
(446, 'stealth-rock', 6, NULL, NULL, 20),
(447, 'grass-knot', 12, NULL, 100, 20),
(448, 'chatter', 3, 65, 100, 20),
(449, 'judgment', 1, 100, 100, 10),
(450, 'bug-bite', 7, 60, 100, 20),
(451, 'charge-beam', 13, 50, 90, 10),
(452, 'wood-hammer', 12, 120, 100, 15),
(453, 'aqua-jet', 11, 40, 100, 20),
(454, 'attack-order', 7, 90, 100, 15),
(455, 'defend-order', 7, NULL, NULL, 10),
(456, 'heal-order', 7, NULL, NULL, 10),
(457, 'head-smash', 6, 150, 80, 5),
(458, 'double-hit', 1, 35, 90, 10),
(459, 'roar-of-time', 16, 150, 90, 5),
(460, 'spacial-rend', 16, 100, 95, 5),
(461, 'lunar-dance', 14, NULL, NULL, 10),
(462, 'crush-grip', 1, NULL, 100, 5),
(463, 'magma-storm', 10, 100, 75, 5),
(464, 'dark-void', 17, NULL, 50, 10),
(465, 'seed-flare', 12, 120, 85, 5),
(466, 'ominous-wind', 8, 60, 100, 5),
(467, 'shadow-force', 8, 120, 100, 5),
(468, 'hone-claws', 17, NULL, NULL, 15),
(469, 'wide-guard', 6, NULL, NULL, 10),
(470, 'guard-split', 14, NULL, NULL, 10),
(471, 'power-split', 14, NULL, NULL, 10),
(472, 'wonder-room', 14, NULL, NULL, 10),
(473, 'psyshock', 14, 80, 100, 10),
(474, 'venoshock', 4, 65, 100, 10),
(475, 'autotomize', 9, NULL, NULL, 15),
(476, 'rage-powder', 7, NULL, NULL, 20),
(477, 'telekinesis', 14, NULL, NULL, 15),
(478, 'magic-room', 14, NULL, NULL, 10),
(479, 'smack-down', 6, 50, 100, 15),
(480, 'storm-throw', 2, 60, 100, 10),
(481, 'flame-burst', 10, 70, 100, 15),
(482, 'sludge-wave', 4, 95, 100, 10),
(483, 'quiver-dance', 7, NULL, NULL, 20),
(484, 'heavy-slam', 9, NULL, 100, 10),
(485, 'synchronoise', 14, 120, 100, 10),
(486, 'electro-ball', 13, NULL, 100, 10),
(487, 'soak', 11, NULL, 100, 20),
(488, 'flame-charge', 10, 50, 100, 20),
(489, 'coil', 4, NULL, NULL, 20),
(490, 'low-sweep', 2, 65, 100, 20),
(491, 'acid-spray', 4, 40, 100, 20),
(492, 'foul-play', 17, 95, 100, 15),
(493, 'simple-beam', 1, NULL, 100, 15),
(494, 'entrainment', 1, NULL, 100, 15),
(495, 'after-you', 1, NULL, NULL, 15),
(496, 'round', 1, 60, 100, 15),
(497, 'echoed-voice', 1, 40, 100, 15),
(498, 'chip-away', 1, 70, 100, 20),
(499, 'clear-smog', 4, 50, NULL, 15),
(500, 'stored-power', 14, 20, 100, 10),
(501, 'quick-guard', 2, NULL, NULL, 15),
(502, 'ally-switch', 14, NULL, NULL, 15),
(503, 'scald', 11, 80, 100, 15),
(504, 'shell-smash', 1, NULL, NULL, 15),
(505, 'heal-pulse', 14, NULL, NULL, 10),
(506, 'hex', 8, 65, 100, 10),
(507, 'sky-drop', 3, 60, 100, 10),
(508, 'shift-gear', 9, NULL, NULL, 10),
(509, 'circle-throw', 2, 60, 90, 10),
(510, 'incinerate', 10, 60, 100, 15),
(511, 'quash', 17, NULL, 100, 15),
(512, 'acrobatics', 3, 55, 100, 15),
(513, 'reflect-type', 1, NULL, NULL, 15),
(514, 'retaliate', 1, 70, 100, 5),
(515, 'final-gambit', 2, NULL, 100, 5),
(516, 'bestow', 1, NULL, NULL, 15),
(517, 'inferno', 10, 100, 50, 5),
(518, 'water-pledge', 11, 80, 100, 10),
(519, 'fire-pledge', 10, 80, 100, 10),
(520, 'grass-pledge', 12, 80, 100, 10),
(521, 'volt-switch', 13, 70, 100, 20),
(522, 'struggle-bug', 7, 50, 100, 20),
(523, 'bulldoze', 5, 60, 100, 20),
(524, 'frost-breath', 15, 60, 90, 10),
(525, 'dragon-tail', 16, 60, 90, 10),
(526, 'work-up', 1, NULL, NULL, 30),
(527, 'electroweb', 13, 55, 95, 15),
(528, 'wild-charge', 13, 90, 100, 15),
(529, 'drill-run', 5, 80, 95, 10),
(530, 'dual-chop', 16, 40, 90, 15),
(531, 'heart-stamp', 14, 60, 100, 25),
(532, 'horn-leech', 12, 75, 100, 10),
(533, 'sacred-sword', 2, 90, 100, 15),
(534, 'razor-shell', 11, 75, 95, 10),
(535, 'heat-crash', 10, NULL, 100, 10),
(536, 'leaf-tornado', 12, 65, 90, 10),
(537, 'steamroller', 7, 65, 100, 20),
(538, 'cotton-guard', 12, NULL, NULL, 10),
(539, 'night-daze', 17, 85, 95, 10),
(540, 'psystrike', 14, 100, 100, 10),
(541, 'tail-slap', 1, 25, 85, 10),
(542, 'hurricane', 3, 110, 70, 10),
(543, 'head-charge', 1, 120, 100, 15),
(544, 'gear-grind', 9, 50, 85, 15),
(545, 'searing-shot', 10, 100, 100, 5),
(546, 'techno-blast', 1, 120, 100, 5),
(547, 'relic-song', 1, 75, 100, 10),
(548, 'secret-sword', 2, 85, 100, 10),
(549, 'glaciate', 15, 65, 95, 10),
(550, 'bolt-strike', 13, 130, 85, 5),
(551, 'blue-flare', 10, 130, 85, 5),
(552, 'fiery-dance', 10, 80, 100, 10),
(553, 'freeze-shock', 15, 140, 90, 5),
(554, 'ice-burn', 15, 140, 90, 5),
(555, 'snarl', 17, 55, 95, 15),
(556, 'icicle-crash', 15, 85, 90, 10),
(557, 'v-create', 10, 180, 95, 5),
(558, 'fusion-flare', 10, 100, 100, 5),
(559, 'fusion-bolt', 13, 100, 100, 5),
(560, 'flying-press', 2, 100, 95, 10),
(561, 'mat-block', 2, NULL, NULL, 10),
(562, 'belch', 4, 120, 90, 10),
(563, 'rototiller', 5, NULL, NULL, 10),
(564, 'sticky-web', 7, NULL, NULL, 20),
(565, 'fell-stinger', 7, 50, 100, 25),
(566, 'phantom-force', 8, 90, 100, 10),
(567, 'trick-or-treat', 8, NULL, 100, 20),
(568, 'noble-roar', 1, NULL, 100, 30),
(569, 'ion-deluge', 13, NULL, NULL, 25),
(570, 'parabolic-charge', 13, 65, 100, 20),
(571, 'forests-curse', 12, NULL, 100, 20),
(572, 'petal-blizzard', 12, 90, 100, 15),
(573, 'freeze-dry', 15, 70, 100, 20),
(574, 'disarming-voice', 18, 40, NULL, 15),
(575, 'parting-shot', 17, NULL, 100, 20),
(576, 'topsy-turvy', 17, NULL, NULL, 20),
(577, 'draining-kiss', 18, 50, 100, 10),
(578, 'crafty-shield', 18, NULL, NULL, 10),
(579, 'flower-shield', 18, NULL, NULL, 10),
(580, 'grassy-terrain', 12, NULL, NULL, 10),
(581, 'misty-terrain', 18, NULL, NULL, 10),
(582, 'electrify', 13, NULL, NULL, 20),
(583, 'play-rough', 18, 90, 90, 10),
(584, 'fairy-wind', 18, 40, 100, 30),
(585, 'moonblast', 18, 95, 100, 15),
(586, 'boomburst', 1, 140, 100, 10),
(587, 'fairy-lock', 18, NULL, NULL, 10),
(588, 'kings-shield', 9, NULL, NULL, 10),
(589, 'play-nice', 1, NULL, NULL, 20),
(590, 'confide', 1, NULL, NULL, 20),
(591, 'diamond-storm', 6, 100, 95, 5),
(592, 'steam-eruption', 11, 110, 95, 5),
(593, 'hyperspace-hole', 14, 80, NULL, 5),
(594, 'water-shuriken', 11, 15, 100, 20),
(595, 'mystical-fire', 10, 75, 100, 10),
(596, 'spiky-shield', 12, NULL, NULL, 10),
(597, 'aromatic-mist', 18, NULL, NULL, 20),
(598, 'eerie-impulse', 13, NULL, 100, 15),
(599, 'venom-drench', 4, NULL, 100, 20),
(600, 'powder', 7, NULL, 100, 20),
(601, 'geomancy', 18, NULL, NULL, 10),
(602, 'magnetic-flux', 13, NULL, NULL, 20),
(603, 'happy-hour', 1, NULL, NULL, 30),
(604, 'electric-terrain', 13, NULL, NULL, 10),
(605, 'dazzling-gleam', 18, 80, 100, 10),
(606, 'celebrate', 1, NULL, NULL, 40),
(607, 'hold-hands', 1, NULL, NULL, 40),
(608, 'baby-doll-eyes', 18, NULL, 100, 30),
(609, 'nuzzle', 13, 20, 100, 20),
(610, 'hold-back', 1, 40, 100, 40),
(611, 'infestation', 7, 20, 100, 20),
(612, 'power-up-punch', 2, 40, 100, 20),
(613, 'oblivion-wing', 3, 80, 100, 10),
(614, 'thousand-arrows', 5, 90, 100, 10),
(615, 'thousand-waves', 5, 90, 100, 10),
(616, 'lands-wrath', 5, 90, 100, 10),
(617, 'light-of-ruin', 18, 140, 90, 5),
(618, 'origin-pulse', 11, 110, 85, 10),
(619, 'precipice-blades', 5, 120, 85, 10),
(620, 'dragon-ascent', 3, 120, 100, 5),
(621, 'hyperspace-fury', 17, 100, NULL, 5),
(622, 'breakneck-blitz--physical', 1, NULL, NULL, 1),
(623, 'breakneck-blitz--special', 1, NULL, NULL, 1),
(624, 'all-out-pummeling--physical', 2, NULL, NULL, 1),
(625, 'all-out-pummeling--special', 2, NULL, NULL, 1),
(626, 'supersonic-skystrike--physical', 3, NULL, NULL, 1),
(627, 'supersonic-skystrike--special', 3, NULL, NULL, 1),
(628, 'acid-downpour--physical', 4, NULL, NULL, 1),
(629, 'acid-downpour--special', 4, NULL, NULL, 1),
(630, 'tectonic-rage--physical', 5, NULL, NULL, 1),
(631, 'tectonic-rage--special', 5, NULL, NULL, 1),
(632, 'continental-crush--physical', 6, NULL, NULL, 1),
(633, 'continental-crush--special', 6, NULL, NULL, 1),
(634, 'savage-spin-out--physical', 7, NULL, NULL, 1),
(635, 'savage-spin-out--special', 7, NULL, NULL, 1),
(636, 'never-ending-nightmare--physical', 8, NULL, NULL, 1),
(637, 'never-ending-nightmare--special', 8, NULL, NULL, 1),
(638, 'corkscrew-crash--physical', 9, NULL, NULL, 1),
(639, 'corkscrew-crash--special', 9, NULL, NULL, 1),
(640, 'inferno-overdrive--physical', 10, NULL, NULL, 1),
(641, 'inferno-overdrive--special', 10, NULL, NULL, 1),
(642, 'hydro-vortex--physical', 11, NULL, NULL, 1),
(643, 'hydro-vortex--special', 11, NULL, NULL, 1),
(644, 'bloom-doom--physical', 12, NULL, NULL, 1),
(645, 'bloom-doom--special', 12, NULL, NULL, 1),
(646, 'gigavolt-havoc--physical', 13, NULL, NULL, 1),
(647, 'gigavolt-havoc--special', 13, NULL, NULL, 1),
(648, 'shattered-psyche--physical', 14, NULL, NULL, 1),
(649, 'shattered-psyche--special', 14, NULL, NULL, 1),
(650, 'subzero-slammer--physical', 15, NULL, NULL, 1),
(651, 'subzero-slammer--special', 15, NULL, NULL, 1),
(652, 'devastating-drake--physical', 16, NULL, NULL, 1),
(653, 'devastating-drake--special', 16, NULL, NULL, 1),
(654, 'black-hole-eclipse--physical', 17, NULL, NULL, 1),
(655, 'black-hole-eclipse--special', 17, NULL, NULL, 1),
(656, 'twinkle-tackle--physical', 18, NULL, NULL, 1),
(657, 'twinkle-tackle--special', 18, NULL, NULL, 1),
(658, 'catastropika', 13, 210, NULL, 1),
(659, 'shore-up', 5, NULL, NULL, 10),
(660, 'first-impression', 7, 90, 100, 10),
(661, 'baneful-bunker', 4, NULL, NULL, 10),
(662, 'spirit-shackle', 8, 80, 100, 10),
(663, 'darkest-lariat', 17, 85, 100, 10),
(664, 'sparkling-aria', 11, 90, 100, 10),
(665, 'ice-hammer', 15, 100, 90, 10),
(666, 'floral-healing', 18, NULL, NULL, 10),
(667, 'high-horsepower', 5, 95, 95, 10),
(668, 'strength-sap', 12, NULL, 100, 10),
(669, 'solar-blade', 12, 125, 100, 10),
(670, 'leafage', 12, 40, 100, 40),
(671, 'spotlight', 1, NULL, NULL, 15),
(672, 'toxic-thread', 4, NULL, 100, 20),
(673, 'laser-focus', 1, NULL, NULL, 30),
(674, 'gear-up', 9, NULL, NULL, 20),
(675, 'throat-chop', 17, 80, 100, 15),
(676, 'pollen-puff', 7, 90, 100, 15),
(677, 'anchor-shot', 9, 80, 100, 20),
(678, 'psychic-terrain', 14, NULL, NULL, 10),
(679, 'lunge', 7, 80, 100, 15),
(680, 'fire-lash', 10, 80, 100, 15),
(681, 'power-trip', 17, 20, 100, 10),
(682, 'burn-up', 10, 130, 100, 5),
(683, 'speed-swap', 14, NULL, NULL, 10),
(684, 'smart-strike', 9, 70, NULL, 10),
(685, 'purify', 4, NULL, NULL, 20),
(686, 'revelation-dance', 1, 90, 100, 15),
(687, 'core-enforcer', 16, 100, 100, 10),
(688, 'trop-kick', 12, 70, 100, 15),
(689, 'instruct', 14, NULL, NULL, 15),
(690, 'beak-blast', 3, 100, 100, 15),
(691, 'clanging-scales', 16, 110, 100, 5),
(692, 'dragon-hammer', 16, 90, 100, 15),
(693, 'brutal-swing', 17, 60, 100, 20),
(694, 'aurora-veil', 15, NULL, NULL, 20),
(695, 'sinister-arrow-raid', 8, 180, NULL, 1),
(696, 'malicious-moonsault', 17, 180, NULL, 1),
(697, 'oceanic-operetta', 11, 195, NULL, 1),
(698, 'guardian-of-alola', 18, NULL, NULL, 1),
(699, 'soul-stealing-7-star-strike', 8, 195, NULL, 1),
(700, 'stoked-sparksurfer', 13, 175, NULL, 1),
(701, 'pulverizing-pancake', 1, 210, NULL, 1),
(702, 'extreme-evoboost', 1, NULL, NULL, 1),
(703, 'genesis-supernova', 14, 185, NULL, 1),
(704, 'shell-trap', 10, 150, 100, 5),
(705, 'fleur-cannon', 18, 130, 90, 5),
(706, 'psychic-fangs', 14, 85, 100, 10),
(707, 'stomping-tantrum', 5, 75, 100, 10),
(708, 'shadow-bone', 8, 85, 100, 10),
(709, 'accelerock', 6, 40, 100, 20),
(710, 'liquidation', 11, 85, 100, 10),
(711, 'prismatic-laser', 14, 160, 100, 10),
(712, 'spectral-thief', 8, 90, 100, 10),
(713, 'sunsteel-strike', 9, 100, 100, 5),
(714, 'moongeist-beam', 8, 100, 100, 5),
(715, 'tearful-look', 1, NULL, NULL, 20),
(716, 'zing-zap', 13, 80, 100, 10),
(717, 'natures-madness', 18, NULL, 90, 10),
(718, 'multi-attack', 1, 90, 100, 10),
(719, '10-000-000-volt-thunderbolt', 13, 195, NULL, 1),
(720, 'mind-blown', 10, 150, 100, 5),
(721, 'plasma-fists', 13, 100, 100, 15),
(722, 'photon-geyser', 14, 100, 100, 5),
(723, 'light-that-burns-the-sky', 14, 200, NULL, 1),
(724, 'searing-sunraze-smash', 9, 200, NULL, 1),
(725, 'menacing-moonraze-maelstrom', 8, 200, NULL, 1),
(726, 'lets-snuggle-forever', 18, 190, NULL, 1),
(727, 'splintered-stormshards', 6, 190, NULL, 1),
(728, 'clangorous-soulblaze', 16, 185, NULL, 1),
(732, 'silent-but-deadly', 4, NULL, 30, 5),
(733, 'fart', 4, 40, 100, 20);

-- --------------------------------------------------------

--
-- Table structure for table `players`
--

CREATE TABLE `players` (
  `player_id` int(11) NOT NULL,
  `player_name` varchar(255) NOT NULL,
  `pokemon_count` int(11) NOT NULL
) ENGINE=InnoDB DEFAULT CHARSET=utf8;

--
-- Dumping data for table `players`
--

INSERT INTO `players` (`player_id`, `player_name`, `pokemon_count`) VALUES
(15, 'Jaime', 3),
(17, 'Anna', 6),
(20, 'Gabby', 6),
(21, 'Charlie', 6),
(22, 'Jeff', 6);

-- --------------------------------------------------------

--
-- Table structure for table `player_pokemon`
--

CREATE TABLE `player_pokemon` (
  `player_pokemon_id` int(11) NOT NULL,
  `player_id` int(11) NOT NULL,
  `pokemon_id` int(11) NOT NULL
) ENGINE=InnoDB DEFAULT CHARSET=utf8;

--
-- Dumping data for table `player_pokemon`
--

INSERT INTO `player_pokemon` (`player_pokemon_id`, `player_id`, `pokemon_id`) VALUES
(56, 17, 35),
(57, 17, 1),
(58, 17, 1),
(59, 17, 4),
(60, 17, 7),
(63, 15, 25),
(64, 15, 6),
(65, 15, 78),
(72, 21, 94),
(73, 21, 131),
(75, 21, 103),
(76, 21, 113),
(77, 20, 3),
(78, 20, 134),
(79, 20, 143),
(80, 20, 144),
(81, 20, 59),
(82, 20, 65),
(83, 21, 145),
(86, 22, 1),
(87, 22, 1),
(88, 22, 1),
(89, 22, 1),
(91, 17, 1),
(92, 22, 1),
(93, 22, 1),
(105, 21, 6);

-- --------------------------------------------------------

--
-- Table structure for table `pokemon`
--

CREATE TABLE `pokemon` (
  `pokemon_id` int(11) NOT NULL,
  `pokemon_name` varchar(255) NOT NULL,
  `hp` int(11) NOT NULL,
  `attack` int(11) NOT NULL,
  `defense` int(11) NOT NULL,
  `spec_atk` int(11) NOT NULL,
  `spec_def` int(11) NOT NULL,
  `speed` int(11) NOT NULL,
  `type_1` int(11) NOT NULL,
  `type_2` int(11) DEFAULT NULL
) ENGINE=InnoDB DEFAULT CHARSET=utf8;

--
-- Dumping data for table `pokemon`
--

INSERT INTO `pokemon` (`pokemon_id`, `pokemon_name`, `hp`, `attack`, `defense`, `spec_atk`, `spec_def`, `speed`, `type_1`, `type_2`) VALUES
(1, 'bulbasaur', 45, 49, 49, 65, 65, 45, 12, 4),
(2, 'ivysaur', 60, 62, 63, 80, 80, 60, 12, 4),
(3, 'venusaur', 80, 82, 83, 100, 100, 80, 12, 4),
(4, 'charmander', 39, 52, 43, 60, 50, 65, 10, NULL),
(5, 'charmeleon', 58, 64, 58, 80, 65, 80, 10, NULL),
(6, 'charizard', 78, 84, 78, 109, 85, 100, 10, 3),
(7, 'squirtle', 44, 48, 65, 50, 64, 43, 11, NULL),
(8, 'wartortle', 59, 63, 80, 65, 80, 58, 11, NULL),
(9, 'blastoise', 79, 83, 100, 85, 105, 78, 11, NULL),
(10, 'caterpie', 45, 30, 35, 20, 20, 45, 7, NULL),
(11, 'metapod', 50, 20, 55, 25, 25, 30, 7, NULL),
(12, 'butterfree', 60, 45, 50, 90, 80, 70, 7, 3),
(13, 'weedle', 40, 35, 30, 20, 20, 50, 7, 4),
(14, 'kakuna', 45, 25, 50, 25, 25, 35, 7, 4),
(15, 'beedrill', 65, 90, 40, 45, 80, 75, 7, 4),
(16, 'pidgey', 40, 45, 40, 35, 35, 56, 1, 3),
(17, 'pidgeotto', 63, 60, 55, 50, 50, 71, 1, 3),
(18, 'pidgeot', 83, 80, 75, 70, 70, 101, 1, 3),
(19, 'rattata', 30, 56, 35, 25, 35, 72, 1, NULL),
(20, 'raticate', 55, 81, 60, 50, 70, 97, 1, NULL),
(21, 'spearow', 40, 60, 30, 31, 31, 70, 1, 3),
(22, 'fearow', 65, 90, 65, 61, 61, 100, 1, 3),
(23, 'ekans', 35, 60, 44, 40, 54, 55, 4, NULL),
(24, 'arbok', 60, 95, 69, 65, 79, 80, 4, NULL),
(25, 'pikachu', 35, 55, 40, 50, 50, 90, 13, NULL),
(26, 'raichu', 60, 90, 55, 90, 80, 110, 13, NULL),
(27, 'sandshrew', 50, 75, 85, 20, 30, 40, 5, NULL),
(28, 'sandslash', 75, 100, 110, 45, 55, 65, 5, NULL),
(29, 'nidoran-f', 55, 47, 52, 40, 40, 41, 4, NULL),
(30, 'nidorina', 70, 62, 67, 55, 55, 56, 4, NULL),
(31, 'nidoqueen', 90, 92, 87, 75, 85, 76, 4, 5),
(32, 'nidoran-m', 46, 57, 40, 40, 40, 50, 4, NULL),
(33, 'nidorino', 61, 72, 57, 55, 55, 65, 4, NULL),
(34, 'nidoking', 81, 102, 77, 85, 75, 85, 4, 5),
(35, 'clefairy', 70, 45, 48, 60, 65, 35, 18, NULL),
(36, 'clefable', 95, 70, 73, 95, 90, 60, 18, NULL),
(37, 'vulpix', 38, 41, 40, 50, 65, 65, 10, NULL),
(38, 'ninetales', 73, 76, 75, 81, 100, 100, 10, NULL),
(39, 'jigglypuff', 115, 45, 20, 45, 25, 20, 1, 18),
(40, 'wigglytuff', 140, 70, 45, 85, 50, 45, 1, 18),
(41, 'zubat', 40, 45, 35, 30, 40, 55, 4, 3),
(42, 'golbat', 75, 80, 70, 65, 75, 90, 4, 3),
(43, 'oddish', 45, 50, 55, 75, 65, 30, 12, 4),
(44, 'gloom', 60, 65, 70, 85, 75, 40, 12, 4),
(45, 'vileplume', 75, 80, 85, 110, 90, 50, 12, 4),
(46, 'paras', 35, 70, 55, 45, 55, 25, 7, 12),
(47, 'parasect', 60, 95, 80, 60, 80, 30, 7, 12),
(48, 'venonat', 60, 55, 50, 40, 55, 45, 7, 4),
(49, 'venomoth', 70, 65, 60, 90, 75, 90, 7, 4),
(50, 'diglett', 10, 55, 25, 35, 45, 95, 5, NULL),
(51, 'dugtrio', 35, 100, 50, 50, 70, 120, 5, NULL),
(52, 'meowth', 40, 45, 35, 40, 40, 90, 1, NULL),
(53, 'persian', 65, 70, 60, 65, 65, 115, 1, NULL),
(54, 'psyduck', 50, 52, 48, 65, 50, 55, 11, NULL),
(55, 'golduck', 80, 82, 78, 95, 80, 85, 11, NULL),
(56, 'mankey', 40, 80, 35, 35, 45, 70, 2, NULL),
(57, 'primeape', 65, 105, 60, 60, 70, 95, 2, NULL),
(58, 'growlithe', 55, 70, 45, 70, 50, 60, 10, NULL),
(59, 'arcanine', 90, 110, 80, 100, 80, 95, 10, NULL),
(60, 'poliwag', 40, 50, 40, 40, 40, 90, 11, NULL),
(61, 'poliwhirl', 65, 65, 65, 50, 50, 90, 11, NULL),
(62, 'poliwrath', 90, 95, 95, 70, 90, 70, 11, 2),
(63, 'abra', 25, 20, 15, 105, 55, 90, 14, NULL),
(64, 'kadabra', 40, 35, 30, 120, 70, 105, 14, NULL),
(65, 'alakazam', 55, 50, 45, 135, 95, 120, 14, NULL),
(66, 'machop', 70, 80, 50, 35, 35, 35, 2, NULL),
(67, 'machoke', 80, 100, 70, 50, 60, 45, 2, NULL),
(68, 'machamp', 90, 130, 80, 65, 85, 55, 2, NULL),
(69, 'bellsprout', 50, 75, 35, 70, 30, 40, 12, 4),
(70, 'weepinbell', 65, 90, 50, 85, 45, 55, 12, 4),
(71, 'victreebel', 80, 105, 65, 100, 70, 70, 12, 4),
(72, 'tentacool', 40, 40, 35, 50, 100, 70, 11, 4),
(73, 'tentacruel', 80, 70, 65, 80, 120, 100, 11, 4),
(74, 'geodude', 40, 80, 100, 30, 30, 20, 6, 5),
(75, 'graveler', 55, 95, 115, 45, 45, 35, 6, 5),
(76, 'golem', 80, 120, 130, 55, 65, 45, 6, 5),
(77, 'ponyta', 50, 85, 55, 65, 65, 90, 10, NULL),
(78, 'rapidash', 65, 100, 70, 80, 80, 105, 10, NULL),
(79, 'slowpoke', 90, 65, 65, 40, 40, 15, 11, 14),
(80, 'slowbro', 95, 75, 110, 100, 80, 30, 11, 14),
(81, 'magnemite', 25, 35, 70, 95, 55, 45, 13, 9),
(82, 'magneton', 50, 60, 95, 120, 70, 70, 13, 9),
(83, 'farfetchd', 52, 90, 55, 58, 62, 60, 1, 3),
(84, 'doduo', 35, 85, 45, 35, 35, 75, 1, 3),
(85, 'dodrio', 60, 110, 70, 60, 60, 110, 1, 3),
(86, 'seel', 65, 45, 55, 45, 70, 45, 11, NULL),
(87, 'dewgong', 90, 70, 80, 70, 95, 70, 11, 15),
(88, 'grimer', 80, 80, 50, 40, 50, 25, 4, NULL),
(89, 'muk', 105, 105, 75, 65, 100, 50, 4, NULL),
(90, 'shellder', 30, 65, 100, 45, 25, 40, 11, NULL),
(91, 'cloyster', 50, 95, 180, 85, 45, 70, 11, 15),
(92, 'gastly', 30, 35, 30, 100, 35, 80, 8, 4),
(93, 'haunter', 45, 50, 45, 115, 55, 95, 8, 4),
(94, 'gengar', 60, 65, 60, 130, 75, 110, 8, 4),
(95, 'onix', 35, 45, 160, 30, 45, 70, 6, 5),
(96, 'drowzee', 60, 48, 45, 43, 90, 42, 14, NULL),
(97, 'hypno', 85, 73, 70, 73, 115, 67, 14, NULL),
(98, 'krabby', 30, 105, 90, 25, 25, 50, 11, NULL),
(99, 'kingler', 55, 130, 115, 50, 50, 75, 11, NULL),
(100, 'voltorb', 40, 30, 50, 55, 55, 100, 13, NULL),
(101, 'electrode', 60, 50, 70, 80, 80, 150, 13, NULL),
(102, 'exeggcute', 60, 40, 80, 60, 45, 40, 12, 14),
(103, 'exeggutor', 95, 95, 85, 125, 75, 55, 12, 14),
(104, 'cubone', 50, 50, 95, 40, 50, 35, 5, NULL),
(105, 'marowak', 60, 80, 110, 50, 80, 45, 5, NULL),
(106, 'hitmonlee', 50, 120, 53, 35, 110, 87, 2, NULL),
(107, 'hitmonchan', 50, 105, 79, 35, 110, 76, 2, NULL),
(108, 'lickitung', 90, 55, 75, 60, 75, 30, 1, NULL),
(109, 'koffing', 40, 65, 95, 60, 45, 35, 4, NULL),
(110, 'weezing', 65, 90, 120, 85, 70, 60, 4, NULL),
(111, 'rhyhorn', 80, 85, 95, 30, 30, 25, 5, 6),
(112, 'rhydon', 105, 130, 120, 45, 45, 40, 5, 6),
(113, 'chansey', 250, 5, 5, 35, 105, 50, 1, NULL),
(114, 'tangela', 65, 55, 115, 100, 40, 60, 12, NULL),
(115, 'kangaskhan', 105, 95, 80, 40, 80, 90, 1, NULL),
(116, 'horsea', 30, 40, 70, 70, 25, 60, 11, NULL),
(117, 'seadra', 55, 65, 95, 95, 45, 85, 11, NULL),
(118, 'goldeen', 45, 67, 60, 35, 50, 63, 11, NULL),
(119, 'seaking', 80, 92, 65, 65, 80, 68, 11, NULL),
(120, 'staryu', 30, 45, 55, 70, 55, 85, 11, NULL),
(121, 'starmie', 60, 75, 85, 100, 85, 115, 11, 14),
(122, 'mr-mime', 40, 45, 65, 100, 120, 90, 14, 18),
(123, 'scyther', 70, 110, 80, 55, 80, 105, 7, 3),
(124, 'jynx', 65, 50, 35, 115, 95, 95, 15, 14),
(125, 'electabuzz', 65, 83, 57, 95, 85, 105, 13, NULL),
(126, 'magmar', 65, 95, 57, 100, 85, 93, 10, NULL),
(127, 'pinsir', 65, 125, 100, 55, 70, 85, 7, NULL),
(128, 'tauros', 75, 100, 95, 40, 70, 110, 1, NULL),
(129, 'magikarp', 20, 10, 55, 15, 20, 80, 11, NULL),
(130, 'gyarados', 95, 125, 79, 60, 100, 81, 11, 3),
(131, 'lapras', 130, 85, 80, 85, 95, 60, 11, 15),
(132, 'ditto', 48, 48, 48, 48, 48, 48, 1, NULL),
(133, 'eevee', 55, 55, 50, 45, 65, 55, 1, NULL),
(134, 'vaporeon', 130, 65, 60, 110, 95, 65, 11, NULL),
(135, 'jolteon', 65, 65, 60, 110, 95, 130, 13, NULL),
(136, 'flareon', 65, 130, 60, 95, 110, 65, 10, NULL),
(137, 'porygon', 65, 60, 70, 85, 75, 40, 1, NULL),
(138, 'omanyte', 35, 40, 100, 90, 55, 35, 6, 11),
(139, 'omastar', 70, 60, 125, 115, 70, 55, 6, 11),
(140, 'kabuto', 30, 80, 90, 55, 45, 55, 6, 11),
(141, 'kabutops', 60, 115, 105, 65, 70, 80, 6, 11),
(142, 'aerodactyl', 80, 105, 65, 60, 75, 130, 6, 3),
(143, 'snorlax', 160, 110, 65, 65, 110, 30, 1, NULL),
(144, 'articuno', 90, 85, 100, 95, 125, 85, 15, 3),
(145, 'zapdos', 90, 90, 85, 125, 90, 100, 13, 3),
(146, 'moltres', 90, 100, 90, 125, 85, 90, 10, 3),
(147, 'dratini', 41, 64, 45, 50, 50, 50, 16, NULL),
(148, 'dragonair', 61, 84, 65, 70, 70, 70, 16, NULL),
(149, 'dragonite', 91, 134, 95, 100, 100, 80, 16, 3),
(150, 'mewtwo', 106, 110, 90, 154, 90, 130, 14, NULL),
(151, 'mew', 100, 100, 100, 100, 100, 100, 14, NULL),
(152, 'chikorita', 45, 49, 65, 49, 65, 45, 12, NULL),
(153, 'bayleef', 60, 62, 80, 63, 80, 60, 12, NULL),
(154, 'meganium', 80, 82, 100, 83, 100, 80, 12, NULL),
(155, 'cyndaquil', 39, 52, 43, 60, 50, 65, 10, NULL),
(156, 'quilava', 58, 64, 58, 80, 65, 80, 10, NULL),
(157, 'typhlosion', 78, 84, 78, 109, 85, 100, 10, NULL),
(158, 'totodile', 50, 65, 64, 44, 48, 43, 11, NULL),
(159, 'croconaw', 65, 80, 80, 59, 63, 58, 11, NULL),
(160, 'feraligatr', 85, 105, 100, 79, 83, 78, 11, NULL),
(161, 'sentret', 35, 46, 34, 35, 45, 20, 1, NULL),
(162, 'furret', 85, 76, 64, 45, 55, 90, 1, NULL),
(163, 'hoothoot', 60, 30, 30, 36, 56, 50, 1, 3),
(164, 'noctowl', 100, 50, 50, 86, 96, 70, 1, 3),
(165, 'ledyba', 40, 20, 30, 40, 80, 55, 7, 3),
(166, 'ledian', 55, 35, 50, 55, 110, 85, 7, 3),
(167, 'spinarak', 40, 60, 40, 40, 40, 30, 7, 4),
(168, 'ariados', 70, 90, 70, 60, 70, 40, 7, 4),
(169, 'crobat', 85, 90, 80, 70, 80, 130, 4, 3),
(170, 'chinchou', 75, 38, 38, 56, 56, 67, 11, 13),
(171, 'lanturn', 125, 58, 58, 76, 76, 67, 11, 13),
(172, 'pichu', 20, 40, 15, 35, 35, 60, 13, NULL),
(173, 'cleffa', 50, 25, 28, 45, 55, 15, 18, NULL),
(174, 'igglybuff', 90, 30, 15, 40, 20, 15, 1, 18),
(175, 'togepi', 35, 20, 65, 40, 65, 20, 18, NULL),
(176, 'togetic', 55, 40, 85, 80, 105, 40, 18, 3),
(177, 'natu', 40, 50, 45, 70, 45, 70, 14, 3),
(178, 'xatu', 65, 75, 70, 95, 70, 95, 14, 3),
(179, 'mareep', 55, 40, 40, 65, 45, 35, 13, NULL),
(180, 'flaaffy', 70, 55, 55, 80, 60, 45, 13, NULL),
(181, 'ampharos', 90, 75, 85, 115, 90, 55, 13, NULL),
(182, 'bellossom', 75, 80, 95, 90, 100, 50, 12, NULL),
(183, 'marill', 70, 20, 50, 20, 50, 40, 11, 18),
(184, 'azumarill', 100, 50, 80, 60, 80, 50, 11, 18),
(185, 'sudowoodo', 70, 100, 115, 30, 65, 30, 6, NULL),
(186, 'politoed', 90, 75, 75, 90, 100, 70, 11, NULL),
(187, 'hoppip', 35, 35, 40, 35, 55, 50, 12, 3),
(188, 'skiploom', 55, 45, 50, 45, 65, 80, 12, 3),
(189, 'jumpluff', 75, 55, 70, 55, 95, 110, 12, 3),
(190, 'aipom', 55, 70, 55, 40, 55, 85, 1, NULL),
(191, 'sunkern', 30, 30, 30, 30, 30, 30, 12, NULL),
(192, 'sunflora', 75, 75, 55, 105, 85, 30, 12, NULL),
(193, 'yanma', 65, 65, 45, 75, 45, 95, 7, 3),
(194, 'wooper', 55, 45, 45, 25, 25, 15, 11, 5),
(195, 'quagsire', 95, 85, 85, 65, 65, 35, 11, 5),
(196, 'espeon', 65, 65, 60, 130, 95, 110, 14, NULL),
(197, 'umbreon', 95, 65, 110, 60, 130, 65, 17, NULL),
(198, 'murkrow', 60, 85, 42, 85, 42, 91, 17, 3),
(199, 'slowking', 95, 75, 80, 100, 110, 30, 11, 14),
(200, 'misdreavus', 60, 60, 60, 85, 85, 85, 8, NULL),
(201, 'unown', 48, 72, 48, 72, 48, 48, 14, NULL),
(202, 'wobbuffet', 190, 33, 58, 33, 58, 33, 14, NULL),
(203, 'girafarig', 70, 80, 65, 90, 65, 85, 1, 14),
(204, 'pineco', 50, 65, 90, 35, 35, 15, 7, NULL),
(205, 'forretress', 75, 90, 140, 60, 60, 40, 7, 9),
(206, 'dunsparce', 100, 70, 70, 65, 65, 45, 1, NULL),
(207, 'gligar', 65, 75, 105, 35, 65, 85, 5, 3),
(208, 'steelix', 75, 85, 200, 55, 65, 30, 9, 5),
(209, 'snubbull', 60, 80, 50, 40, 40, 30, 18, NULL),
(210, 'granbull', 90, 120, 75, 60, 60, 45, 18, NULL),
(211, 'qwilfish', 65, 95, 85, 55, 55, 85, 11, 4),
(212, 'scizor', 70, 130, 100, 55, 80, 65, 7, 9),
(213, 'shuckle', 20, 10, 230, 10, 230, 5, 7, 6),
(214, 'heracross', 80, 125, 75, 40, 95, 85, 7, 2),
(215, 'sneasel', 55, 95, 55, 35, 75, 115, 17, 15),
(216, 'teddiursa', 60, 80, 50, 50, 50, 40, 1, NULL),
(217, 'ursaring', 90, 130, 75, 75, 75, 55, 1, NULL),
(218, 'slugma', 40, 40, 40, 70, 40, 20, 10, NULL),
(219, 'magcargo', 60, 50, 120, 90, 80, 30, 10, 6),
(220, 'swinub', 50, 50, 40, 30, 30, 50, 15, 5),
(221, 'piloswine', 100, 100, 80, 60, 60, 50, 15, 5),
(222, 'corsola', 65, 55, 95, 65, 95, 35, 11, 6),
(223, 'remoraid', 35, 65, 35, 65, 35, 65, 11, NULL),
(224, 'octillery', 75, 105, 75, 105, 75, 45, 11, NULL),
(225, 'delibird', 45, 55, 45, 65, 45, 75, 15, 3),
(226, 'mantine', 85, 40, 70, 80, 140, 70, 11, 3),
(227, 'skarmory', 65, 80, 140, 40, 70, 70, 9, 3),
(228, 'houndour', 45, 60, 30, 80, 50, 65, 17, 10),
(229, 'houndoom', 75, 90, 50, 110, 80, 95, 17, 10),
(230, 'kingdra', 75, 95, 95, 95, 95, 85, 11, 16),
(231, 'phanpy', 90, 60, 60, 40, 40, 40, 5, NULL),
(232, 'donphan', 90, 120, 120, 60, 60, 50, 5, NULL),
(233, 'porygon2', 85, 80, 90, 105, 95, 60, 1, NULL),
(234, 'stantler', 73, 95, 62, 85, 65, 85, 1, NULL),
(235, 'smeargle', 55, 20, 35, 20, 45, 75, 1, NULL),
(236, 'tyrogue', 35, 35, 35, 35, 35, 35, 2, NULL),
(237, 'hitmontop', 50, 95, 95, 35, 110, 70, 2, NULL),
(238, 'smoochum', 45, 30, 15, 85, 65, 65, 15, 14),
(239, 'elekid', 45, 63, 37, 65, 55, 95, 13, NULL),
(240, 'magby', 45, 75, 37, 70, 55, 83, 10, NULL),
(241, 'miltank', 95, 80, 105, 40, 70, 100, 1, NULL),
(242, 'blissey', 255, 10, 10, 75, 135, 55, 1, NULL),
(243, 'raikou', 90, 85, 75, 115, 100, 115, 13, NULL),
(244, 'entei', 115, 115, 85, 90, 75, 100, 10, NULL),
(245, 'suicune', 100, 75, 115, 90, 115, 85, 11, NULL),
(246, 'larvitar', 50, 64, 50, 45, 50, 41, 6, 5),
(247, 'pupitar', 70, 84, 70, 65, 70, 51, 6, 5),
(248, 'tyranitar', 100, 134, 110, 95, 100, 61, 6, 17),
(249, 'lugia', 106, 90, 130, 90, 154, 110, 14, 3),
(250, 'ho-oh', 106, 130, 90, 110, 154, 90, 10, 3),
(251, 'celebi', 100, 100, 100, 100, 100, 100, 14, 12),
(252, 'treecko', 40, 45, 35, 65, 55, 70, 12, NULL),
(253, 'grovyle', 50, 65, 45, 85, 65, 95, 12, NULL),
(254, 'sceptile', 70, 85, 65, 105, 85, 120, 12, NULL),
(255, 'torchic', 45, 60, 40, 70, 50, 45, 10, NULL),
(256, 'combusken', 60, 85, 60, 85, 60, 55, 10, 2),
(257, 'blaziken', 80, 120, 70, 110, 70, 80, 10, 2),
(258, 'mudkip', 50, 70, 50, 50, 50, 40, 11, NULL),
(259, 'marshtomp', 70, 85, 70, 60, 70, 50, 11, 5),
(260, 'swampert', 100, 110, 90, 85, 90, 60, 11, 5),
(261, 'poochyena', 35, 55, 35, 30, 30, 35, 17, NULL),
(262, 'mightyena', 70, 90, 70, 60, 60, 70, 17, NULL),
(263, 'zigzagoon', 38, 30, 41, 30, 41, 60, 1, NULL),
(264, 'linoone', 78, 70, 61, 50, 61, 100, 1, NULL),
(265, 'wurmple', 45, 45, 35, 20, 30, 20, 7, NULL),
(266, 'silcoon', 50, 35, 55, 25, 25, 15, 7, NULL),
(267, 'beautifly', 60, 70, 50, 100, 50, 65, 7, 3),
(268, 'cascoon', 50, 35, 55, 25, 25, 15, 7, NULL),
(269, 'dustox', 60, 50, 70, 50, 90, 65, 7, 4),
(270, 'lotad', 40, 30, 30, 40, 50, 30, 11, 12),
(271, 'lombre', 60, 50, 50, 60, 70, 50, 11, 12),
(272, 'ludicolo', 80, 70, 70, 90, 100, 70, 11, 12),
(273, 'seedot', 40, 40, 50, 30, 30, 30, 12, NULL),
(274, 'nuzleaf', 70, 70, 40, 60, 40, 60, 12, 17),
(275, 'shiftry', 90, 100, 60, 90, 60, 80, 12, 17),
(276, 'taillow', 40, 55, 30, 30, 30, 85, 1, 3),
(277, 'swellow', 60, 85, 60, 75, 50, 125, 1, 3),
(278, 'wingull', 40, 30, 30, 55, 30, 85, 11, 3),
(279, 'pelipper', 60, 50, 100, 95, 70, 65, 11, 3),
(280, 'ralts', 28, 25, 25, 45, 35, 40, 14, 18),
(281, 'kirlia', 38, 35, 35, 65, 55, 50, 14, 18),
(282, 'gardevoir', 68, 65, 65, 125, 115, 80, 14, 18),
(283, 'surskit', 40, 30, 32, 50, 52, 65, 7, 11),
(284, 'masquerain', 70, 60, 62, 100, 82, 80, 7, 3),
(285, 'shroomish', 60, 40, 60, 40, 60, 35, 12, NULL),
(286, 'breloom', 60, 130, 80, 60, 60, 70, 12, 2),
(287, 'slakoth', 60, 60, 60, 35, 35, 30, 1, NULL),
(288, 'vigoroth', 80, 80, 80, 55, 55, 90, 1, NULL),
(289, 'slaking', 150, 160, 100, 95, 65, 100, 1, NULL),
(290, 'nincada', 31, 45, 90, 30, 30, 40, 7, 5),
(291, 'ninjask', 61, 90, 45, 50, 50, 160, 7, 3),
(292, 'shedinja', 1, 90, 45, 30, 30, 40, 7, 8),
(293, 'whismur', 64, 51, 23, 51, 23, 28, 1, NULL),
(294, 'loudred', 84, 71, 43, 71, 43, 48, 1, NULL),
(295, 'exploud', 104, 91, 63, 91, 73, 68, 1, NULL),
(296, 'makuhita', 72, 60, 30, 20, 30, 25, 2, NULL),
(297, 'hariyama', 144, 120, 60, 40, 60, 50, 2, NULL),
(298, 'azurill', 50, 20, 40, 20, 40, 20, 1, 18),
(299, 'nosepass', 30, 45, 135, 45, 90, 30, 6, NULL),
(300, 'skitty', 50, 45, 45, 35, 35, 50, 1, NULL),
(301, 'delcatty', 70, 65, 65, 55, 55, 90, 1, NULL),
(302, 'sableye', 50, 75, 75, 65, 65, 50, 17, 8),
(303, 'mawile', 50, 85, 85, 55, 55, 50, 9, 18),
(304, 'aron', 50, 70, 100, 40, 40, 30, 9, 6),
(305, 'lairon', 60, 90, 140, 50, 50, 40, 9, 6),
(306, 'aggron', 70, 110, 180, 60, 60, 50, 9, 6),
(307, 'meditite', 30, 40, 55, 40, 55, 60, 2, 14),
(308, 'medicham', 60, 60, 75, 60, 75, 80, 2, 14),
(309, 'electrike', 40, 45, 40, 65, 40, 65, 13, NULL),
(310, 'manectric', 70, 75, 60, 105, 60, 105, 13, NULL),
(311, 'plusle', 60, 50, 40, 85, 75, 95, 13, NULL),
(312, 'minun', 60, 40, 50, 75, 85, 95, 13, NULL),
(313, 'volbeat', 65, 73, 75, 47, 85, 85, 7, NULL),
(314, 'illumise', 65, 47, 75, 73, 85, 85, 7, NULL),
(315, 'roselia', 50, 60, 45, 100, 80, 65, 12, 4),
(316, 'gulpin', 70, 43, 53, 43, 53, 40, 4, NULL),
(317, 'swalot', 100, 73, 83, 73, 83, 55, 4, NULL),
(318, 'carvanha', 45, 90, 20, 65, 20, 65, 11, 17),
(319, 'sharpedo', 70, 120, 40, 95, 40, 95, 11, 17),
(320, 'wailmer', 130, 70, 35, 70, 35, 60, 11, NULL),
(321, 'wailord', 170, 90, 45, 90, 45, 60, 11, NULL),
(322, 'numel', 60, 60, 40, 65, 45, 35, 10, 5),
(323, 'camerupt', 70, 100, 70, 105, 75, 40, 10, 5),
(324, 'torkoal', 70, 85, 140, 85, 70, 20, 10, NULL),
(325, 'spoink', 60, 25, 35, 70, 80, 60, 14, NULL),
(326, 'grumpig', 80, 45, 65, 90, 110, 80, 14, NULL),
(327, 'spinda', 60, 60, 60, 60, 60, 60, 1, NULL),
(328, 'trapinch', 45, 100, 45, 45, 45, 10, 5, NULL),
(329, 'vibrava', 50, 70, 50, 50, 50, 70, 5, 16),
(330, 'flygon', 80, 100, 80, 80, 80, 100, 5, 16),
(331, 'cacnea', 50, 85, 40, 85, 40, 35, 12, NULL),
(332, 'cacturne', 70, 115, 60, 115, 60, 55, 12, 17),
(333, 'swablu', 45, 40, 60, 40, 75, 50, 1, 3),
(334, 'altaria', 75, 70, 90, 70, 105, 80, 16, 3),
(335, 'zangoose', 73, 115, 60, 60, 60, 90, 1, NULL),
(336, 'seviper', 73, 100, 60, 100, 60, 65, 4, NULL),
(337, 'lunatone', 90, 55, 65, 95, 85, 70, 6, 14),
(338, 'solrock', 90, 95, 85, 55, 65, 70, 6, 14),
(339, 'barboach', 50, 48, 43, 46, 41, 60, 11, 5),
(340, 'whiscash', 110, 78, 73, 76, 71, 60, 11, 5),
(341, 'corphish', 43, 80, 65, 50, 35, 35, 11, NULL),
(342, 'crawdaunt', 63, 120, 85, 90, 55, 55, 11, 17),
(343, 'baltoy', 40, 40, 55, 40, 70, 55, 5, 14),
(344, 'claydol', 60, 70, 105, 70, 120, 75, 5, 14),
(345, 'lileep', 66, 41, 77, 61, 87, 23, 6, 12),
(346, 'cradily', 86, 81, 97, 81, 107, 43, 6, 12),
(347, 'anorith', 45, 95, 50, 40, 50, 75, 6, 7),
(348, 'armaldo', 75, 125, 100, 70, 80, 45, 6, 7),
(349, 'feebas', 20, 15, 20, 10, 55, 80, 11, NULL),
(350, 'milotic', 95, 60, 79, 100, 125, 81, 11, NULL),
(351, 'castform', 70, 70, 70, 70, 70, 70, 1, NULL),
(352, 'kecleon', 60, 90, 70, 60, 120, 40, 1, NULL),
(353, 'shuppet', 44, 75, 35, 63, 33, 45, 8, NULL),
(354, 'banette', 64, 115, 65, 83, 63, 65, 8, NULL),
(355, 'duskull', 20, 40, 90, 30, 90, 25, 8, NULL),
(356, 'dusclops', 40, 70, 130, 60, 130, 25, 8, NULL),
(357, 'tropius', 99, 68, 83, 72, 87, 51, 12, 3),
(358, 'chimecho', 75, 50, 80, 95, 90, 65, 14, NULL),
(359, 'absol', 65, 130, 60, 75, 60, 75, 17, NULL),
(360, 'wynaut', 95, 23, 48, 23, 48, 23, 14, NULL),
(361, 'snorunt', 50, 50, 50, 50, 50, 50, 15, NULL),
(362, 'glalie', 80, 80, 80, 80, 80, 80, 15, NULL),
(363, 'spheal', 70, 40, 50, 55, 50, 25, 15, 11),
(364, 'sealeo', 90, 60, 70, 75, 70, 45, 15, 11),
(365, 'walrein', 110, 80, 90, 95, 90, 65, 15, 11),
(366, 'clamperl', 35, 64, 85, 74, 55, 32, 11, NULL),
(367, 'huntail', 55, 104, 105, 94, 75, 52, 11, NULL),
(368, 'gorebyss', 55, 84, 105, 114, 75, 52, 11, NULL),
(369, 'relicanth', 100, 90, 130, 45, 65, 55, 11, 6),
(370, 'luvdisc', 43, 30, 55, 40, 65, 97, 11, NULL),
(371, 'bagon', 45, 75, 60, 40, 30, 50, 16, NULL),
(372, 'shelgon', 65, 95, 100, 60, 50, 50, 16, NULL),
(373, 'salamence', 95, 135, 80, 110, 80, 100, 16, 3),
(374, 'beldum', 40, 55, 80, 35, 60, 30, 9, 14),
(375, 'metang', 60, 75, 100, 55, 80, 50, 9, 14),
(376, 'metagross', 80, 135, 130, 95, 90, 70, 9, 14),
(377, 'regirock', 80, 100, 200, 50, 100, 50, 6, NULL),
(378, 'regice', 80, 50, 100, 100, 200, 50, 15, NULL),
(379, 'registeel', 80, 75, 150, 75, 150, 50, 9, NULL),
(380, 'latias', 80, 80, 90, 110, 130, 110, 16, 14),
(381, 'latios', 80, 90, 80, 130, 110, 110, 16, 14),
(382, 'kyogre', 100, 100, 90, 150, 140, 90, 11, NULL),
(383, 'groudon', 100, 150, 140, 100, 90, 90, 5, NULL),
(384, 'rayquaza', 105, 150, 90, 150, 90, 95, 16, 3),
(385, 'jirachi', 100, 100, 100, 100, 100, 100, 9, 14),
(386, 'deoxys-normal', 50, 150, 50, 150, 50, 150, 14, NULL),
(387, 'turtwig', 55, 68, 64, 45, 55, 31, 12, NULL),
(388, 'grotle', 75, 89, 85, 55, 65, 36, 12, NULL),
(389, 'torterra', 95, 109, 105, 75, 85, 56, 12, 5),
(390, 'chimchar', 44, 58, 44, 58, 44, 61, 10, NULL),
(391, 'monferno', 64, 78, 52, 78, 52, 81, 10, 2),
(392, 'infernape', 76, 104, 71, 104, 71, 108, 10, 2),
(393, 'piplup', 53, 51, 53, 61, 56, 40, 11, NULL),
(394, 'prinplup', 64, 66, 68, 81, 76, 50, 11, NULL),
(395, 'empoleon', 84, 86, 88, 111, 101, 60, 11, 9),
(396, 'starly', 40, 55, 30, 30, 30, 60, 1, 3),
(397, 'staravia', 55, 75, 50, 40, 40, 80, 1, 3),
(398, 'staraptor', 85, 120, 70, 50, 60, 100, 1, 3),
(399, 'bidoof', 59, 45, 40, 35, 40, 31, 1, NULL),
(400, 'bibarel', 79, 85, 60, 55, 60, 71, 1, 11),
(401, 'kricketot', 37, 25, 41, 25, 41, 25, 7, NULL),
(402, 'kricketune', 77, 85, 51, 55, 51, 65, 7, NULL),
(403, 'shinx', 45, 65, 34, 40, 34, 45, 13, NULL),
(404, 'luxio', 60, 85, 49, 60, 49, 60, 13, NULL),
(405, 'luxray', 80, 120, 79, 95, 79, 70, 13, NULL),
(406, 'budew', 40, 30, 35, 50, 70, 55, 12, 4),
(407, 'roserade', 60, 70, 65, 125, 105, 90, 12, 4),
(408, 'cranidos', 67, 125, 40, 30, 30, 58, 6, NULL),
(409, 'rampardos', 97, 165, 60, 65, 50, 58, 6, NULL),
(410, 'shieldon', 30, 42, 118, 42, 88, 30, 6, 9),
(411, 'bastiodon', 60, 52, 168, 47, 138, 30, 6, 9),
(412, 'burmy', 40, 29, 45, 29, 45, 36, 7, NULL),
(413, 'wormadam-plant', 60, 59, 85, 79, 105, 36, 7, 12),
(414, 'mothim', 70, 94, 50, 94, 50, 66, 7, 3),
(415, 'combee', 30, 30, 42, 30, 42, 70, 7, 3),
(416, 'vespiquen', 70, 80, 102, 80, 102, 40, 7, 3),
(417, 'pachirisu', 60, 45, 70, 45, 90, 95, 13, NULL),
(418, 'buizel', 55, 65, 35, 60, 30, 85, 11, NULL),
(419, 'floatzel', 85, 105, 55, 85, 50, 115, 11, NULL),
(420, 'cherubi', 45, 35, 45, 62, 53, 35, 12, NULL),
(421, 'cherrim', 70, 60, 70, 87, 78, 85, 12, NULL),
(422, 'shellos', 76, 48, 48, 57, 62, 34, 11, NULL),
(423, 'gastrodon', 111, 83, 68, 92, 82, 39, 11, 5),
(424, 'ambipom', 75, 100, 66, 60, 66, 115, 1, NULL),
(425, 'drifloon', 90, 50, 34, 60, 44, 70, 8, 3),
(426, 'drifblim', 150, 80, 44, 90, 54, 80, 8, 3),
(427, 'buneary', 55, 66, 44, 44, 56, 85, 1, NULL),
(428, 'lopunny', 65, 76, 84, 54, 96, 105, 1, NULL),
(429, 'mismagius', 60, 60, 60, 105, 105, 105, 8, NULL),
(430, 'honchkrow', 100, 125, 52, 105, 52, 71, 17, 3),
(431, 'glameow', 49, 55, 42, 42, 37, 85, 1, NULL),
(432, 'purugly', 71, 82, 64, 64, 59, 112, 1, NULL),
(433, 'chingling', 45, 30, 50, 65, 50, 45, 14, NULL),
(434, 'stunky', 63, 63, 47, 41, 41, 74, 4, 17),
(435, 'skuntank', 103, 93, 67, 71, 61, 84, 4, 17),
(436, 'bronzor', 57, 24, 86, 24, 86, 23, 9, 14),
(437, 'bronzong', 67, 89, 116, 79, 116, 33, 9, 14),
(438, 'bonsly', 50, 80, 95, 10, 45, 10, 6, NULL),
(439, 'mime-jr', 20, 25, 45, 70, 90, 60, 14, 18),
(440, 'happiny', 100, 5, 5, 15, 65, 30, 1, NULL),
(441, 'chatot', 76, 65, 45, 92, 42, 91, 1, 3),
(442, 'spiritomb', 50, 92, 108, 92, 108, 35, 8, 17),
(443, 'gible', 58, 70, 45, 40, 45, 42, 16, 5),
(444, 'gabite', 68, 90, 65, 50, 55, 82, 16, 5),
(445, 'garchomp', 108, 130, 95, 80, 85, 102, 16, 5),
(446, 'munchlax', 135, 85, 40, 40, 85, 5, 1, NULL),
(447, 'riolu', 40, 70, 40, 35, 40, 60, 2, NULL),
(448, 'lucario', 70, 110, 70, 115, 70, 90, 2, 9),
(449, 'hippopotas', 68, 72, 78, 38, 42, 32, 5, NULL),
(450, 'hippowdon', 108, 112, 118, 68, 72, 47, 5, NULL),
(451, 'skorupi', 40, 50, 90, 30, 55, 65, 4, 7),
(452, 'drapion', 70, 90, 110, 60, 75, 95, 4, 17),
(453, 'croagunk', 48, 61, 40, 61, 40, 50, 4, 2),
(454, 'toxicroak', 83, 106, 65, 86, 65, 85, 4, 2),
(455, 'carnivine', 74, 100, 72, 90, 72, 46, 12, NULL),
(456, 'finneon', 49, 49, 56, 49, 61, 66, 11, NULL),
(457, 'lumineon', 69, 69, 76, 69, 86, 91, 11, NULL),
(458, 'mantyke', 45, 20, 50, 60, 120, 50, 11, 3),
(459, 'snover', 60, 62, 50, 62, 60, 40, 12, 15),
(460, 'abomasnow', 90, 92, 75, 92, 85, 60, 12, 15),
(461, 'weavile', 70, 120, 65, 45, 85, 125, 17, 15),
(462, 'magnezone', 70, 70, 115, 130, 90, 60, 13, 9),
(463, 'lickilicky', 110, 85, 95, 80, 95, 50, 1, NULL),
(464, 'rhyperior', 115, 140, 130, 55, 55, 40, 5, 6),
(465, 'tangrowth', 100, 100, 125, 110, 50, 50, 12, NULL),
(466, 'electivire', 75, 123, 67, 95, 85, 95, 13, NULL),
(467, 'magmortar', 75, 95, 67, 125, 95, 83, 10, NULL),
(468, 'togekiss', 85, 50, 95, 120, 115, 80, 18, 3),
(469, 'yanmega', 86, 76, 86, 116, 56, 95, 7, 3),
(470, 'leafeon', 65, 110, 130, 60, 65, 95, 12, NULL),
(471, 'glaceon', 65, 60, 110, 130, 95, 65, 15, NULL),
(472, 'gliscor', 75, 95, 125, 45, 75, 95, 5, 3),
(473, 'mamoswine', 110, 130, 80, 70, 60, 80, 15, 5),
(474, 'porygon-z', 85, 80, 70, 135, 75, 90, 1, NULL),
(475, 'gallade', 68, 125, 65, 65, 115, 80, 14, 2),
(476, 'probopass', 60, 55, 145, 75, 150, 40, 6, 9),
(477, 'dusknoir', 45, 100, 135, 65, 135, 45, 8, NULL),
(478, 'froslass', 70, 80, 70, 80, 70, 110, 15, 8),
(479, 'rotom', 50, 50, 77, 95, 77, 91, 13, 8),
(480, 'uxie', 75, 75, 130, 75, 130, 95, 14, NULL),
(481, 'mesprit', 80, 105, 105, 105, 105, 80, 14, NULL),
(482, 'azelf', 75, 125, 70, 125, 70, 115, 14, NULL),
(483, 'dialga', 100, 120, 120, 150, 100, 90, 9, 16),
(484, 'palkia', 90, 120, 100, 150, 120, 100, 11, 16),
(485, 'heatran', 91, 90, 106, 130, 106, 77, 10, 9),
(486, 'regigigas', 110, 160, 110, 80, 110, 100, 1, NULL),
(487, 'giratina-altered', 150, 100, 120, 100, 120, 90, 8, 16),
(488, 'cresselia', 120, 70, 120, 75, 130, 85, 14, NULL),
(489, 'phione', 80, 80, 80, 80, 80, 80, 11, NULL),
(490, 'manaphy', 100, 100, 100, 100, 100, 100, 11, NULL),
(491, 'darkrai', 70, 90, 90, 135, 90, 125, 17, NULL),
(492, 'shaymin-land', 100, 100, 100, 100, 100, 100, 12, NULL),
(493, 'arceus', 120, 120, 120, 120, 120, 120, 1, NULL),
(494, 'victini', 100, 100, 100, 100, 100, 100, 14, 10),
(495, 'snivy', 45, 45, 55, 45, 55, 63, 12, NULL),
(496, 'servine', 60, 60, 75, 60, 75, 83, 12, NULL),
(497, 'serperior', 75, 75, 95, 75, 95, 113, 12, NULL),
(498, 'tepig', 65, 63, 45, 45, 45, 45, 10, NULL),
(499, 'pignite', 90, 93, 55, 70, 55, 55, 10, 2),
(500, 'emboar', 110, 123, 65, 100, 65, 65, 10, 2),
(501, 'oshawott', 55, 55, 45, 63, 45, 45, 11, NULL),
(502, 'dewott', 75, 75, 60, 83, 60, 60, 11, NULL),
(503, 'samurott', 95, 100, 85, 108, 70, 70, 11, NULL),
(504, 'patrat', 45, 55, 39, 35, 39, 42, 1, NULL),
(505, 'watchog', 60, 85, 69, 60, 69, 77, 1, NULL),
(506, 'lillipup', 45, 60, 45, 25, 45, 55, 1, NULL),
(507, 'herdier', 65, 80, 65, 35, 65, 60, 1, NULL),
(508, 'stoutland', 85, 110, 90, 45, 90, 80, 1, NULL),
(509, 'purrloin', 41, 50, 37, 50, 37, 66, 17, NULL),
(510, 'liepard', 64, 88, 50, 88, 50, 106, 17, NULL),
(511, 'pansage', 50, 53, 48, 53, 48, 64, 12, NULL),
(512, 'simisage', 75, 98, 63, 98, 63, 101, 12, NULL),
(513, 'pansear', 50, 53, 48, 53, 48, 64, 10, NULL),
(514, 'simisear', 75, 98, 63, 98, 63, 101, 10, NULL),
(515, 'panpour', 50, 53, 48, 53, 48, 64, 11, NULL),
(516, 'simipour', 75, 98, 63, 98, 63, 101, 11, NULL),
(517, 'munna', 76, 25, 45, 67, 55, 24, 14, NULL),
(518, 'musharna', 116, 55, 85, 107, 95, 29, 14, NULL),
(519, 'pidove', 50, 55, 50, 36, 30, 43, 1, 3),
(520, 'tranquill', 62, 77, 62, 50, 42, 65, 1, 3),
(521, 'unfezant', 80, 115, 80, 65, 55, 93, 1, 3),
(522, 'blitzle', 45, 60, 32, 50, 32, 76, 13, NULL),
(523, 'zebstrika', 75, 100, 63, 80, 63, 116, 13, NULL),
(524, 'roggenrola', 55, 75, 85, 25, 25, 15, 6, NULL),
(525, 'boldore', 70, 105, 105, 50, 40, 20, 6, NULL),
(526, 'gigalith', 85, 135, 130, 60, 80, 25, 6, NULL),
(527, 'woobat', 65, 45, 43, 55, 43, 72, 14, 3),
(528, 'swoobat', 67, 57, 55, 77, 55, 114, 14, 3),
(529, 'drilbur', 60, 85, 40, 30, 45, 68, 5, NULL),
(530, 'excadrill', 110, 135, 60, 50, 65, 88, 5, 9),
(531, 'audino', 103, 60, 86, 60, 86, 50, 1, NULL),
(532, 'timburr', 75, 80, 55, 25, 35, 35, 2, NULL),
(533, 'gurdurr', 85, 105, 85, 40, 50, 40, 2, NULL),
(534, 'conkeldurr', 105, 140, 95, 55, 65, 45, 2, NULL),
(535, 'tympole', 50, 50, 40, 50, 40, 64, 11, NULL),
(536, 'palpitoad', 75, 65, 55, 65, 55, 69, 11, 5),
(537, 'seismitoad', 105, 95, 75, 85, 75, 74, 11, 5),
(538, 'throh', 120, 100, 85, 30, 85, 45, 2, NULL),
(539, 'sawk', 75, 125, 75, 30, 75, 85, 2, NULL),
(540, 'sewaddle', 45, 53, 70, 40, 60, 42, 7, 12),
(541, 'swadloon', 55, 63, 90, 50, 80, 42, 7, 12),
(542, 'leavanny', 75, 103, 80, 70, 80, 92, 7, 12),
(543, 'venipede', 30, 45, 59, 30, 39, 57, 7, 4),
(544, 'whirlipede', 40, 55, 99, 40, 79, 47, 7, 4),
(545, 'scolipede', 60, 100, 89, 55, 69, 112, 7, 4),
(546, 'cottonee', 40, 27, 60, 37, 50, 66, 12, 18),
(547, 'whimsicott', 60, 67, 85, 77, 75, 116, 12, 18),
(548, 'petilil', 45, 35, 50, 70, 50, 30, 12, NULL),
(549, 'lilligant', 70, 60, 75, 110, 75, 90, 12, NULL),
(550, 'basculin-red-striped', 70, 92, 65, 80, 55, 98, 11, NULL),
(551, 'sandile', 50, 72, 35, 35, 35, 65, 5, 17),
(552, 'krokorok', 60, 82, 45, 45, 45, 74, 5, 17),
(553, 'krookodile', 95, 117, 80, 65, 70, 92, 5, 17),
(554, 'darumaka', 70, 90, 45, 15, 45, 50, 10, NULL),
(555, 'darmanitan-standard', 105, 140, 55, 30, 55, 95, 10, NULL),
(556, 'maractus', 75, 86, 67, 106, 67, 60, 12, NULL),
(557, 'dwebble', 50, 65, 85, 35, 35, 55, 7, 6),
(558, 'crustle', 70, 105, 125, 65, 75, 45, 7, 6),
(559, 'scraggy', 50, 75, 70, 35, 70, 48, 17, 2),
(560, 'scrafty', 65, 90, 115, 45, 115, 58, 17, 2),
(561, 'sigilyph', 72, 58, 80, 103, 80, 97, 14, 3),
(562, 'yamask', 38, 30, 85, 55, 65, 30, 8, NULL),
(563, 'cofagrigus', 58, 50, 145, 95, 105, 30, 8, NULL),
(564, 'tirtouga', 54, 78, 103, 53, 45, 22, 11, 6),
(565, 'carracosta', 74, 108, 133, 83, 65, 32, 11, 6),
(566, 'archen', 55, 112, 45, 74, 45, 70, 6, 3),
(567, 'archeops', 75, 140, 65, 112, 65, 110, 6, 3),
(568, 'trubbish', 50, 50, 62, 40, 62, 65, 4, NULL),
(569, 'garbodor', 80, 95, 82, 60, 82, 75, 4, NULL),
(570, 'zorua', 40, 65, 40, 80, 40, 65, 17, NULL),
(571, 'zoroark', 60, 105, 60, 120, 60, 105, 17, NULL),
(572, 'minccino', 55, 50, 40, 40, 40, 75, 1, NULL),
(573, 'cinccino', 75, 95, 60, 65, 60, 115, 1, NULL),
(574, 'gothita', 45, 30, 50, 55, 65, 45, 14, NULL),
(575, 'gothorita', 60, 45, 70, 75, 85, 55, 14, NULL),
(576, 'gothitelle', 70, 55, 95, 95, 110, 65, 14, NULL),
(577, 'solosis', 45, 30, 40, 105, 50, 20, 14, NULL),
(578, 'duosion', 65, 40, 50, 125, 60, 30, 14, NULL),
(579, 'reuniclus', 110, 65, 75, 125, 85, 30, 14, NULL),
(580, 'ducklett', 62, 44, 50, 44, 50, 55, 11, 3),
(581, 'swanna', 75, 87, 63, 87, 63, 98, 11, 3),
(582, 'vanillite', 36, 50, 50, 65, 60, 44, 15, NULL),
(583, 'vanillish', 51, 65, 65, 80, 75, 59, 15, NULL),
(584, 'vanilluxe', 71, 95, 85, 110, 95, 79, 15, NULL),
(585, 'deerling', 60, 60, 50, 40, 50, 75, 1, 12),
(586, 'sawsbuck', 80, 100, 70, 60, 70, 95, 1, 12),
(587, 'emolga', 55, 75, 60, 75, 60, 103, 13, 3),
(588, 'karrablast', 50, 75, 45, 40, 45, 60, 7, NULL),
(589, 'escavalier', 70, 135, 105, 60, 105, 20, 7, 9),
(590, 'foongus', 69, 55, 45, 55, 55, 15, 12, 4),
(591, 'amoonguss', 114, 85, 70, 85, 80, 30, 12, 4),
(592, 'frillish', 55, 40, 50, 65, 85, 40, 11, 8),
(593, 'jellicent', 100, 60, 70, 85, 105, 60, 11, 8),
(594, 'alomomola', 165, 75, 80, 40, 45, 65, 11, NULL),
(595, 'joltik', 50, 47, 50, 57, 50, 65, 7, 13),
(596, 'galvantula', 70, 77, 60, 97, 60, 108, 7, 13),
(597, 'ferroseed', 44, 50, 91, 24, 86, 10, 12, 9),
(598, 'ferrothorn', 74, 94, 131, 54, 116, 20, 12, 9),
(599, 'klink', 40, 55, 70, 45, 60, 30, 9, NULL),
(600, 'klang', 60, 80, 95, 70, 85, 50, 9, NULL),
(601, 'klinklang', 60, 100, 115, 70, 85, 90, 9, NULL),
(602, 'tynamo', 35, 55, 40, 45, 40, 60, 13, NULL),
(603, 'eelektrik', 65, 85, 70, 75, 70, 40, 13, NULL),
(604, 'eelektross', 85, 115, 80, 105, 80, 50, 13, NULL),
(605, 'elgyem', 55, 55, 55, 85, 55, 30, 14, NULL),
(606, 'beheeyem', 75, 75, 75, 125, 95, 40, 14, NULL),
(607, 'litwick', 50, 30, 55, 65, 55, 20, 8, 10),
(608, 'lampent', 60, 40, 60, 95, 60, 55, 8, 10),
(609, 'chandelure', 60, 55, 90, 145, 90, 80, 8, 10),
(610, 'axew', 46, 87, 60, 30, 40, 57, 16, NULL),
(611, 'fraxure', 66, 117, 70, 40, 50, 67, 16, NULL),
(612, 'haxorus', 76, 147, 90, 60, 70, 97, 16, NULL),
(613, 'cubchoo', 55, 70, 40, 60, 40, 40, 15, NULL),
(614, 'beartic', 95, 130, 80, 70, 80, 50, 15, NULL),
(615, 'cryogonal', 80, 50, 50, 95, 135, 105, 15, NULL),
(616, 'shelmet', 50, 40, 85, 40, 65, 25, 7, NULL),
(617, 'accelgor', 80, 70, 40, 100, 60, 145, 7, NULL),
(618, 'stunfisk', 109, 66, 84, 81, 99, 32, 5, 13),
(619, 'mienfoo', 45, 85, 50, 55, 50, 65, 2, NULL),
(620, 'mienshao', 65, 125, 60, 95, 60, 105, 2, NULL),
(621, 'druddigon', 77, 120, 90, 60, 90, 48, 16, NULL),
(622, 'golett', 59, 74, 50, 35, 50, 35, 5, 8),
(623, 'golurk', 89, 124, 80, 55, 80, 55, 5, 8),
(624, 'pawniard', 45, 85, 70, 40, 40, 60, 17, 9),
(625, 'bisharp', 65, 125, 100, 60, 70, 70, 17, 9),
(626, 'bouffalant', 95, 110, 95, 40, 95, 55, 1, NULL),
(627, 'rufflet', 70, 83, 50, 37, 50, 60, 1, 3),
(628, 'braviary', 100, 123, 75, 57, 75, 80, 1, 3),
(629, 'vullaby', 70, 55, 75, 45, 65, 60, 17, 3),
(630, 'mandibuzz', 110, 65, 105, 55, 95, 80, 17, 3),
(631, 'heatmor', 85, 97, 66, 105, 66, 65, 10, NULL),
(632, 'durant', 58, 109, 112, 48, 48, 109, 7, 9),
(633, 'deino', 52, 65, 50, 45, 50, 38, 17, 16),
(634, 'zweilous', 72, 85, 70, 65, 70, 58, 17, 16),
(635, 'hydreigon', 92, 105, 90, 125, 90, 98, 17, 16),
(636, 'larvesta', 55, 85, 55, 50, 55, 60, 7, 10),
(637, 'volcarona', 85, 60, 65, 135, 105, 100, 7, 10),
(638, 'cobalion', 91, 90, 129, 90, 72, 108, 9, 2),
(639, 'terrakion', 91, 129, 90, 72, 90, 108, 6, 2),
(640, 'virizion', 91, 90, 72, 90, 129, 108, 12, 2),
(641, 'tornadus-incarnate', 79, 115, 70, 125, 80, 111, 3, NULL),
(642, 'thundurus-incarnate', 79, 115, 70, 125, 80, 111, 13, 3),
(643, 'reshiram', 100, 120, 100, 150, 120, 90, 16, 10),
(644, 'zekrom', 100, 150, 120, 120, 100, 90, 16, 13),
(645, 'landorus-incarnate', 89, 125, 90, 115, 80, 101, 5, 3),
(646, 'kyurem', 125, 130, 90, 130, 90, 95, 16, 15),
(647, 'keldeo-ordinary', 91, 72, 90, 129, 90, 108, 11, 2),
(648, 'meloetta-aria', 100, 77, 77, 128, 128, 90, 1, 14),
(649, 'genesect', 71, 120, 95, 120, 95, 99, 7, 9),
(650, 'chespin', 56, 61, 65, 48, 45, 38, 12, NULL),
(651, 'quilladin', 61, 78, 95, 56, 58, 57, 12, NULL),
(652, 'chesnaught', 88, 107, 122, 74, 75, 64, 12, 2),
(653, 'fennekin', 40, 45, 40, 62, 60, 60, 10, NULL),
(654, 'braixen', 59, 59, 58, 90, 70, 73, 10, NULL),
(655, 'delphox', 75, 69, 72, 114, 100, 104, 10, 14),
(656, 'froakie', 41, 56, 40, 62, 44, 71, 11, NULL),
(657, 'frogadier', 54, 63, 52, 83, 56, 97, 11, NULL),
(658, 'greninja', 72, 95, 67, 103, 71, 122, 11, 17),
(659, 'bunnelby', 38, 36, 38, 32, 36, 57, 1, NULL),
(660, 'diggersby', 85, 56, 77, 50, 77, 78, 1, 5),
(661, 'fletchling', 45, 50, 43, 40, 38, 62, 1, 3),
(662, 'fletchinder', 62, 73, 55, 56, 52, 84, 10, 3),
(663, 'talonflame', 78, 81, 71, 74, 69, 126, 10, 3),
(664, 'scatterbug', 38, 35, 40, 27, 25, 35, 7, NULL),
(665, 'spewpa', 45, 22, 60, 27, 30, 29, 7, NULL),
(666, 'vivillon', 80, 52, 50, 90, 50, 89, 7, 3),
(667, 'litleo', 62, 50, 58, 73, 54, 72, 10, 1),
(668, 'pyroar', 86, 68, 72, 109, 66, 106, 10, 1),
(669, 'flabebe', 44, 38, 39, 61, 79, 42, 18, NULL),
(670, 'floette', 54, 45, 47, 75, 98, 52, 18, NULL),
(671, 'florges', 78, 65, 68, 112, 154, 75, 18, NULL),
(672, 'skiddo', 66, 65, 48, 62, 57, 52, 12, NULL),
(673, 'gogoat', 123, 100, 62, 97, 81, 68, 12, NULL),
(674, 'pancham', 67, 82, 62, 46, 48, 43, 2, NULL),
(675, 'pangoro', 95, 124, 78, 69, 71, 58, 2, 17),
(676, 'furfrou', 75, 80, 60, 65, 90, 102, 1, NULL),
(677, 'espurr', 62, 48, 54, 63, 60, 68, 14, NULL),
(678, 'meowstic-male', 74, 48, 76, 83, 81, 104, 14, NULL),
(679, 'honedge', 45, 80, 100, 35, 37, 28, 9, 8),
(680, 'doublade', 59, 110, 150, 45, 49, 35, 9, 8),
(681, 'aegislash-shield', 60, 50, 150, 50, 150, 60, 9, 8),
(682, 'spritzee', 78, 52, 60, 63, 65, 23, 18, NULL),
(683, 'aromatisse', 101, 72, 72, 99, 89, 29, 18, NULL),
(684, 'swirlix', 62, 48, 66, 59, 57, 49, 18, NULL),
(685, 'slurpuff', 82, 80, 86, 85, 75, 72, 18, NULL),
(686, 'inkay', 53, 54, 53, 37, 46, 45, 17, 14),
(687, 'malamar', 86, 92, 88, 68, 75, 73, 17, 14),
(688, 'binacle', 42, 52, 67, 39, 56, 50, 6, 11),
(689, 'barbaracle', 72, 105, 115, 54, 86, 68, 6, 11),
(690, 'skrelp', 50, 60, 60, 60, 60, 30, 4, 11),
(691, 'dragalge', 65, 75, 90, 97, 123, 44, 4, 16),
(692, 'clauncher', 50, 53, 62, 58, 63, 44, 11, NULL),
(693, 'clawitzer', 71, 73, 88, 120, 89, 59, 11, NULL),
(694, 'helioptile', 44, 38, 33, 61, 43, 70, 13, 1),
(695, 'heliolisk', 62, 55, 52, 109, 94, 109, 13, 1),
(696, 'tyrunt', 58, 89, 77, 45, 45, 48, 6, 16),
(697, 'tyrantrum', 82, 121, 119, 69, 59, 71, 6, 16),
(698, 'amaura', 77, 59, 50, 67, 63, 46, 6, 15),
(699, 'aurorus', 123, 77, 72, 99, 92, 58, 6, 15),
(700, 'sylveon', 95, 65, 65, 110, 130, 60, 18, NULL),
(701, 'hawlucha', 78, 92, 75, 74, 63, 118, 2, 3),
(702, 'dedenne', 67, 58, 57, 81, 67, 101, 13, 18),
(703, 'carbink', 50, 50, 150, 50, 150, 50, 6, 18),
(704, 'goomy', 45, 50, 35, 55, 75, 40, 16, NULL),
(705, 'sliggoo', 68, 75, 53, 83, 113, 60, 16, NULL),
(706, 'goodra', 90, 100, 70, 110, 150, 80, 16, NULL),
(707, 'klefki', 57, 80, 91, 80, 87, 75, 9, 18),
(708, 'phantump', 43, 70, 48, 50, 60, 38, 8, 12),
(709, 'trevenant', 85, 110, 76, 65, 82, 56, 8, 12),
(710, 'pumpkaboo-average', 49, 66, 70, 44, 55, 51, 8, 12),
(711, 'gourgeist-average', 65, 90, 122, 58, 75, 84, 8, 12),
(712, 'bergmite', 55, 69, 85, 32, 35, 28, 15, NULL),
(713, 'avalugg', 95, 117, 184, 44, 46, 28, 15, NULL),
(714, 'noibat', 40, 30, 35, 45, 40, 55, 3, 16),
(715, 'noivern', 85, 70, 80, 97, 80, 123, 3, 16),
(716, 'xerneas', 126, 131, 95, 131, 98, 99, 18, NULL),
(717, 'yveltal', 126, 131, 95, 131, 98, 99, 17, 3),
(718, 'zygarde', 108, 100, 121, 81, 95, 95, 16, 5),
(719, 'diancie', 50, 100, 150, 100, 150, 50, 6, 18),
(720, 'hoopa', 80, 110, 60, 150, 130, 70, 14, 8),
(721, 'volcanion', 80, 110, 120, 130, 90, 70, 10, 11),
(722, 'rowlet', 68, 55, 55, 50, 50, 42, 12, 3),
(723, 'dartrix', 78, 75, 75, 70, 70, 52, 12, 3),
(724, 'decidueye', 78, 107, 75, 100, 100, 70, 12, 8),
(725, 'litten', 45, 65, 40, 60, 40, 70, 10, NULL),
(726, 'torracat', 65, 85, 50, 80, 50, 90, 10, NULL),
(727, 'incineroar', 95, 115, 90, 80, 90, 60, 10, 17),
(728, 'popplio', 50, 54, 54, 66, 56, 40, 11, NULL),
(729, 'brionne', 60, 69, 69, 91, 81, 50, 11, NULL),
(730, 'primarina', 80, 74, 74, 126, 116, 60, 11, 18),
(731, 'pikipek', 35, 75, 30, 30, 30, 65, 1, 3),
(732, 'trumbeak', 55, 85, 50, 40, 50, 75, 1, 3),
(733, 'toucannon', 80, 120, 75, 75, 75, 60, 1, 3),
(734, 'yungoos', 48, 70, 30, 30, 30, 45, 1, NULL),
(735, 'gumshoos', 88, 110, 60, 55, 60, 45, 1, NULL),
(736, 'grubbin', 47, 62, 45, 55, 45, 46, 7, NULL),
(737, 'charjabug', 57, 82, 95, 55, 75, 36, 7, 13),
(738, 'vikavolt', 77, 70, 90, 145, 75, 43, 7, 13),
(739, 'crabrawler', 47, 82, 57, 42, 47, 63, 2, NULL),
(740, 'crabominable', 97, 132, 77, 62, 67, 43, 2, 15),
(741, 'oricorio-baile', 75, 70, 70, 98, 70, 93, 10, 3),
(742, 'cutiefly', 40, 45, 40, 55, 40, 84, 7, 18),
(743, 'ribombee', 60, 55, 60, 95, 70, 124, 7, 18),
(744, 'rockruff', 45, 65, 40, 30, 40, 60, 6, NULL),
(745, 'lycanroc-midday', 75, 115, 65, 55, 65, 112, 6, NULL),
(746, 'wishiwashi-solo', 45, 20, 20, 25, 25, 40, 11, NULL),
(747, 'mareanie', 50, 53, 62, 43, 52, 45, 4, 11),
(748, 'toxapex', 50, 63, 152, 53, 142, 35, 4, 11),
(749, 'mudbray', 70, 100, 70, 45, 55, 45, 5, NULL),
(750, 'mudsdale', 100, 125, 100, 55, 85, 35, 5, NULL),
(751, 'dewpider', 38, 40, 52, 40, 72, 27, 11, 7),
(752, 'araquanid', 68, 70, 92, 50, 132, 42, 11, 7),
(753, 'fomantis', 40, 55, 35, 50, 35, 35, 12, NULL),
(754, 'lurantis', 70, 105, 90, 80, 90, 45, 12, NULL),
(755, 'morelull', 40, 35, 55, 65, 75, 15, 12, 18),
(756, 'shiinotic', 60, 45, 80, 90, 100, 30, 12, 18),
(757, 'salandit', 48, 44, 40, 71, 40, 77, 4, 10),
(758, 'salazzle', 68, 64, 60, 111, 60, 117, 4, 10),
(759, 'stufful', 70, 75, 50, 45, 50, 50, 1, 2),
(760, 'bewear', 120, 125, 80, 55, 60, 60, 1, 2),
(761, 'bounsweet', 42, 30, 38, 30, 38, 32, 12, NULL),
(762, 'steenee', 52, 40, 48, 40, 48, 62, 12, NULL),
(763, 'tsareena', 72, 120, 98, 50, 98, 72, 12, NULL),
(764, 'comfey', 51, 52, 90, 82, 110, 100, 18, NULL),
(765, 'oranguru', 90, 60, 80, 90, 110, 60, 1, 14),
(766, 'passimian', 100, 120, 90, 40, 60, 80, 2, NULL),
(767, 'wimpod', 25, 35, 40, 20, 30, 80, 7, 11),
(768, 'golisopod', 75, 125, 140, 60, 90, 40, 7, 11),
(769, 'sandygast', 55, 55, 80, 70, 45, 15, 8, 5),
(770, 'palossand', 85, 75, 110, 100, 75, 35, 8, 5),
(771, 'pyukumuku', 55, 60, 130, 30, 130, 5, 11, NULL),
(772, 'type-null', 95, 95, 95, 95, 95, 59, 1, NULL),
(773, 'silvally', 95, 95, 95, 95, 95, 95, 1, NULL),
(774, 'minior-red-meteor', 60, 60, 100, 60, 100, 60, 6, 3),
(775, 'komala', 65, 115, 65, 75, 95, 65, 1, NULL),
(776, 'turtonator', 60, 78, 135, 91, 85, 36, 10, 16),
(777, 'togedemaru', 65, 98, 63, 40, 73, 96, 13, 9),
(778, 'mimikyu-disguised', 55, 90, 80, 50, 105, 96, 8, 18),
(779, 'bruxish', 68, 105, 70, 70, 70, 92, 11, 14),
(780, 'drampa', 78, 60, 85, 135, 91, 36, 1, 16),
(781, 'dhelmise', 70, 131, 100, 86, 90, 40, 8, 12),
(782, 'jangmo-o', 45, 55, 65, 45, 45, 45, 16, NULL),
(783, 'hakamo-o', 55, 75, 90, 65, 70, 65, 16, 2),
(784, 'kommo-o', 75, 110, 125, 100, 105, 85, 16, 2),
(785, 'tapu-koko', 70, 115, 85, 95, 75, 130, 13, 18),
(786, 'tapu-lele', 70, 85, 75, 130, 115, 95, 14, 18),
(787, 'tapu-bulu', 70, 130, 115, 85, 95, 75, 12, 18),
(788, 'tapu-fini', 70, 75, 115, 95, 130, 85, 11, 18),
(789, 'cosmog', 43, 29, 31, 29, 31, 37, 14, NULL),
(790, 'cosmoem', 43, 29, 131, 29, 131, 37, 14, NULL),
(791, 'solgaleo', 137, 137, 107, 113, 89, 97, 14, 9),
(792, 'lunala', 137, 113, 89, 137, 107, 97, 14, 8),
(793, 'nihilego', 109, 53, 47, 127, 131, 103, 6, 4),
(794, 'buzzwole', 107, 139, 139, 53, 53, 79, 7, 2),
(795, 'pheromosa', 71, 137, 37, 137, 37, 151, 7, 2),
(796, 'xurkitree', 83, 89, 71, 173, 71, 83, 13, NULL),
(797, 'celesteela', 97, 101, 103, 107, 101, 61, 9, 3),
(798, 'kartana', 59, 181, 131, 59, 31, 109, 12, 9),
(799, 'guzzlord', 223, 101, 53, 97, 53, 43, 17, 16),
(800, 'necrozma', 97, 107, 101, 127, 89, 79, 14, NULL),
(801, 'magearna', 80, 95, 115, 130, 115, 65, 9, 18),
(802, 'marshadow', 90, 125, 80, 90, 90, 125, 2, 8),
(803, 'poipole', 67, 73, 67, 73, 67, 73, 4, NULL),
(804, 'naganadel', 73, 73, 73, 127, 73, 121, 4, 16),
(805, 'stakataka', 61, 131, 211, 53, 101, 13, 6, 9),
(806, 'blacephalon', 53, 127, 53, 151, 79, 107, 10, 8),
(807, 'zeraora', 88, 112, 75, 102, 80, 143, 13, NULL),
(828, 'sprout', 111, 111, 111, 111, 111, 111, 17, NULL),
(829, 'zena', 111, 111, 111, 111, 111, 111, 2, 10),
(830, 'walter', 111, 111, 111, 111, 111, 111, 1, NULL);

-- --------------------------------------------------------

--
-- Table structure for table `pokemon_moves`
--

CREATE TABLE `pokemon_moves` (
  `pokemon_move_id` int(11) NOT NULL,
  `pokemon_id` int(11) NOT NULL,
  `move_id` int(11) NOT NULL
) ENGINE=InnoDB DEFAULT CHARSET=utf8;

--
-- Dumping data for table `pokemon_moves`
--

INSERT INTO `pokemon_moves` (`pokemon_move_id`, `pokemon_id`, `move_id`) VALUES
(1, 1, 22),
(2, 1, 33),
(3, 1, 36),
(4, 1, 38),
(5, 1, 45),
(6, 1, 73),
(7, 1, 74),
(8, 1, 75),
(9, 1, 77),
(10, 1, 79),
(11, 1, 230),
(12, 1, 235),
(13, 1, 388),
(14, 1, 402),
(15, 2, 22),
(16, 2, 33),
(17, 2, 36),
(18, 2, 38),
(19, 2, 45),
(20, 2, 45),
(21, 2, 73),
(22, 2, 73),
(23, 2, 74),
(24, 2, 75),
(25, 2, 76),
(26, 2, 77),
(27, 2, 79),
(28, 2, 230),
(29, 2, 235),
(30, 2, 388),
(31, 3, 22),
(32, 3, 22),
(33, 3, 33),
(34, 3, 36),
(35, 3, 38),
(36, 3, 45),
(37, 3, 45),
(38, 3, 73),
(39, 3, 73),
(40, 3, 74),
(41, 3, 75),
(42, 3, 76),
(43, 3, 77),
(44, 3, 79),
(45, 3, 80),
(46, 3, 230),
(47, 3, 235),
(48, 3, 388),
(49, 3, 572),
(50, 4, 10),
(51, 4, 45),
(52, 4, 52),
(53, 4, 53),
(54, 4, 82),
(55, 4, 83),
(56, 4, 108),
(57, 4, 163),
(58, 4, 184),
(59, 4, 424),
(60, 4, 481),
(61, 4, 517),
(62, 5, 10),
(63, 5, 45),
(64, 5, 52),
(65, 5, 52),
(66, 5, 53),
(67, 5, 82),
(68, 5, 83),
(69, 5, 108),
(70, 5, 163),
(71, 5, 184),
(72, 5, 424),
(73, 5, 481),
(74, 5, 517),
(75, 6, 10),
(76, 6, 17),
(77, 6, 45),
(78, 6, 52),
(79, 6, 52),
(80, 6, 53),
(81, 6, 82),
(82, 6, 83),
(83, 6, 108),
(84, 6, 163),
(85, 6, 184),
(86, 6, 257),
(87, 6, 257),
(88, 6, 337),
(89, 6, 394),
(90, 6, 394),
(91, 6, 403),
(92, 6, 421),
(93, 6, 424),
(94, 6, 481),
(95, 6, 517),
(96, 7, 33),
(97, 7, 39),
(98, 7, 44),
(99, 7, 55),
(100, 7, 56),
(101, 7, 110),
(102, 7, 130),
(103, 7, 145),
(104, 7, 182),
(105, 7, 229),
(106, 7, 240),
(107, 7, 334),
(108, 7, 352),
(109, 7, 401),
(110, 8, 33),
(111, 8, 39),
(112, 8, 39),
(113, 8, 44),
(114, 8, 55),
(115, 8, 55),
(116, 8, 56),
(117, 8, 110),
(118, 8, 130),
(119, 8, 145),
(120, 8, 182),
(121, 8, 229),
(122, 8, 240),
(123, 8, 334),
(124, 8, 352),
(125, 8, 401),
(126, 9, 33),
(127, 9, 39),
(128, 9, 39),
(129, 9, 44),
(130, 9, 55),
(131, 9, 55),
(132, 9, 56),
(133, 9, 110),
(134, 9, 110),
(135, 9, 130),
(136, 9, 145),
(137, 9, 182),
(138, 9, 229),
(139, 9, 240),
(140, 9, 334),
(141, 9, 352),
(142, 9, 401),
(143, 9, 430),
(144, 10, 33),
(145, 10, 81),
(146, 10, 450),
(147, 11, 106),
(148, 12, 16),
(149, 12, 18),
(150, 12, 48),
(151, 12, 60),
(152, 12, 77),
(153, 12, 78),
(154, 12, 79),
(155, 12, 93),
(156, 12, 93),
(157, 12, 219),
(158, 12, 318),
(159, 12, 366),
(160, 12, 403),
(161, 12, 405),
(162, 12, 445),
(163, 12, 476),
(164, 12, 483),
(165, 13, 40),
(166, 13, 81),
(167, 13, 450),
(168, 14, 106),
(169, 15, 31),
(170, 15, 31),
(171, 15, 41),
(172, 15, 42),
(173, 15, 97),
(174, 15, 99),
(175, 15, 116),
(176, 15, 228),
(177, 15, 283),
(178, 15, 372),
(179, 15, 390),
(180, 15, 398),
(181, 15, 474),
(182, 15, 565),
(183, 16, 16),
(184, 16, 17),
(185, 16, 18),
(186, 16, 28),
(187, 16, 33),
(188, 16, 97),
(189, 16, 98),
(190, 16, 119),
(191, 16, 239),
(192, 16, 297),
(193, 16, 355),
(194, 16, 366),
(195, 16, 403),
(196, 16, 542),
(197, 17, 16),
(198, 17, 16),
(199, 17, 17),
(200, 17, 18),
(201, 17, 28),
(202, 17, 28),
(203, 17, 33),
(204, 17, 97),
(205, 17, 98),
(206, 17, 119),
(207, 17, 239),
(208, 17, 297),
(209, 17, 355),
(210, 17, 366),
(211, 17, 403),
(212, 17, 542),
(213, 18, 16),
(214, 18, 16),
(215, 18, 17),
(216, 18, 18),
(217, 18, 28),
(218, 18, 28),
(219, 18, 33),
(220, 18, 97),
(221, 18, 98),
(222, 18, 98),
(223, 18, 119),
(224, 18, 239),
(225, 18, 297),
(226, 18, 355),
(227, 18, 366),
(228, 18, 403),
(229, 18, 542),
(230, 18, 542),
(231, 19, 33),
(232, 19, 38),
(233, 19, 39),
(234, 19, 44),
(235, 19, 98),
(236, 19, 116),
(237, 19, 158),
(238, 19, 162),
(239, 19, 228),
(240, 19, 242),
(241, 19, 283),
(242, 19, 372),
(243, 19, 389),
(244, 20, 14),
(245, 20, 33),
(246, 20, 38),
(247, 20, 39),
(248, 20, 44),
(249, 20, 98),
(250, 20, 98),
(251, 20, 116),
(252, 20, 116),
(253, 20, 158),
(254, 20, 162),
(255, 20, 184),
(256, 20, 228),
(257, 20, 242),
(258, 20, 283),
(259, 20, 372),
(260, 20, 389),
(261, 21, 31),
(262, 21, 43),
(263, 21, 45),
(264, 21, 64),
(265, 21, 65),
(266, 21, 97),
(267, 21, 116),
(268, 21, 119),
(269, 21, 228),
(270, 21, 332),
(271, 21, 355),
(272, 21, 372),
(273, 22, 31),
(274, 22, 43),
(275, 22, 43),
(276, 22, 45),
(277, 22, 64),
(278, 22, 65),
(279, 22, 97),
(280, 22, 116),
(281, 22, 119),
(282, 22, 228),
(283, 22, 228),
(284, 22, 332),
(285, 22, 355),
(286, 22, 365),
(287, 22, 372),
(288, 22, 529),
(289, 22, 529),
(290, 23, 35),
(291, 23, 40),
(292, 23, 43),
(293, 23, 44),
(294, 23, 51),
(295, 23, 103),
(296, 23, 114),
(297, 23, 137),
(298, 23, 254),
(299, 23, 255),
(300, 23, 256),
(301, 23, 380),
(302, 23, 426),
(303, 23, 441),
(304, 23, 489),
(305, 23, 491),
(306, 23, 562),
(307, 24, 35),
(308, 24, 40),
(309, 24, 40),
(310, 24, 43),
(311, 24, 44),
(312, 24, 44),
(313, 24, 51),
(314, 24, 103),
(315, 24, 114),
(316, 24, 137),
(317, 24, 242),
(318, 24, 254),
(319, 24, 255),
(320, 24, 256),
(321, 24, 380),
(322, 24, 422),
(323, 24, 423),
(324, 24, 424),
(325, 24, 426),
(326, 24, 441),
(327, 24, 489),
(328, 24, 491),
(329, 24, 562),
(330, 25, 21),
(331, 25, 39),
(332, 25, 45),
(333, 25, 84),
(334, 25, 85),
(335, 25, 86),
(336, 25, 87),
(337, 25, 97),
(338, 25, 98),
(339, 25, 104),
(340, 25, 113),
(341, 25, 209),
(342, 25, 364),
(343, 25, 435),
(344, 25, 486),
(345, 25, 528),
(346, 25, 589),
(347, 25, 609),
(348, 26, 39),
(349, 26, 84),
(350, 26, 85),
(351, 26, 98),
(352, 27, 10),
(353, 27, 14),
(354, 27, 28),
(355, 27, 40),
(356, 27, 89),
(357, 27, 91),
(358, 27, 111),
(359, 27, 129),
(360, 27, 154),
(361, 27, 163),
(362, 27, 201),
(363, 27, 205),
(364, 27, 210),
(365, 27, 222),
(366, 27, 229),
(367, 27, 328),
(368, 27, 360),
(369, 28, 10),
(370, 28, 14),
(371, 28, 28),
(372, 28, 28),
(373, 28, 40),
(374, 28, 40),
(375, 28, 89),
(376, 28, 91),
(377, 28, 111),
(378, 28, 129),
(379, 28, 154),
(380, 28, 163),
(381, 28, 201),
(382, 28, 205),
(383, 28, 210),
(384, 28, 222),
(385, 28, 229),
(386, 28, 306),
(387, 28, 328),
(388, 28, 360),
(389, 29, 10),
(390, 29, 24),
(391, 29, 39),
(392, 29, 40),
(393, 29, 44),
(394, 29, 45),
(395, 29, 154),
(396, 29, 242),
(397, 29, 260),
(398, 29, 270),
(399, 29, 305),
(400, 29, 390),
(401, 29, 445),
(402, 30, 10),
(403, 30, 24),
(404, 30, 39),
(405, 30, 40),
(406, 30, 44),
(407, 30, 45),
(408, 30, 154),
(409, 30, 242),
(410, 30, 260),
(411, 30, 270),
(412, 30, 305),
(413, 30, 390),
(414, 30, 445),
(415, 31, 10),
(416, 31, 24),
(417, 31, 34),
(418, 31, 39),
(419, 31, 40),
(420, 31, 276),
(421, 31, 276),
(422, 31, 414),
(423, 31, 498),
(424, 32, 24),
(425, 32, 30),
(426, 32, 31),
(427, 32, 32),
(428, 32, 40),
(429, 32, 43),
(430, 32, 64),
(431, 32, 116),
(432, 32, 260),
(433, 32, 270),
(434, 32, 390),
(435, 32, 398),
(436, 32, 445),
(437, 33, 24),
(438, 33, 30),
(439, 33, 31),
(440, 33, 32),
(441, 33, 40),
(442, 33, 43),
(443, 33, 64),
(444, 33, 116),
(445, 33, 260),
(446, 33, 270),
(447, 33, 390),
(448, 33, 398),
(449, 33, 445),
(450, 34, 24),
(451, 34, 37),
(452, 34, 40),
(453, 34, 64),
(454, 34, 116),
(455, 34, 224),
(456, 34, 224),
(457, 34, 414),
(458, 34, 498),
(459, 35, 1),
(460, 35, 3),
(461, 35, 34),
(462, 35, 45),
(463, 35, 47),
(464, 35, 107),
(465, 35, 111),
(466, 35, 118),
(467, 35, 227),
(468, 35, 236),
(469, 35, 266),
(470, 35, 309),
(471, 35, 322),
(472, 35, 356),
(473, 35, 358),
(474, 35, 361),
(475, 35, 381),
(476, 35, 495),
(477, 35, 500),
(478, 35, 516),
(479, 35, 574),
(480, 35, 585),
(481, 35, 671),
(482, 36, 3),
(483, 36, 47),
(484, 36, 107),
(485, 36, 118),
(486, 36, 574),
(487, 36, 671),
(488, 37, 39),
(489, 37, 46),
(490, 37, 52),
(491, 37, 53),
(492, 37, 83),
(493, 37, 98),
(494, 37, 109),
(495, 37, 126),
(496, 37, 185),
(497, 37, 219),
(498, 37, 261),
(499, 37, 286),
(500, 37, 288),
(501, 37, 326),
(502, 37, 371),
(503, 37, 445),
(504, 37, 481),
(505, 37, 506),
(506, 37, 517),
(507, 37, 608),
(508, 38, 53),
(509, 38, 98),
(510, 38, 109),
(511, 38, 219),
(512, 38, 286),
(513, 38, 417),
(514, 39, 1),
(515, 39, 3),
(516, 39, 34),
(517, 39, 38),
(518, 39, 47),
(519, 39, 50),
(520, 39, 102),
(521, 39, 111),
(522, 39, 156),
(523, 39, 205),
(524, 39, 254),
(525, 39, 255),
(526, 39, 256),
(527, 39, 304),
(528, 39, 358),
(529, 39, 360),
(530, 39, 496),
(531, 39, 574),
(532, 39, 589),
(533, 40, 3),
(534, 40, 38),
(535, 40, 47),
(536, 40, 50),
(537, 40, 111),
(538, 40, 583),
(539, 41, 17),
(540, 41, 44),
(541, 41, 48),
(542, 41, 71),
(543, 41, 109),
(544, 41, 114),
(545, 41, 129),
(546, 41, 141),
(547, 41, 212),
(548, 41, 305),
(549, 41, 310),
(550, 41, 314),
(551, 41, 403),
(552, 41, 474),
(553, 41, 501),
(554, 42, 17),
(555, 42, 44),
(556, 42, 44),
(557, 42, 48),
(558, 42, 48),
(559, 42, 71),
(560, 42, 103),
(561, 42, 109),
(562, 42, 114),
(563, 42, 129),
(564, 42, 141),
(565, 42, 212),
(566, 42, 305),
(567, 42, 310),
(568, 42, 310),
(569, 42, 314),
(570, 42, 403),
(571, 42, 474),
(572, 42, 501),
(573, 43, 51),
(574, 43, 71),
(575, 43, 72),
(576, 43, 74),
(577, 43, 77),
(578, 43, 78),
(579, 43, 79),
(580, 43, 80),
(581, 43, 92),
(582, 43, 202),
(583, 43, 230),
(584, 43, 236),
(585, 43, 363),
(586, 43, 381),
(587, 43, 580),
(588, 43, 585),
(589, 44, 51),
(590, 44, 51),
(591, 44, 71),
(592, 44, 72),
(593, 44, 74),
(594, 44, 77),
(595, 44, 78),
(596, 44, 79),
(597, 44, 80),
(598, 44, 92),
(599, 44, 202),
(600, 44, 230),
(601, 44, 230),
(602, 44, 236),
(603, 44, 363),
(604, 44, 381),
(605, 44, 572),
(606, 44, 580),
(607, 45, 72),
(608, 45, 76),
(609, 45, 77),
(610, 45, 78),
(611, 45, 80),
(612, 45, 312),
(613, 45, 572),
(614, 46, 10),
(615, 46, 71),
(616, 46, 74),
(617, 46, 77),
(618, 46, 78),
(619, 46, 147),
(620, 46, 163),
(621, 46, 202),
(622, 46, 210),
(623, 46, 312),
(624, 46, 404),
(625, 46, 476),
(626, 47, 10),
(627, 47, 71),
(628, 47, 71),
(629, 47, 74),
(630, 47, 77),
(631, 47, 77),
(632, 47, 78),
(633, 47, 78),
(634, 47, 147),
(635, 47, 163),
(636, 47, 202),
(637, 47, 210),
(638, 47, 312),
(639, 47, 404),
(640, 47, 440),
(641, 47, 476),
(642, 48, 33),
(643, 48, 48),
(644, 48, 50),
(645, 48, 60),
(646, 48, 77),
(647, 48, 78),
(648, 48, 79),
(649, 48, 93),
(650, 48, 94),
(651, 48, 141),
(652, 48, 193),
(653, 48, 305),
(654, 48, 324),
(655, 48, 428),
(656, 49, 16),
(657, 49, 33),
(658, 49, 48),
(659, 49, 48),
(660, 49, 50),
(661, 49, 60),
(662, 49, 77),
(663, 49, 78),
(664, 49, 79),
(665, 49, 93),
(666, 49, 94),
(667, 49, 141),
(668, 49, 193),
(669, 49, 305),
(670, 49, 318),
(671, 49, 324),
(672, 49, 405),
(673, 49, 405),
(674, 49, 428),
(675, 49, 483),
(676, 49, 483),
(677, 50, 10),
(678, 50, 28),
(679, 50, 45),
(680, 50, 89),
(681, 50, 90),
(682, 50, 91),
(683, 50, 163),
(684, 50, 189),
(685, 50, 222),
(686, 50, 310),
(687, 50, 389),
(688, 50, 414),
(689, 50, 426),
(690, 50, 523),
(691, 51, 10),
(692, 51, 28),
(693, 51, 45),
(694, 51, 45),
(695, 51, 89),
(696, 51, 90),
(697, 51, 91),
(698, 51, 161),
(699, 51, 163),
(700, 51, 189),
(701, 51, 222),
(702, 51, 310),
(703, 51, 328),
(704, 51, 389),
(705, 51, 400),
(706, 51, 414),
(707, 51, 426),
(708, 51, 523),
(709, 51, 563),
(710, 52, 6),
(711, 52, 10),
(712, 52, 44),
(713, 52, 45),
(714, 52, 103),
(715, 52, 154),
(716, 52, 163),
(717, 52, 185),
(718, 52, 252),
(719, 52, 269),
(720, 52, 364),
(721, 52, 372),
(722, 52, 400),
(723, 52, 417),
(724, 52, 445),
(725, 53, 10),
(726, 53, 44),
(727, 53, 44),
(728, 53, 45),
(729, 53, 103),
(730, 53, 129),
(731, 53, 154),
(732, 53, 163),
(733, 53, 185),
(734, 53, 252),
(735, 53, 252),
(736, 53, 269),
(737, 53, 364),
(738, 53, 372),
(739, 53, 400),
(740, 53, 408),
(741, 53, 415),
(742, 53, 417),
(743, 53, 445),
(744, 53, 583),
(745, 54, 10),
(746, 54, 39),
(747, 54, 50),
(748, 54, 55),
(749, 54, 56),
(750, 54, 93),
(751, 54, 103),
(752, 54, 133),
(753, 54, 154),
(754, 54, 244),
(755, 54, 346),
(756, 54, 352),
(757, 54, 401),
(758, 54, 428),
(759, 54, 472),
(760, 54, 487),
(761, 55, 10),
(762, 55, 39),
(763, 55, 39),
(764, 55, 50),
(765, 55, 55),
(766, 55, 55),
(767, 55, 56),
(768, 55, 93),
(769, 55, 103),
(770, 55, 133),
(771, 55, 154),
(772, 55, 244),
(773, 55, 346),
(774, 55, 352),
(775, 55, 382),
(776, 55, 401),
(777, 55, 428),
(778, 55, 453),
(779, 55, 472),
(780, 55, 487),
(781, 56, 2),
(782, 56, 10),
(783, 56, 37),
(784, 56, 43),
(785, 56, 67),
(786, 56, 69),
(787, 56, 103),
(788, 56, 116),
(789, 56, 154),
(790, 56, 200),
(791, 56, 207),
(792, 56, 228),
(793, 56, 238),
(794, 56, 343),
(795, 56, 370),
(796, 56, 372),
(797, 56, 386),
(798, 56, 515),
(799, 56, 707),
(800, 57, 2),
(801, 57, 10),
(802, 57, 37),
(803, 57, 43),
(804, 57, 67),
(805, 57, 69),
(806, 57, 99),
(807, 57, 103),
(808, 57, 116),
(809, 57, 154),
(810, 57, 200),
(811, 57, 207),
(812, 57, 228),
(813, 57, 238),
(814, 57, 370),
(815, 57, 372),
(816, 57, 374),
(817, 57, 386),
(818, 57, 515),
(819, 57, 515),
(820, 57, 707),
(821, 58, 36),
(822, 58, 43),
(823, 58, 44),
(824, 58, 46),
(825, 58, 52),
(826, 58, 53),
(827, 58, 97),
(828, 58, 172),
(829, 58, 179),
(830, 58, 200),
(831, 58, 242),
(832, 58, 257),
(833, 58, 270),
(834, 58, 316),
(835, 58, 394),
(836, 58, 424),
(837, 58, 481),
(838, 58, 514),
(839, 59, 44),
(840, 59, 46),
(841, 59, 245),
(842, 59, 316),
(843, 59, 422),
(844, 59, 424),
(845, 60, 3),
(846, 60, 34),
(847, 60, 55),
(848, 60, 56),
(849, 60, 61),
(850, 60, 95),
(851, 60, 145),
(852, 60, 187),
(853, 60, 240),
(854, 60, 341),
(855, 60, 346),
(856, 60, 358),
(857, 60, 426),
(858, 61, 3),
(859, 61, 34),
(860, 61, 55),
(861, 61, 55),
(862, 61, 56),
(863, 61, 61),
(864, 61, 95),
(865, 61, 95),
(866, 61, 145),
(867, 61, 187),
(868, 61, 240),
(869, 61, 341),
(870, 61, 346),
(871, 61, 358),
(872, 61, 426),
(873, 62, 3),
(874, 62, 61),
(875, 62, 66),
(876, 62, 95),
(877, 62, 170),
(878, 62, 223),
(879, 62, 509),
(880, 62, 509),
(881, 63, 100),
(882, 64, 50),
(883, 64, 60),
(884, 64, 93),
(885, 64, 93),
(886, 64, 94),
(887, 64, 100),
(888, 64, 105),
(889, 64, 115),
(890, 64, 134),
(891, 64, 248),
(892, 64, 271),
(893, 64, 272),
(894, 64, 357),
(895, 64, 427),
(896, 64, 477),
(897, 64, 502),
(898, 65, 50),
(899, 65, 60),
(900, 65, 93),
(901, 65, 93),
(902, 65, 94),
(903, 65, 100),
(904, 65, 105),
(905, 65, 115),
(906, 65, 134),
(907, 65, 248),
(908, 65, 271),
(909, 65, 347),
(910, 65, 357),
(911, 65, 427),
(912, 65, 477),
(913, 65, 502),
(914, 66, 2),
(915, 66, 43),
(916, 66, 66),
(917, 66, 67),
(918, 66, 69),
(919, 66, 116),
(920, 66, 184),
(921, 66, 193),
(922, 66, 223),
(923, 66, 233),
(924, 66, 238),
(925, 66, 279),
(926, 66, 282),
(927, 66, 339),
(928, 66, 358),
(929, 66, 490),
(930, 66, 530),
(931, 67, 2),
(932, 67, 2),
(933, 67, 43),
(934, 67, 66),
(935, 67, 67),
(936, 67, 69),
(937, 67, 116),
(938, 67, 116),
(939, 67, 184),
(940, 67, 193),
(941, 67, 223),
(942, 67, 233),
(943, 67, 238),
(944, 67, 279),
(945, 67, 282),
(946, 67, 339),
(947, 67, 358),
(948, 67, 490),
(949, 67, 530),
(950, 68, 2),
(951, 68, 2),
(952, 68, 43),
(953, 68, 66),
(954, 68, 67),
(955, 68, 69),
(956, 68, 70),
(957, 68, 116),
(958, 68, 116),
(959, 68, 184),
(960, 68, 193),
(961, 68, 223),
(962, 68, 233),
(963, 68, 238),
(964, 68, 279),
(965, 68, 282),
(966, 68, 339),
(967, 68, 358),
(968, 68, 469),
(969, 68, 490),
(970, 68, 530),
(971, 69, 21),
(972, 69, 22),
(973, 69, 35),
(974, 69, 51),
(975, 69, 74),
(976, 69, 75),
(977, 69, 77),
(978, 69, 78),
(979, 69, 79),
(980, 69, 230),
(981, 69, 282),
(982, 69, 378),
(983, 69, 380),
(984, 69, 398),
(985, 70, 21),
(986, 70, 22),
(987, 70, 35),
(988, 70, 35),
(989, 70, 51),
(990, 70, 74),
(991, 70, 74),
(992, 70, 75),
(993, 70, 77),
(994, 70, 78),
(995, 70, 79),
(996, 70, 230),
(997, 70, 282),
(998, 70, 378),
(999, 70, 380),
(1000, 70, 398),
(1001, 71, 22),
(1002, 71, 75),
(1003, 71, 79),
(1004, 71, 230),
(1005, 71, 254),
(1006, 71, 255),
(1007, 71, 256),
(1008, 71, 348),
(1009, 71, 437),
(1010, 71, 536),
(1011, 72, 35),
(1012, 72, 40),
(1013, 72, 48),
(1014, 72, 51),
(1015, 72, 56),
(1016, 72, 61),
(1017, 72, 103),
(1018, 72, 112),
(1019, 72, 132),
(1020, 72, 352),
(1021, 72, 362),
(1022, 72, 378),
(1023, 72, 390),
(1024, 72, 398),
(1025, 72, 482),
(1026, 72, 491),
(1027, 72, 506),
(1028, 73, 35),
(1029, 73, 40),
(1030, 73, 48),
(1031, 73, 48),
(1032, 73, 51),
(1033, 73, 51),
(1034, 73, 56),
(1035, 73, 61),
(1036, 73, 103),
(1037, 73, 112),
(1038, 73, 132),
(1039, 73, 132),
(1040, 73, 352),
(1041, 73, 362),
(1042, 73, 378),
(1043, 73, 378),
(1044, 73, 390),
(1045, 73, 398),
(1046, 73, 482),
(1047, 73, 491),
(1048, 73, 506),
(1049, 73, 513),
(1050, 74, 33),
(1051, 74, 38),
(1052, 74, 88),
(1053, 74, 89),
(1054, 74, 111),
(1055, 74, 120),
(1056, 74, 153),
(1057, 74, 205),
(1058, 74, 222),
(1059, 74, 300),
(1060, 74, 350),
(1061, 74, 397),
(1062, 74, 444),
(1063, 74, 446),
(1064, 74, 479),
(1065, 74, 523),
(1066, 75, 33),
(1067, 75, 38),
(1068, 75, 88),
(1069, 75, 89),
(1070, 75, 111),
(1071, 75, 120),
(1072, 75, 153),
(1073, 75, 205),
(1074, 75, 222),
(1075, 75, 300),
(1076, 75, 300),
(1077, 75, 350),
(1078, 75, 397),
(1079, 75, 397),
(1080, 75, 444),
(1081, 75, 446),
(1082, 75, 479),
(1083, 75, 523),
(1084, 76, 33),
(1085, 76, 38),
(1086, 76, 88),
(1087, 76, 89),
(1088, 76, 111),
(1089, 76, 120),
(1090, 76, 153),
(1091, 76, 222),
(1092, 76, 300),
(1093, 76, 300),
(1094, 76, 350),
(1095, 76, 397),
(1096, 76, 397),
(1097, 76, 444),
(1098, 76, 446),
(1099, 76, 479),
(1100, 76, 484),
(1101, 76, 484),
(1102, 76, 523),
(1103, 76, 537),
(1104, 77, 23),
(1105, 77, 33),
(1106, 77, 36),
(1107, 77, 39),
(1108, 77, 45),
(1109, 77, 52),
(1110, 77, 83),
(1111, 77, 97),
(1112, 77, 126),
(1113, 77, 172),
(1114, 77, 340),
(1115, 77, 394),
(1116, 77, 488),
(1117, 77, 517),
(1118, 78, 23),
(1119, 78, 31),
(1120, 78, 36),
(1121, 78, 39),
(1122, 78, 39),
(1123, 78, 45),
(1124, 78, 52),
(1125, 78, 52),
(1126, 78, 83),
(1127, 78, 97),
(1128, 78, 98),
(1129, 78, 126),
(1130, 78, 172),
(1131, 78, 224),
(1132, 78, 340),
(1133, 78, 394),
(1134, 78, 398),
(1135, 78, 488),
(1136, 78, 517),
(1137, 79, 29),
(1138, 79, 33),
(1139, 79, 45),
(1140, 79, 50),
(1141, 79, 55),
(1142, 79, 93),
(1143, 79, 94),
(1144, 79, 133),
(1145, 79, 174),
(1146, 79, 240),
(1147, 79, 244),
(1148, 79, 281),
(1149, 79, 303),
(1150, 79, 352),
(1151, 79, 428),
(1152, 79, 505),
(1153, 80, 29),
(1154, 80, 33),
(1155, 80, 45),
(1156, 80, 45),
(1157, 80, 50),
(1158, 80, 55),
(1159, 80, 93),
(1160, 80, 94),
(1161, 80, 110),
(1162, 80, 133),
(1163, 80, 174),
(1164, 80, 240),
(1165, 80, 244),
(1166, 80, 281),
(1167, 80, 303),
(1168, 80, 352),
(1169, 80, 428),
(1170, 80, 505),
(1171, 80, 505),
(1172, 81, 33),
(1173, 81, 48),
(1174, 81, 49),
(1175, 81, 84),
(1176, 81, 86),
(1177, 81, 103),
(1178, 81, 113),
(1179, 81, 192),
(1180, 81, 199),
(1181, 81, 209),
(1182, 81, 319),
(1183, 81, 360),
(1184, 81, 393),
(1185, 81, 429),
(1186, 81, 430),
(1187, 81, 435),
(1188, 81, 443),
(1189, 81, 486),
(1190, 82, 33),
(1191, 82, 48),
(1192, 82, 49),
(1193, 82, 84),
(1194, 82, 84),
(1195, 82, 86),
(1196, 82, 86),
(1197, 82, 103),
(1198, 82, 113),
(1199, 82, 161),
(1200, 82, 192),
(1201, 82, 192),
(1202, 82, 199),
(1203, 82, 209),
(1204, 82, 319),
(1205, 82, 360),
(1206, 82, 393),
(1207, 82, 429),
(1208, 82, 430),
(1209, 82, 435),
(1210, 82, 443),
(1211, 82, 486),
(1212, 82, 604),
(1213, 83, 14),
(1214, 83, 28),
(1215, 83, 31),
(1216, 83, 43),
(1217, 83, 64),
(1218, 83, 97),
(1219, 83, 163),
(1220, 83, 206),
(1221, 83, 210),
(1222, 83, 282),
(1223, 83, 314),
(1224, 83, 332),
(1225, 83, 364),
(1226, 83, 398),
(1227, 83, 400),
(1228, 83, 403),
(1229, 83, 413),
(1230, 83, 413),
(1231, 83, 512),
(1232, 84, 14),
(1233, 84, 26),
(1234, 84, 31),
(1235, 84, 37),
(1236, 84, 45),
(1237, 84, 64),
(1238, 84, 65),
(1239, 84, 97),
(1240, 84, 98),
(1241, 84, 99),
(1242, 84, 228),
(1243, 84, 253),
(1244, 84, 283),
(1245, 84, 365),
(1246, 84, 367),
(1247, 84, 458),
(1248, 85, 14),
(1249, 85, 26),
(1250, 85, 31),
(1251, 85, 37),
(1252, 85, 45),
(1253, 85, 64),
(1254, 85, 65),
(1255, 85, 97),
(1256, 85, 98),
(1257, 85, 98),
(1258, 85, 99),
(1259, 85, 99),
(1260, 85, 161),
(1261, 85, 228),
(1262, 85, 253),
(1263, 85, 283),
(1264, 85, 365),
(1265, 85, 367),
(1266, 85, 458),
(1267, 86, 29),
(1268, 86, 36),
(1269, 86, 45),
(1270, 86, 58),
(1271, 86, 62),
(1272, 86, 156),
(1273, 86, 196),
(1274, 86, 219),
(1275, 86, 227),
(1276, 86, 258),
(1277, 86, 291),
(1278, 86, 346),
(1279, 86, 362),
(1280, 86, 392),
(1281, 86, 401),
(1282, 86, 420),
(1283, 86, 453),
(1284, 87, 29),
(1285, 87, 36),
(1286, 87, 45),
(1287, 87, 45),
(1288, 87, 58),
(1289, 87, 62),
(1290, 87, 156),
(1291, 87, 196),
(1292, 87, 196),
(1293, 87, 219),
(1294, 87, 227),
(1295, 87, 258),
(1296, 87, 291),
(1297, 87, 324),
(1298, 87, 324),
(1299, 87, 329),
(1300, 87, 362),
(1301, 87, 392),
(1302, 87, 401),
(1303, 87, 420),
(1304, 87, 453),
(1305, 88, 1),
(1306, 88, 50),
(1307, 88, 103),
(1308, 88, 106),
(1309, 88, 107),
(1310, 88, 124),
(1311, 88, 139),
(1312, 88, 151),
(1313, 88, 188),
(1314, 88, 189),
(1315, 88, 262),
(1316, 88, 374),
(1317, 88, 426),
(1318, 88, 441),
(1319, 88, 482),
(1320, 88, 562),
(1321, 89, 1),
(1322, 89, 50),
(1323, 89, 103),
(1324, 89, 106),
(1325, 89, 106),
(1326, 89, 107),
(1327, 89, 124),
(1328, 89, 139),
(1329, 89, 151),
(1330, 89, 188),
(1331, 89, 189),
(1332, 89, 189),
(1333, 89, 262),
(1334, 89, 374),
(1335, 89, 426),
(1336, 89, 441),
(1337, 89, 482),
(1338, 89, 562),
(1339, 89, 599),
(1340, 90, 33),
(1341, 90, 43),
(1342, 90, 48),
(1343, 90, 55),
(1344, 90, 56),
(1345, 90, 58),
(1346, 90, 62),
(1347, 90, 110),
(1348, 90, 128),
(1349, 90, 182),
(1350, 90, 250),
(1351, 90, 333),
(1352, 90, 334),
(1353, 90, 362),
(1354, 90, 420),
(1355, 90, 504),
(1356, 90, 534),
(1357, 91, 48),
(1358, 91, 56),
(1359, 91, 62),
(1360, 91, 110),
(1361, 91, 131),
(1362, 91, 182),
(1363, 91, 191),
(1364, 91, 390),
(1365, 91, 504),
(1366, 91, 556),
(1367, 92, 95),
(1368, 92, 101),
(1369, 92, 109),
(1370, 92, 122),
(1371, 92, 138),
(1372, 92, 171),
(1373, 92, 174),
(1374, 92, 180),
(1375, 92, 194),
(1376, 92, 212),
(1377, 92, 247),
(1378, 92, 371),
(1379, 92, 389),
(1380, 92, 399),
(1381, 92, 506),
(1382, 93, 95),
(1383, 93, 101),
(1384, 93, 109),
(1385, 93, 122),
(1386, 93, 138),
(1387, 93, 171),
(1388, 93, 174),
(1389, 93, 180),
(1390, 93, 180),
(1391, 93, 194),
(1392, 93, 212),
(1393, 93, 247),
(1394, 93, 325),
(1395, 93, 371),
(1396, 93, 389),
(1397, 93, 399),
(1398, 93, 506),
(1399, 94, 95),
(1400, 94, 101),
(1401, 94, 109),
(1402, 94, 122),
(1403, 94, 138),
(1404, 94, 171),
(1405, 94, 174),
(1406, 94, 180),
(1407, 94, 180),
(1408, 94, 194),
(1409, 94, 212),
(1410, 94, 247),
(1411, 94, 325),
(1412, 94, 371),
(1413, 94, 389),
(1414, 94, 399),
(1415, 94, 506),
(1416, 95, 20),
(1417, 95, 21),
(1418, 95, 33),
(1419, 95, 38),
(1420, 95, 88),
(1421, 95, 91),
(1422, 95, 99),
(1423, 95, 103),
(1424, 95, 106),
(1425, 95, 157),
(1426, 95, 174),
(1427, 95, 201),
(1428, 95, 225),
(1429, 95, 231),
(1430, 95, 300),
(1431, 95, 317),
(1432, 95, 328),
(1433, 95, 360),
(1434, 95, 397),
(1435, 95, 444),
(1436, 95, 446),
(1437, 95, 479),
(1438, 96, 1),
(1439, 96, 29),
(1440, 96, 50),
(1441, 96, 60),
(1442, 96, 93),
(1443, 96, 94),
(1444, 96, 95),
(1445, 96, 96),
(1446, 96, 139),
(1447, 96, 207),
(1448, 96, 244),
(1449, 96, 248),
(1450, 96, 358),
(1451, 96, 417),
(1452, 96, 428),
(1453, 96, 473),
(1454, 96, 485),
(1455, 97, 1),
(1456, 97, 29),
(1457, 97, 50),
(1458, 97, 50),
(1459, 97, 60),
(1460, 97, 93),
(1461, 97, 93),
(1462, 97, 94),
(1463, 97, 95),
(1464, 97, 96),
(1465, 97, 139),
(1466, 97, 171),
(1467, 97, 207),
(1468, 97, 244),
(1469, 97, 248),
(1470, 97, 248),
(1471, 97, 358),
(1472, 97, 415),
(1473, 97, 417),
(1474, 97, 417),
(1475, 97, 428),
(1476, 97, 473),
(1477, 97, 485),
(1478, 98, 11),
(1479, 98, 12),
(1480, 98, 21),
(1481, 98, 23),
(1482, 98, 43),
(1483, 98, 61),
(1484, 98, 106),
(1485, 98, 145),
(1486, 98, 152),
(1487, 98, 175),
(1488, 98, 182),
(1489, 98, 232),
(1490, 98, 300),
(1491, 98, 341),
(1492, 98, 362),
(1493, 99, 11),
(1494, 99, 11),
(1495, 99, 12),
(1496, 99, 21),
(1497, 99, 23),
(1498, 99, 43),
(1499, 99, 43),
(1500, 99, 61),
(1501, 99, 106),
(1502, 99, 145),
(1503, 99, 152),
(1504, 99, 175),
(1505, 99, 182),
(1506, 99, 232),
(1507, 99, 300),
(1508, 99, 341),
(1509, 99, 362),
(1510, 99, 469),
(1511, 100, 33),
(1512, 100, 49),
(1513, 100, 103),
(1514, 100, 113),
(1515, 100, 120),
(1516, 100, 129),
(1517, 100, 153),
(1518, 100, 205),
(1519, 100, 209),
(1520, 100, 243),
(1521, 100, 268),
(1522, 100, 360),
(1523, 100, 393),
(1524, 100, 435),
(1525, 100, 451),
(1526, 100, 486),
(1527, 100, 598),
(1528, 101, 33),
(1529, 101, 49),
(1530, 101, 49),
(1531, 101, 103),
(1532, 101, 113),
(1533, 101, 120),
(1534, 101, 129),
(1535, 101, 153),
(1536, 101, 205),
(1537, 101, 209),
(1538, 101, 243),
(1539, 101, 268),
(1540, 101, 360),
(1541, 101, 393),
(1542, 101, 435),
(1543, 101, 451),
(1544, 101, 486),
(1545, 101, 598),
(1546, 101, 598),
(1547, 101, 602),
(1548, 102, 73),
(1549, 102, 76),
(1550, 102, 77),
(1551, 102, 78),
(1552, 102, 79),
(1553, 102, 93),
(1554, 102, 95),
(1555, 102, 115),
(1556, 102, 140),
(1557, 102, 253),
(1558, 102, 326),
(1559, 102, 331),
(1560, 102, 363),
(1561, 102, 388),
(1562, 102, 516),
(1563, 103, 23),
(1564, 103, 93),
(1565, 103, 95),
(1566, 103, 121),
(1567, 103, 140),
(1568, 103, 402),
(1569, 103, 437),
(1570, 103, 452),
(1571, 103, 473),
(1572, 104, 29),
(1573, 104, 37),
(1574, 104, 38),
(1575, 104, 39),
(1576, 104, 43),
(1577, 104, 45),
(1578, 104, 99),
(1579, 104, 116),
(1580, 104, 125),
(1581, 104, 155),
(1582, 104, 198),
(1583, 104, 206),
(1584, 104, 283),
(1585, 104, 374),
(1586, 104, 514),
(1587, 104, 707),
(1588, 105, 29),
(1589, 105, 29),
(1590, 105, 37),
(1591, 105, 38),
(1592, 105, 39),
(1593, 105, 39),
(1594, 105, 43),
(1595, 105, 45),
(1596, 105, 99),
(1597, 105, 116),
(1598, 105, 125),
(1599, 105, 125),
(1600, 105, 155),
(1601, 105, 198),
(1602, 105, 206),
(1603, 105, 283),
(1604, 105, 374),
(1605, 105, 514),
(1606, 105, 707),
(1607, 106, 24),
(1608, 106, 25),
(1609, 106, 25),
(1610, 106, 26),
(1611, 106, 26),
(1612, 106, 27),
(1613, 106, 27),
(1614, 106, 96),
(1615, 106, 96),
(1616, 106, 116),
(1617, 106, 136),
(1618, 106, 170),
(1619, 106, 179),
(1620, 106, 179),
(1621, 106, 193),
(1622, 106, 203),
(1623, 106, 279),
(1624, 106, 280),
(1625, 106, 299),
(1626, 106, 364),
(1627, 106, 370),
(1628, 106, 370),
(1629, 106, 469),
(1630, 107, 4),
(1631, 107, 5),
(1632, 107, 7),
(1633, 107, 8),
(1634, 107, 9),
(1635, 107, 68),
(1636, 107, 68),
(1637, 107, 97),
(1638, 107, 97),
(1639, 107, 183),
(1640, 107, 183),
(1641, 107, 197),
(1642, 107, 228),
(1643, 107, 228),
(1644, 107, 264),
(1645, 107, 264),
(1646, 107, 279),
(1647, 107, 327),
(1648, 107, 364),
(1649, 107, 370),
(1650, 107, 370),
(1651, 107, 410),
(1652, 107, 418),
(1653, 107, 501),
(1654, 108, 21),
(1655, 108, 23),
(1656, 108, 35),
(1657, 108, 48),
(1658, 108, 50),
(1659, 108, 103),
(1660, 108, 111),
(1661, 108, 122),
(1662, 108, 205),
(1663, 108, 282),
(1664, 108, 287),
(1665, 108, 378),
(1666, 108, 382),
(1667, 108, 438),
(1668, 108, 498),
(1669, 109, 33),
(1670, 109, 108),
(1671, 109, 114),
(1672, 109, 120),
(1673, 109, 123),
(1674, 109, 124),
(1675, 109, 139),
(1676, 109, 153),
(1677, 109, 188),
(1678, 109, 194),
(1679, 109, 262),
(1680, 109, 360),
(1681, 109, 372),
(1682, 109, 499),
(1683, 109, 562),
(1684, 110, 33),
(1685, 110, 108),
(1686, 110, 108),
(1687, 110, 114),
(1688, 110, 120),
(1689, 110, 123),
(1690, 110, 123),
(1691, 110, 124),
(1692, 110, 139),
(1693, 110, 153),
(1694, 110, 188),
(1695, 110, 194),
(1696, 110, 262),
(1697, 110, 360),
(1698, 110, 372),
(1699, 110, 458),
(1700, 110, 499),
(1701, 110, 562),
(1702, 111, 23),
(1703, 111, 30),
(1704, 111, 31),
(1705, 111, 32),
(1706, 111, 36),
(1707, 111, 39),
(1708, 111, 89),
(1709, 111, 184),
(1710, 111, 224),
(1711, 111, 350),
(1712, 111, 444),
(1713, 111, 479),
(1714, 111, 498),
(1715, 111, 523),
(1716, 111, 529),
(1717, 112, 23),
(1718, 112, 30),
(1719, 112, 31),
(1720, 112, 31),
(1721, 112, 32),
(1722, 112, 32),
(1723, 112, 36),
(1724, 112, 39),
(1725, 112, 89),
(1726, 112, 184),
(1727, 112, 184),
(1728, 112, 224),
(1729, 112, 350),
(1730, 112, 359),
(1731, 112, 444),
(1732, 112, 479),
(1733, 112, 498),
(1734, 112, 523),
(1735, 112, 529),
(1736, 113, 1),
(1737, 113, 3),
(1738, 113, 36),
(1739, 113, 38),
(1740, 113, 38),
(1741, 113, 39),
(1742, 113, 45),
(1743, 113, 47),
(1744, 113, 107),
(1745, 113, 111),
(1746, 113, 113),
(1747, 113, 121),
(1748, 113, 135),
(1749, 113, 287),
(1750, 113, 361),
(1751, 113, 374),
(1752, 113, 505),
(1753, 113, 516),
(1754, 114, 20),
(1755, 114, 21),
(1756, 114, 22),
(1757, 114, 71),
(1758, 114, 72),
(1759, 114, 74),
(1760, 114, 77),
(1761, 114, 78),
(1762, 114, 79),
(1763, 114, 132),
(1764, 114, 202),
(1765, 114, 246),
(1766, 114, 275),
(1767, 114, 282),
(1768, 114, 321),
(1769, 114, 363),
(1770, 114, 378),
(1771, 114, 438),
(1772, 114, 580),
(1773, 115, 4),
(1774, 115, 5),
(1775, 115, 39),
(1776, 115, 43),
(1777, 115, 44),
(1778, 115, 99),
(1779, 115, 146),
(1780, 115, 179),
(1781, 115, 200),
(1782, 115, 203),
(1783, 115, 242),
(1784, 115, 252),
(1785, 115, 389),
(1786, 115, 458),
(1787, 115, 498),
(1788, 116, 43),
(1789, 116, 55),
(1790, 116, 56),
(1791, 116, 61),
(1792, 116, 97),
(1793, 116, 108),
(1794, 116, 116),
(1795, 116, 145),
(1796, 116, 239),
(1797, 116, 349),
(1798, 116, 362),
(1799, 116, 406),
(1800, 117, 43),
(1801, 117, 43),
(1802, 117, 55),
(1803, 117, 55),
(1804, 117, 56),
(1805, 117, 56),
(1806, 117, 61),
(1807, 117, 97),
(1808, 117, 108),
(1809, 117, 108),
(1810, 117, 116),
(1811, 117, 145),
(1812, 117, 239),
(1813, 117, 349),
(1814, 117, 362),
(1815, 117, 406),
(1816, 118, 30),
(1817, 118, 31),
(1818, 118, 32),
(1819, 118, 39),
(1820, 118, 48),
(1821, 118, 64),
(1822, 118, 97),
(1823, 118, 127),
(1824, 118, 175),
(1825, 118, 224),
(1826, 118, 346),
(1827, 118, 352),
(1828, 118, 392),
(1829, 118, 487),
(1830, 119, 30),
(1831, 119, 31),
(1832, 119, 32),
(1833, 119, 39),
(1834, 119, 48),
(1835, 119, 48),
(1836, 119, 64),
(1837, 119, 97),
(1838, 119, 127),
(1839, 119, 175),
(1840, 119, 224),
(1841, 119, 224),
(1842, 119, 346),
(1843, 119, 352),
(1844, 119, 392),
(1845, 119, 398),
(1846, 119, 487),
(1847, 120, 33),
(1848, 120, 55),
(1849, 120, 56),
(1850, 120, 61),
(1851, 120, 94),
(1852, 120, 105),
(1853, 120, 106),
(1854, 120, 107),
(1855, 120, 109),
(1856, 120, 113),
(1857, 120, 129),
(1858, 120, 149),
(1859, 120, 229),
(1860, 120, 293),
(1861, 120, 322),
(1862, 120, 360),
(1863, 120, 362),
(1864, 120, 408),
(1865, 120, 513),
(1866, 121, 55),
(1867, 121, 56),
(1868, 121, 105),
(1869, 121, 109),
(1870, 121, 129),
(1871, 121, 229),
(1872, 121, 671),
(1873, 122, 1),
(1874, 122, 3),
(1875, 122, 60),
(1876, 122, 93),
(1877, 122, 94),
(1878, 122, 96),
(1879, 122, 102),
(1880, 122, 112),
(1881, 122, 113),
(1882, 122, 115),
(1883, 122, 149),
(1884, 122, 164),
(1885, 122, 219),
(1886, 122, 226),
(1887, 122, 227),
(1888, 122, 271),
(1889, 122, 272),
(1890, 122, 278),
(1891, 122, 345),
(1892, 122, 383),
(1893, 122, 384),
(1894, 122, 385),
(1895, 122, 469),
(1896, 122, 501),
(1897, 122, 581),
(1898, 123, 13),
(1899, 123, 14),
(1900, 123, 17),
(1901, 123, 43),
(1902, 123, 97),
(1903, 123, 98),
(1904, 123, 104),
(1905, 123, 116),
(1906, 123, 163),
(1907, 123, 206),
(1908, 123, 210),
(1909, 123, 228),
(1910, 123, 364),
(1911, 123, 400),
(1912, 123, 403),
(1913, 123, 404),
(1914, 123, 410),
(1915, 123, 458),
(1916, 124, 1),
(1917, 124, 3),
(1918, 124, 8),
(1919, 124, 34),
(1920, 124, 59),
(1921, 124, 122),
(1922, 124, 122),
(1923, 124, 142),
(1924, 124, 142),
(1925, 124, 181),
(1926, 124, 181),
(1927, 124, 195),
(1928, 124, 195),
(1929, 124, 212),
(1930, 124, 313),
(1931, 124, 358),
(1932, 124, 378),
(1933, 124, 419),
(1934, 124, 531),
(1935, 124, 577),
(1936, 125, 9),
(1937, 125, 43),
(1938, 125, 67),
(1939, 125, 84),
(1940, 125, 84),
(1941, 125, 85),
(1942, 125, 86),
(1943, 125, 87),
(1944, 125, 98),
(1945, 125, 103),
(1946, 125, 113),
(1947, 125, 129),
(1948, 125, 351),
(1949, 125, 435),
(1950, 125, 486),
(1951, 126, 7),
(1952, 126, 43),
(1953, 126, 52),
(1954, 126, 52),
(1955, 126, 53),
(1956, 126, 83),
(1957, 126, 108),
(1958, 126, 109),
(1959, 126, 123),
(1960, 126, 126),
(1961, 126, 185),
(1962, 126, 241),
(1963, 126, 436),
(1964, 126, 481),
(1965, 126, 499),
(1966, 127, 11),
(1967, 127, 12),
(1968, 127, 14),
(1969, 127, 20),
(1970, 127, 37),
(1971, 127, 66),
(1972, 127, 69),
(1973, 127, 106),
(1974, 127, 116),
(1975, 127, 233),
(1976, 127, 276),
(1977, 127, 279),
(1978, 127, 280),
(1979, 127, 404),
(1980, 127, 458),
(1981, 127, 480),
(1982, 128, 30),
(1983, 128, 33),
(1984, 128, 36),
(1985, 128, 37),
(1986, 128, 38),
(1987, 128, 39),
(1988, 128, 99),
(1989, 128, 156),
(1990, 128, 184),
(1991, 128, 207),
(1992, 128, 228),
(1993, 128, 371),
(1994, 128, 416),
(1995, 128, 428),
(1996, 128, 526),
(1997, 129, 33),
(1998, 129, 150),
(1999, 129, 175),
(2000, 130, 37),
(2001, 130, 43),
(2002, 130, 44),
(2003, 130, 56),
(2004, 130, 63),
(2005, 130, 82),
(2006, 130, 184),
(2007, 130, 239),
(2008, 130, 240),
(2009, 130, 242),
(2010, 130, 349),
(2011, 130, 401),
(2012, 130, 423),
(2013, 130, 542),
(2014, 131, 34),
(2015, 131, 45),
(2016, 131, 47),
(2017, 131, 54),
(2018, 131, 55),
(2019, 131, 56),
(2020, 131, 58),
(2021, 131, 109),
(2022, 131, 195),
(2023, 131, 219),
(2024, 131, 240),
(2025, 131, 329),
(2026, 131, 352),
(2027, 131, 362),
(2028, 131, 420),
(2029, 132, 144),
(2030, 133, 28),
(2031, 133, 33),
(2032, 133, 36),
(2033, 133, 38),
(2034, 133, 39),
(2035, 133, 44),
(2036, 133, 45),
(2037, 133, 98),
(2038, 133, 129),
(2039, 133, 204),
(2040, 133, 226),
(2041, 133, 270),
(2042, 133, 287),
(2043, 133, 343),
(2044, 133, 376),
(2045, 133, 387),
(2046, 133, 608),
(2047, 134, 28),
(2048, 134, 33),
(2049, 134, 39),
(2050, 134, 55),
(2051, 134, 56),
(2052, 134, 62),
(2053, 134, 98),
(2054, 134, 114),
(2055, 134, 151),
(2056, 134, 270),
(2057, 134, 330),
(2058, 134, 352),
(2059, 134, 387),
(2060, 134, 392),
(2061, 134, 608),
(2062, 135, 24),
(2063, 135, 28),
(2064, 135, 33),
(2065, 135, 39),
(2066, 135, 42),
(2067, 135, 84),
(2068, 135, 86),
(2069, 135, 87),
(2070, 135, 97),
(2071, 135, 98),
(2072, 135, 270),
(2073, 135, 387),
(2074, 135, 422),
(2075, 135, 435),
(2076, 135, 608),
(2077, 136, 28),
(2078, 136, 33),
(2079, 136, 39),
(2080, 136, 44),
(2081, 136, 52),
(2082, 136, 83),
(2083, 136, 98),
(2084, 136, 123),
(2085, 136, 184),
(2086, 136, 270),
(2087, 136, 387),
(2088, 136, 394),
(2089, 136, 424),
(2090, 136, 436),
(2091, 136, 608),
(2092, 137, 33),
(2093, 137, 60),
(2094, 137, 97),
(2095, 137, 105),
(2096, 137, 159),
(2097, 137, 160),
(2098, 137, 161),
(2099, 137, 176),
(2100, 137, 192),
(2101, 137, 199),
(2102, 137, 277),
(2103, 137, 278),
(2104, 137, 324),
(2105, 137, 393),
(2106, 137, 435),
(2107, 138, 43),
(2108, 138, 44),
(2109, 138, 55),
(2110, 138, 56),
(2111, 138, 110),
(2112, 138, 132),
(2113, 138, 182),
(2114, 138, 205),
(2115, 138, 246),
(2116, 138, 321),
(2117, 138, 341),
(2118, 138, 350),
(2119, 138, 362),
(2120, 138, 504),
(2121, 139, 43),
(2122, 139, 44),
(2123, 139, 44),
(2124, 139, 55),
(2125, 139, 56),
(2126, 139, 56),
(2127, 139, 110),
(2128, 139, 131),
(2129, 139, 132),
(2130, 139, 182),
(2131, 139, 205),
(2132, 139, 246),
(2133, 139, 321),
(2134, 139, 341),
(2135, 139, 350),
(2136, 139, 362),
(2137, 139, 504),
(2138, 140, 10),
(2139, 140, 28),
(2140, 140, 43),
(2141, 140, 71),
(2142, 140, 72),
(2143, 140, 106),
(2144, 140, 203),
(2145, 140, 246),
(2146, 140, 319),
(2147, 140, 341),
(2148, 140, 378),
(2149, 140, 453),
(2150, 141, 10),
(2151, 141, 28),
(2152, 141, 43),
(2153, 141, 43),
(2154, 141, 71),
(2155, 141, 71),
(2156, 141, 72),
(2157, 141, 106),
(2158, 141, 163),
(2159, 141, 203),
(2160, 141, 246),
(2161, 141, 319),
(2162, 141, 341),
(2163, 141, 364),
(2164, 141, 378),
(2165, 141, 400),
(2166, 141, 400),
(2167, 141, 453),
(2168, 142, 17),
(2169, 142, 36),
(2170, 142, 44),
(2171, 142, 46),
(2172, 142, 48),
(2173, 142, 63),
(2174, 142, 97),
(2175, 142, 157),
(2176, 142, 184),
(2177, 142, 242),
(2178, 142, 246),
(2179, 142, 416),
(2180, 142, 422),
(2181, 142, 423),
(2182, 142, 424),
(2183, 142, 442),
(2184, 142, 442),
(2185, 142, 507),
(2186, 143, 33),
(2187, 143, 34),
(2188, 143, 111),
(2189, 143, 122),
(2190, 143, 133),
(2191, 143, 156),
(2192, 143, 173),
(2193, 143, 187),
(2194, 143, 205),
(2195, 143, 214),
(2196, 143, 242),
(2197, 143, 281),
(2198, 143, 335),
(2199, 143, 416),
(2200, 143, 484),
(2201, 143, 498),
(2202, 143, 667),
(2203, 144, 16),
(2204, 144, 54),
(2205, 144, 58),
(2206, 144, 59),
(2207, 144, 97),
(2208, 144, 115),
(2209, 144, 170),
(2210, 144, 181),
(2211, 144, 246),
(2212, 144, 258),
(2213, 144, 329),
(2214, 144, 355),
(2215, 144, 366),
(2216, 144, 420),
(2217, 144, 542),
(2218, 144, 573),
(2219, 145, 64),
(2220, 145, 65),
(2221, 145, 84),
(2222, 145, 86),
(2223, 145, 87),
(2224, 145, 97),
(2225, 145, 113),
(2226, 145, 192),
(2227, 145, 197),
(2228, 145, 240),
(2229, 145, 246),
(2230, 145, 268),
(2231, 145, 355),
(2232, 145, 365),
(2233, 145, 435),
(2234, 145, 602),
(2235, 146, 17),
(2236, 146, 52),
(2237, 146, 53),
(2238, 146, 76),
(2239, 146, 83),
(2240, 146, 97),
(2241, 146, 143),
(2242, 146, 203),
(2243, 146, 219),
(2244, 146, 241),
(2245, 146, 246),
(2246, 146, 257),
(2247, 146, 355),
(2248, 146, 403),
(2249, 146, 542),
(2250, 146, 682),
(2251, 147, 21),
(2252, 147, 35),
(2253, 147, 43),
(2254, 147, 63),
(2255, 147, 82),
(2256, 147, 86),
(2257, 147, 97),
(2258, 147, 200),
(2259, 147, 219),
(2260, 147, 239),
(2261, 147, 349),
(2262, 147, 401),
(2263, 147, 407),
(2264, 147, 525),
(2265, 148, 21),
(2266, 148, 35),
(2267, 148, 43),
(2268, 148, 63),
(2269, 148, 82),
(2270, 148, 86),
(2271, 148, 86),
(2272, 148, 97),
(2273, 148, 200),
(2274, 148, 219),
(2275, 148, 239),
(2276, 148, 239),
(2277, 148, 349),
(2278, 148, 401),
(2279, 148, 407),
(2280, 148, 525),
(2281, 149, 7),
(2282, 149, 9),
(2283, 149, 17),
(2284, 149, 21),
(2285, 149, 35),
(2286, 149, 43),
(2287, 149, 63),
(2288, 149, 82),
(2289, 149, 86),
(2290, 149, 86),
(2291, 149, 97),
(2292, 149, 200),
(2293, 149, 219),
(2294, 149, 239),
(2295, 149, 239),
(2296, 149, 349),
(2297, 149, 355),
(2298, 149, 401),
(2299, 149, 407),
(2300, 149, 525),
(2301, 149, 542),
(2302, 149, 542),
(2303, 150, 50),
(2304, 150, 54),
(2305, 150, 93),
(2306, 150, 94),
(2307, 150, 105),
(2308, 150, 112),
(2309, 150, 129),
(2310, 150, 133),
(2311, 150, 149),
(2312, 150, 219),
(2313, 150, 244),
(2314, 150, 248),
(2315, 150, 357),
(2316, 150, 382),
(2317, 150, 384),
(2318, 150, 385),
(2319, 150, 396),
(2320, 150, 427),
(2321, 150, 540),
(2322, 150, 673),
(2323, 151, 1),
(2324, 151, 5),
(2325, 151, 94),
(2326, 151, 112),
(2327, 151, 118),
(2328, 151, 133),
(2329, 151, 144),
(2330, 151, 226),
(2331, 151, 246),
(2332, 151, 382),
(2333, 151, 396),
(2334, 151, 417),
(2335, 151, 513),
(2336, 152, 33),
(2337, 152, 34),
(2338, 152, 45),
(2339, 152, 75),
(2340, 152, 76),
(2341, 152, 77),
(2342, 152, 113),
(2343, 152, 115),
(2344, 152, 219),
(2345, 152, 230),
(2346, 152, 235),
(2347, 152, 312),
(2348, 152, 345),
(2349, 152, 363),
(2350, 153, 33),
(2351, 153, 34),
(2352, 153, 45),
(2353, 153, 75),
(2354, 153, 75),
(2355, 153, 76),
(2356, 153, 77),
(2357, 153, 77),
(2358, 153, 113),
(2359, 153, 115),
(2360, 153, 219),
(2361, 153, 230),
(2362, 153, 235),
(2363, 153, 312),
(2364, 153, 345),
(2365, 153, 363),
(2366, 154, 33),
(2367, 154, 34),
(2368, 154, 45),
(2369, 154, 75),
(2370, 154, 75),
(2371, 154, 76),
(2372, 154, 77),
(2373, 154, 77),
(2374, 154, 80),
(2375, 154, 113),
(2376, 154, 115),
(2377, 154, 219),
(2378, 154, 230),
(2379, 154, 235),
(2380, 154, 312),
(2381, 154, 345),
(2382, 154, 363),
(2383, 154, 572),
(2384, 154, 572),
(2385, 155, 33),
(2386, 155, 38),
(2387, 155, 43),
(2388, 155, 52),
(2389, 155, 53),
(2390, 155, 98),
(2391, 155, 108),
(2392, 155, 111),
(2393, 155, 129),
(2394, 155, 172),
(2395, 155, 205),
(2396, 155, 284),
(2397, 155, 436),
(2398, 155, 488),
(2399, 155, 517),
(2400, 155, 682),
(2401, 156, 33),
(2402, 156, 38),
(2403, 156, 43),
(2404, 156, 52),
(2405, 156, 53),
(2406, 156, 98),
(2407, 156, 108),
(2408, 156, 108),
(2409, 156, 111),
(2410, 156, 129),
(2411, 156, 172),
(2412, 156, 205),
(2413, 156, 284),
(2414, 156, 436),
(2415, 156, 488),
(2416, 156, 517),
(2417, 156, 682),
(2418, 157, 33),
(2419, 157, 38),
(2420, 157, 38),
(2421, 157, 43),
(2422, 157, 52),
(2423, 157, 52),
(2424, 157, 53),
(2425, 157, 98),
(2426, 157, 108),
(2427, 157, 108),
(2428, 157, 111),
(2429, 157, 129),
(2430, 157, 172),
(2431, 157, 205),
(2432, 157, 284),
(2433, 157, 284),
(2434, 157, 360),
(2435, 157, 436),
(2436, 157, 488),
(2437, 157, 517),
(2438, 157, 682),
(2439, 158, 10),
(2440, 158, 37),
(2441, 158, 43),
(2442, 158, 44),
(2443, 158, 55),
(2444, 158, 56),
(2445, 158, 99),
(2446, 158, 103),
(2447, 158, 163),
(2448, 158, 175),
(2449, 158, 184),
(2450, 158, 242),
(2451, 158, 276),
(2452, 158, 401),
(2453, 158, 423),
(2454, 158, 498),
(2455, 159, 10),
(2456, 159, 37),
(2457, 159, 43),
(2458, 159, 44),
(2459, 159, 55),
(2460, 159, 55),
(2461, 159, 56),
(2462, 159, 99),
(2463, 159, 103),
(2464, 159, 163),
(2465, 159, 175),
(2466, 159, 184),
(2467, 159, 242),
(2468, 159, 276),
(2469, 159, 401),
(2470, 159, 423),
(2471, 159, 498),
(2472, 160, 10),
(2473, 160, 37),
(2474, 160, 43),
(2475, 160, 44),
(2476, 160, 55),
(2477, 160, 55),
(2478, 160, 56),
(2479, 160, 97),
(2480, 160, 99),
(2481, 160, 99),
(2482, 160, 103),
(2483, 160, 163),
(2484, 160, 175),
(2485, 160, 184),
(2486, 160, 242),
(2487, 160, 276),
(2488, 160, 401),
(2489, 160, 423),
(2490, 160, 498),
(2491, 161, 10),
(2492, 161, 21),
(2493, 161, 98),
(2494, 161, 111),
(2495, 161, 133),
(2496, 161, 154),
(2497, 161, 156),
(2498, 161, 193),
(2499, 161, 226),
(2500, 161, 266),
(2501, 161, 270),
(2502, 161, 304),
(2503, 161, 382),
(2504, 161, 389),
(2505, 162, 10),
(2506, 162, 21),
(2507, 162, 97),
(2508, 162, 98),
(2509, 162, 98),
(2510, 162, 111),
(2511, 162, 111),
(2512, 162, 133),
(2513, 162, 154),
(2514, 162, 156),
(2515, 162, 193),
(2516, 162, 226),
(2517, 162, 266),
(2518, 162, 270),
(2519, 162, 304),
(2520, 162, 382),
(2521, 162, 389),
(2522, 162, 489),
(2523, 163, 33),
(2524, 163, 36),
(2525, 163, 45),
(2526, 163, 64),
(2527, 163, 93),
(2528, 163, 95),
(2529, 163, 115),
(2530, 163, 138),
(2531, 163, 193),
(2532, 163, 253),
(2533, 163, 326),
(2534, 163, 355),
(2535, 163, 375),
(2536, 163, 403),
(2537, 163, 428),
(2538, 163, 485),
(2539, 163, 497),
(2540, 163, 585),
(2541, 164, 33),
(2542, 164, 36),
(2543, 164, 45),
(2544, 164, 64),
(2545, 164, 93),
(2546, 164, 95),
(2547, 164, 95),
(2548, 164, 115),
(2549, 164, 138),
(2550, 164, 138),
(2551, 164, 143),
(2552, 164, 193),
(2553, 164, 253),
(2554, 164, 326),
(2555, 164, 355),
(2556, 164, 375),
(2557, 164, 403),
(2558, 164, 428),
(2559, 164, 485),
(2560, 164, 497),
(2561, 164, 585),
(2562, 165, 4),
(2563, 165, 33),
(2564, 165, 38),
(2565, 165, 48),
(2566, 165, 97),
(2567, 165, 113),
(2568, 165, 115),
(2569, 165, 129),
(2570, 165, 183),
(2571, 165, 219),
(2572, 165, 226),
(2573, 165, 318),
(2574, 165, 403),
(2575, 165, 405),
(2576, 166, 4),
(2577, 166, 33),
(2578, 166, 38),
(2579, 166, 48),
(2580, 166, 48),
(2581, 166, 97),
(2582, 166, 113),
(2583, 166, 115),
(2584, 166, 129),
(2585, 166, 129),
(2586, 166, 183),
(2587, 166, 219),
(2588, 166, 226),
(2589, 166, 318),
(2590, 166, 403),
(2591, 166, 405),
(2592, 167, 40),
(2593, 167, 42),
(2594, 167, 71),
(2595, 167, 81),
(2596, 167, 94),
(2597, 167, 97),
(2598, 167, 101),
(2599, 167, 132),
(2600, 167, 154),
(2601, 167, 169),
(2602, 167, 184),
(2603, 167, 389),
(2604, 167, 398),
(2605, 167, 425),
(2606, 167, 440),
(2607, 167, 564),
(2608, 167, 611),
(2609, 167, 672),
(2610, 168, 14),
(2611, 168, 40),
(2612, 168, 42),
(2613, 168, 71),
(2614, 168, 71),
(2615, 168, 81),
(2616, 168, 94),
(2617, 168, 97),
(2618, 168, 101),
(2619, 168, 116),
(2620, 168, 132),
(2621, 168, 154),
(2622, 168, 169),
(2623, 168, 184),
(2624, 168, 389),
(2625, 168, 398),
(2626, 168, 425),
(2627, 168, 440),
(2628, 168, 450),
(2629, 168, 564),
(2630, 168, 565),
(2631, 168, 599),
(2632, 168, 611),
(2633, 168, 672),
(2634, 169, 17),
(2635, 169, 44),
(2636, 169, 44),
(2637, 169, 48),
(2638, 169, 48),
(2639, 169, 71),
(2640, 169, 103),
(2641, 169, 109),
(2642, 169, 114),
(2643, 169, 129),
(2644, 169, 141),
(2645, 169, 212),
(2646, 169, 305),
(2647, 169, 310),
(2648, 169, 310),
(2649, 169, 314),
(2650, 169, 403),
(2651, 169, 440),
(2652, 169, 474),
(2653, 169, 501),
(2654, 170, 36),
(2655, 170, 48),
(2656, 170, 55),
(2657, 170, 56),
(2658, 170, 61),
(2659, 170, 86),
(2660, 170, 109),
(2661, 170, 145),
(2662, 170, 175),
(2663, 170, 209),
(2664, 170, 268),
(2665, 170, 324),
(2666, 170, 392),
(2667, 170, 435),
(2668, 170, 486),
(2669, 170, 569),
(2670, 171, 36),
(2671, 171, 48),
(2672, 171, 55),
(2673, 171, 56),
(2674, 171, 61),
(2675, 171, 86),
(2676, 171, 86),
(2677, 171, 109),
(2678, 171, 145),
(2679, 171, 175),
(2680, 171, 209),
(2681, 171, 254),
(2682, 171, 255),
(2683, 171, 256),
(2684, 171, 268),
(2685, 171, 324),
(2686, 171, 392),
(2687, 171, 435),
(2688, 171, 486),
(2689, 171, 486),
(2690, 171, 569),
(2691, 171, 598),
(2692, 171, 671),
(2693, 172, 39),
(2694, 172, 84),
(2695, 172, 86),
(2696, 172, 186),
(2697, 172, 204),
(2698, 172, 417),
(2699, 173, 1),
(2700, 173, 47),
(2701, 173, 186),
(2702, 173, 204),
(2703, 173, 227),
(2704, 173, 345),
(2705, 173, 383),
(2706, 174, 1),
(2707, 174, 47),
(2708, 174, 111),
(2709, 174, 186),
(2710, 174, 204),
(2711, 174, 383),
(2712, 175, 38),
(2713, 175, 45),
(2714, 175, 118),
(2715, 175, 186),
(2716, 175, 204),
(2717, 175, 219),
(2718, 175, 226),
(2719, 175, 227),
(2720, 175, 246),
(2721, 175, 266),
(2722, 175, 273),
(2723, 175, 281),
(2724, 175, 387),
(2725, 175, 495),
(2726, 175, 516),
(2727, 176, 38),
(2728, 176, 45),
(2729, 176, 118),
(2730, 176, 118),
(2731, 176, 186),
(2732, 176, 186),
(2733, 176, 204),
(2734, 176, 219),
(2735, 176, 226),
(2736, 176, 227),
(2737, 176, 246),
(2738, 176, 266),
(2739, 176, 273),
(2740, 176, 281),
(2741, 176, 345),
(2742, 176, 387),
(2743, 176, 495),
(2744, 176, 516),
(2745, 176, 584),
(2746, 177, 43),
(2747, 177, 64),
(2748, 177, 94),
(2749, 177, 100),
(2750, 177, 101),
(2751, 177, 109),
(2752, 177, 248),
(2753, 177, 273),
(2754, 177, 357),
(2755, 177, 375),
(2756, 177, 381),
(2757, 177, 382),
(2758, 177, 384),
(2759, 177, 385),
(2760, 177, 466),
(2761, 177, 500),
(2762, 178, 43),
(2763, 178, 64),
(2764, 178, 94),
(2765, 178, 100),
(2766, 178, 100),
(2767, 178, 101),
(2768, 178, 101),
(2769, 178, 109),
(2770, 178, 248),
(2771, 178, 273),
(2772, 178, 357),
(2773, 178, 366),
(2774, 178, 375),
(2775, 178, 381),
(2776, 178, 382),
(2777, 178, 384),
(2778, 178, 385),
(2779, 178, 403),
(2780, 178, 466),
(2781, 178, 500),
(2782, 179, 33),
(2783, 179, 36),
(2784, 179, 45),
(2785, 179, 84),
(2786, 179, 86),
(2787, 179, 87),
(2788, 179, 109),
(2789, 179, 113),
(2790, 179, 178),
(2791, 179, 268),
(2792, 179, 324),
(2793, 179, 408),
(2794, 179, 435),
(2795, 179, 486),
(2796, 179, 538),
(2797, 180, 33),
(2798, 180, 36),
(2799, 180, 45),
(2800, 180, 84),
(2801, 180, 84),
(2802, 180, 86),
(2803, 180, 86),
(2804, 180, 87),
(2805, 180, 109),
(2806, 180, 113),
(2807, 180, 178),
(2808, 180, 268),
(2809, 180, 324),
(2810, 180, 408),
(2811, 180, 435),
(2812, 180, 486),
(2813, 180, 538),
(2814, 181, 7),
(2815, 181, 9),
(2816, 181, 33),
(2817, 181, 36),
(2818, 181, 45),
(2819, 181, 84),
(2820, 181, 84),
(2821, 181, 86),
(2822, 181, 86),
(2823, 181, 87),
(2824, 181, 109),
(2825, 181, 113),
(2826, 181, 178),
(2827, 181, 192),
(2828, 181, 268),
(2829, 181, 324),
(2830, 181, 406),
(2831, 181, 406),
(2832, 181, 408),
(2833, 181, 435),
(2834, 181, 486),
(2835, 181, 538),
(2836, 181, 569),
(2837, 181, 602),
(2838, 182, 72),
(2839, 182, 78),
(2840, 182, 80),
(2841, 182, 230),
(2842, 182, 241),
(2843, 182, 345),
(2844, 182, 348),
(2845, 182, 437),
(2846, 182, 437),
(2847, 182, 483),
(2848, 182, 572),
(2849, 183, 33),
(2850, 183, 38),
(2851, 183, 39),
(2852, 183, 55),
(2853, 183, 56),
(2854, 183, 61),
(2855, 183, 111),
(2856, 183, 145),
(2857, 183, 205),
(2858, 183, 240),
(2859, 183, 270),
(2860, 183, 276),
(2861, 183, 346),
(2862, 183, 392),
(2863, 183, 401),
(2864, 183, 583),
(2865, 184, 33),
(2866, 184, 38),
(2867, 184, 39),
(2868, 184, 39),
(2869, 184, 55),
(2870, 184, 56),
(2871, 184, 61),
(2872, 184, 111),
(2873, 184, 145),
(2874, 184, 205),
(2875, 184, 240),
(2876, 184, 270),
(2877, 184, 276),
(2878, 184, 346),
(2879, 184, 346),
(2880, 184, 392),
(2881, 184, 401),
(2882, 184, 583),
(2883, 185, 21),
(2884, 185, 38),
(2885, 185, 67),
(2886, 185, 67),
(2887, 185, 68),
(2888, 185, 88),
(2889, 185, 88),
(2890, 185, 102),
(2891, 185, 157),
(2892, 185, 175),
(2893, 185, 175),
(2894, 185, 185),
(2895, 185, 317),
(2896, 185, 335),
(2897, 185, 359),
(2898, 185, 383),
(2899, 185, 389),
(2900, 185, 444),
(2901, 185, 452),
(2902, 185, 457),
(2903, 185, 715),
(2904, 186, 3),
(2905, 186, 61),
(2906, 186, 95),
(2907, 186, 195),
(2908, 186, 207),
(2909, 186, 304),
(2910, 186, 340),
(2911, 187, 33),
(2912, 187, 39),
(2913, 187, 71),
(2914, 187, 72),
(2915, 187, 73),
(2916, 187, 77),
(2917, 187, 78),
(2918, 187, 79),
(2919, 187, 150),
(2920, 187, 178),
(2921, 187, 202),
(2922, 187, 235),
(2923, 187, 262),
(2924, 187, 331),
(2925, 187, 340),
(2926, 187, 369),
(2927, 187, 388),
(2928, 187, 476),
(2929, 187, 512),
(2930, 187, 584),
(2931, 188, 33),
(2932, 188, 39),
(2933, 188, 39),
(2934, 188, 71),
(2935, 188, 72),
(2936, 188, 73),
(2937, 188, 77),
(2938, 188, 78),
(2939, 188, 79),
(2940, 188, 150),
(2941, 188, 178),
(2942, 188, 202),
(2943, 188, 235),
(2944, 188, 235),
(2945, 188, 262),
(2946, 188, 331),
(2947, 188, 340),
(2948, 188, 369),
(2949, 188, 388),
(2950, 188, 476),
(2951, 188, 512),
(2952, 188, 584),
(2953, 189, 33),
(2954, 189, 39),
(2955, 189, 39),
(2956, 189, 71),
(2957, 189, 72),
(2958, 189, 73),
(2959, 189, 77),
(2960, 189, 78),
(2961, 189, 79),
(2962, 189, 150),
(2963, 189, 178),
(2964, 189, 202),
(2965, 189, 235),
(2966, 189, 235),
(2967, 189, 262),
(2968, 189, 331),
(2969, 189, 340),
(2970, 189, 369),
(2971, 189, 388),
(2972, 189, 476),
(2973, 189, 512),
(2974, 189, 584),
(2975, 190, 10),
(2976, 190, 28),
(2977, 190, 39),
(2978, 190, 97),
(2979, 190, 103),
(2980, 190, 129),
(2981, 190, 154),
(2982, 190, 226),
(2983, 190, 310),
(2984, 190, 321),
(2985, 190, 374),
(2986, 190, 387),
(2987, 190, 417),
(2988, 190, 458),
(2989, 191, 38),
(2990, 191, 71),
(2991, 191, 72),
(2992, 191, 73),
(2993, 191, 74),
(2994, 191, 75),
(2995, 191, 76),
(2996, 191, 202),
(2997, 191, 235),
(2998, 191, 241),
(2999, 191, 275),
(3000, 191, 283),
(3001, 191, 320),
(3002, 191, 363),
(3003, 191, 388),
(3004, 191, 402),
(3005, 192, 1),
(3006, 192, 38),
(3007, 192, 71),
(3008, 192, 72),
(3009, 192, 73),
(3010, 192, 74),
(3011, 192, 75),
(3012, 192, 76),
(3013, 192, 80),
(3014, 192, 202),
(3015, 192, 241),
(3016, 192, 275),
(3017, 192, 320),
(3018, 192, 331),
(3019, 192, 363),
(3020, 192, 388),
(3021, 192, 437),
(3022, 192, 572),
(3023, 192, 579),
(3024, 193, 17),
(3025, 193, 33),
(3026, 193, 48),
(3027, 193, 49),
(3028, 193, 95),
(3029, 193, 98),
(3030, 193, 103),
(3031, 193, 104),
(3032, 193, 193),
(3033, 193, 197),
(3034, 193, 228),
(3035, 193, 246),
(3036, 193, 253),
(3037, 193, 369),
(3038, 193, 403),
(3039, 193, 405),
(3040, 194, 21),
(3041, 194, 39),
(3042, 194, 54),
(3043, 194, 55),
(3044, 194, 89),
(3045, 194, 114),
(3046, 194, 133),
(3047, 194, 240),
(3048, 194, 281),
(3049, 194, 300),
(3050, 194, 330),
(3051, 194, 341),
(3052, 194, 426),
(3053, 195, 21),
(3054, 195, 39),
(3055, 195, 54),
(3056, 195, 55),
(3057, 195, 89),
(3058, 195, 114),
(3059, 195, 133),
(3060, 195, 240),
(3061, 195, 281),
(3062, 195, 300),
(3063, 195, 300),
(3064, 195, 330),
(3065, 195, 341),
(3066, 195, 426),
(3067, 196, 28),
(3068, 196, 33),
(3069, 196, 39),
(3070, 196, 60),
(3071, 196, 93),
(3072, 196, 94),
(3073, 196, 98),
(3074, 196, 129),
(3075, 196, 234),
(3076, 196, 244),
(3077, 196, 248),
(3078, 196, 270),
(3079, 196, 384),
(3080, 196, 387),
(3081, 196, 608),
(3082, 197, 28),
(3083, 197, 33),
(3084, 197, 39),
(3085, 197, 98),
(3086, 197, 103),
(3087, 197, 109),
(3088, 197, 185),
(3089, 197, 212),
(3090, 197, 228),
(3091, 197, 236),
(3092, 197, 270),
(3093, 197, 372),
(3094, 197, 385),
(3095, 197, 387),
(3096, 197, 608),
(3097, 198, 17),
(3098, 198, 64),
(3099, 198, 101),
(3100, 198, 114),
(3101, 198, 185),
(3102, 198, 212),
(3103, 198, 228),
(3104, 198, 259),
(3105, 198, 269),
(3106, 198, 310),
(3107, 198, 366),
(3108, 198, 372),
(3109, 198, 389),
(3110, 198, 492),
(3111, 198, 511),
(3112, 199, 29),
(3113, 199, 33),
(3114, 199, 45),
(3115, 199, 50),
(3116, 199, 55),
(3117, 199, 93),
(3118, 199, 94),
(3119, 199, 174),
(3120, 199, 207),
(3121, 199, 237),
(3122, 199, 244),
(3123, 199, 281),
(3124, 199, 352),
(3125, 199, 376),
(3126, 199, 408),
(3127, 199, 417),
(3128, 199, 428),
(3129, 199, 505),
(3130, 199, 505),
(3131, 200, 45),
(3132, 200, 60),
(3133, 200, 109),
(3134, 200, 149),
(3135, 200, 180),
(3136, 200, 195),
(3137, 200, 212),
(3138, 200, 220),
(3139, 200, 247),
(3140, 200, 288),
(3141, 200, 310),
(3142, 200, 371),
(3143, 200, 408),
(3144, 200, 506),
(3145, 201, 237),
(3146, 202, 68),
(3147, 202, 194),
(3148, 202, 219),
(3149, 202, 243),
(3150, 203, 23),
(3151, 203, 33),
(3152, 203, 45),
(3153, 203, 60),
(3154, 203, 93),
(3155, 203, 94),
(3156, 203, 97),
(3157, 203, 226),
(3158, 203, 242),
(3159, 203, 310),
(3160, 203, 316),
(3161, 203, 372),
(3162, 203, 384),
(3163, 203, 385),
(3164, 203, 417),
(3165, 203, 428),
(3166, 203, 458),
(3167, 204, 33),
(3168, 204, 36),
(3169, 204, 38),
(3170, 204, 117),
(3171, 204, 120),
(3172, 204, 153),
(3173, 204, 182),
(3174, 204, 191),
(3175, 204, 229),
(3176, 204, 334),
(3177, 204, 360),
(3178, 204, 363),
(3179, 204, 371),
(3180, 204, 450),
(3181, 205, 33),
(3182, 205, 36),
(3183, 205, 38),
(3184, 205, 117),
(3185, 205, 120),
(3186, 205, 120),
(3187, 205, 153),
(3188, 205, 182),
(3189, 205, 191),
(3190, 205, 192),
(3191, 205, 192),
(3192, 205, 229),
(3193, 205, 334),
(3194, 205, 360),
(3195, 205, 363),
(3196, 205, 371),
(3197, 205, 390),
(3198, 205, 393),
(3199, 205, 393),
(3200, 205, 429),
(3201, 205, 450),
(3202, 205, 450),
(3203, 205, 475),
(3204, 205, 484),
(3205, 205, 484),
(3206, 206, 34),
(3207, 206, 36),
(3208, 206, 38),
(3209, 206, 91),
(3210, 206, 99),
(3211, 206, 103),
(3212, 206, 111),
(3213, 206, 137),
(3214, 206, 175),
(3215, 206, 180),
(3216, 206, 189),
(3217, 206, 203),
(3218, 206, 205),
(3219, 206, 228),
(3220, 206, 246),
(3221, 206, 281),
(3222, 206, 283),
(3223, 206, 355),
(3224, 206, 403),
(3225, 206, 407),
(3226, 206, 489),
(3227, 206, 529),
(3228, 207, 12),
(3229, 207, 14),
(3230, 207, 28),
(3231, 207, 40),
(3232, 207, 98),
(3233, 207, 103),
(3234, 207, 106),
(3235, 207, 163),
(3236, 207, 185),
(3237, 207, 210),
(3238, 207, 282),
(3239, 207, 327),
(3240, 207, 369),
(3241, 207, 404),
(3242, 207, 512),
(3243, 208, 20),
(3244, 208, 21),
(3245, 208, 33),
(3246, 208, 38),
(3247, 208, 88),
(3248, 208, 91),
(3249, 208, 99),
(3250, 208, 103),
(3251, 208, 106),
(3252, 208, 157),
(3253, 208, 174),
(3254, 208, 201),
(3255, 208, 225),
(3256, 208, 231),
(3257, 208, 242),
(3258, 208, 300),
(3259, 208, 317),
(3260, 208, 360),
(3261, 208, 422),
(3262, 208, 423),
(3263, 208, 424),
(3264, 208, 444),
(3265, 208, 446),
(3266, 208, 475),
(3267, 208, 479),
(3268, 209, 29),
(3269, 209, 33),
(3270, 209, 39),
(3271, 209, 44),
(3272, 209, 46),
(3273, 209, 99),
(3274, 209, 122),
(3275, 209, 184),
(3276, 209, 204),
(3277, 209, 242),
(3278, 209, 371),
(3279, 209, 422),
(3280, 209, 423),
(3281, 209, 424),
(3282, 209, 583),
(3283, 210, 29),
(3284, 210, 33),
(3285, 210, 39),
(3286, 210, 44),
(3287, 210, 46),
(3288, 210, 99),
(3289, 210, 122),
(3290, 210, 184),
(3291, 210, 200),
(3292, 210, 200),
(3293, 210, 204),
(3294, 210, 242),
(3295, 210, 371),
(3296, 210, 422),
(3297, 210, 423),
(3298, 210, 424),
(3299, 210, 583),
(3300, 211, 33),
(3301, 211, 36),
(3302, 211, 40),
(3303, 211, 42),
(3304, 211, 55),
(3305, 211, 56),
(3306, 211, 56),
(3307, 211, 106),
(3308, 211, 107),
(3309, 211, 145),
(3310, 211, 191),
(3311, 211, 194),
(3312, 211, 194),
(3313, 211, 205),
(3314, 211, 254),
(3315, 211, 255),
(3316, 211, 279),
(3317, 211, 362),
(3318, 211, 390),
(3319, 211, 398),
(3320, 211, 401),
(3321, 211, 565),
(3322, 211, 565),
(3323, 212, 13),
(3324, 212, 14),
(3325, 212, 43),
(3326, 212, 97),
(3327, 212, 98),
(3328, 212, 116),
(3329, 212, 163),
(3330, 212, 206),
(3331, 212, 210),
(3332, 212, 228),
(3333, 212, 232),
(3334, 212, 334),
(3335, 212, 364),
(3336, 212, 364),
(3337, 212, 400),
(3338, 212, 404),
(3339, 212, 418),
(3340, 212, 442),
(3341, 212, 458),
(3342, 213, 35),
(3343, 213, 88),
(3344, 213, 110),
(3345, 213, 117),
(3346, 213, 132),
(3347, 213, 156),
(3348, 213, 157),
(3349, 213, 205),
(3350, 213, 219),
(3351, 213, 227),
(3352, 213, 379),
(3353, 213, 380),
(3354, 213, 444),
(3355, 213, 450),
(3356, 213, 470),
(3357, 213, 471),
(3358, 213, 504),
(3359, 213, 522),
(3360, 213, 564),
(3361, 213, 564),
(3362, 214, 30),
(3363, 214, 31),
(3364, 214, 33),
(3365, 214, 36),
(3366, 214, 42),
(3367, 214, 43),
(3368, 214, 68),
(3369, 214, 179),
(3370, 214, 203),
(3371, 214, 224),
(3372, 214, 280),
(3373, 214, 292),
(3374, 214, 331);
INSERT INTO `pokemon_moves` (`pokemon_move_id`, `pokemon_id`, `move_id`) VALUES
(3375, 214, 332),
(3376, 214, 364),
(3377, 214, 370),
(3378, 214, 400),
(3379, 214, 498),
(3380, 215, 10),
(3381, 215, 43),
(3382, 215, 97),
(3383, 215, 98),
(3384, 215, 103),
(3385, 215, 154),
(3386, 215, 163),
(3387, 215, 185),
(3388, 215, 196),
(3389, 215, 232),
(3390, 215, 251),
(3391, 215, 269),
(3392, 215, 289),
(3393, 215, 386),
(3394, 215, 420),
(3395, 215, 468),
(3396, 216, 10),
(3397, 216, 37),
(3398, 216, 122),
(3399, 216, 154),
(3400, 216, 156),
(3401, 216, 163),
(3402, 216, 173),
(3403, 216, 185),
(3404, 216, 204),
(3405, 216, 230),
(3406, 216, 313),
(3407, 216, 343),
(3408, 216, 374),
(3409, 216, 374),
(3410, 216, 589),
(3411, 216, 608),
(3412, 217, 10),
(3413, 217, 37),
(3414, 217, 43),
(3415, 217, 122),
(3416, 217, 154),
(3417, 217, 156),
(3418, 217, 163),
(3419, 217, 173),
(3420, 217, 184),
(3421, 217, 185),
(3422, 217, 230),
(3423, 217, 313),
(3424, 217, 343),
(3425, 217, 359),
(3426, 217, 359),
(3427, 217, 589),
(3428, 218, 34),
(3429, 218, 52),
(3430, 218, 53),
(3431, 218, 88),
(3432, 218, 105),
(3433, 218, 106),
(3434, 218, 123),
(3435, 218, 133),
(3436, 218, 157),
(3437, 218, 246),
(3438, 218, 281),
(3439, 218, 414),
(3440, 218, 436),
(3441, 218, 481),
(3442, 218, 499),
(3443, 218, 510),
(3444, 219, 34),
(3445, 219, 52),
(3446, 219, 52),
(3447, 219, 53),
(3448, 219, 88),
(3449, 219, 88),
(3450, 219, 105),
(3451, 219, 106),
(3452, 219, 123),
(3453, 219, 133),
(3454, 219, 157),
(3455, 219, 246),
(3456, 219, 281),
(3457, 219, 414),
(3458, 219, 414),
(3459, 219, 436),
(3460, 219, 481),
(3461, 219, 499),
(3462, 219, 504),
(3463, 219, 510),
(3464, 220, 33),
(3465, 220, 36),
(3466, 220, 54),
(3467, 220, 59),
(3468, 220, 89),
(3469, 220, 133),
(3470, 220, 175),
(3471, 220, 181),
(3472, 220, 189),
(3473, 220, 196),
(3474, 220, 203),
(3475, 220, 300),
(3476, 220, 316),
(3477, 220, 420),
(3478, 220, 426),
(3479, 221, 31),
(3480, 221, 36),
(3481, 221, 37),
(3482, 221, 54),
(3483, 221, 59),
(3484, 221, 64),
(3485, 221, 89),
(3486, 221, 133),
(3487, 221, 181),
(3488, 221, 181),
(3489, 221, 189),
(3490, 221, 196),
(3491, 221, 203),
(3492, 221, 246),
(3493, 221, 300),
(3494, 221, 300),
(3495, 221, 316),
(3496, 221, 423),
(3497, 221, 426),
(3498, 222, 33),
(3499, 222, 61),
(3500, 222, 105),
(3501, 222, 106),
(3502, 222, 131),
(3503, 222, 145),
(3504, 222, 175),
(3505, 222, 203),
(3506, 222, 243),
(3507, 222, 246),
(3508, 222, 287),
(3509, 222, 334),
(3510, 222, 350),
(3511, 222, 362),
(3512, 222, 381),
(3513, 222, 392),
(3514, 222, 408),
(3515, 222, 414),
(3516, 223, 55),
(3517, 223, 56),
(3518, 223, 58),
(3519, 223, 60),
(3520, 223, 61),
(3521, 223, 62),
(3522, 223, 63),
(3523, 223, 116),
(3524, 223, 199),
(3525, 223, 324),
(3526, 223, 331),
(3527, 223, 352),
(3528, 223, 487),
(3529, 224, 55),
(3530, 224, 56),
(3531, 224, 58),
(3532, 224, 60),
(3533, 224, 60),
(3534, 224, 61),
(3535, 224, 62),
(3536, 224, 62),
(3537, 224, 63),
(3538, 224, 116),
(3539, 224, 132),
(3540, 224, 132),
(3541, 224, 190),
(3542, 224, 324),
(3543, 224, 331),
(3544, 224, 350),
(3545, 224, 378),
(3546, 224, 441),
(3547, 224, 487),
(3548, 225, 65),
(3549, 225, 217),
(3550, 226, 17),
(3551, 226, 29),
(3552, 226, 33),
(3553, 226, 36),
(3554, 226, 48),
(3555, 226, 48),
(3556, 226, 56),
(3557, 226, 60),
(3558, 226, 61),
(3559, 226, 61),
(3560, 226, 97),
(3561, 226, 109),
(3562, 226, 145),
(3563, 226, 324),
(3564, 226, 331),
(3565, 226, 340),
(3566, 226, 352),
(3567, 226, 355),
(3568, 226, 392),
(3569, 226, 403),
(3570, 226, 469),
(3571, 227, 28),
(3572, 227, 31),
(3573, 227, 43),
(3574, 227, 64),
(3575, 227, 97),
(3576, 227, 129),
(3577, 227, 163),
(3578, 227, 191),
(3579, 227, 211),
(3580, 227, 232),
(3581, 227, 314),
(3582, 227, 319),
(3583, 227, 364),
(3584, 227, 400),
(3585, 227, 403),
(3586, 227, 475),
(3587, 228, 43),
(3588, 228, 44),
(3589, 228, 46),
(3590, 228, 52),
(3591, 228, 53),
(3592, 228, 123),
(3593, 228, 185),
(3594, 228, 242),
(3595, 228, 251),
(3596, 228, 316),
(3597, 228, 336),
(3598, 228, 373),
(3599, 228, 417),
(3600, 228, 424),
(3601, 228, 492),
(3602, 228, 517),
(3603, 229, 43),
(3604, 229, 44),
(3605, 229, 46),
(3606, 229, 52),
(3607, 229, 53),
(3608, 229, 123),
(3609, 229, 123),
(3610, 229, 185),
(3611, 229, 242),
(3612, 229, 251),
(3613, 229, 316),
(3614, 229, 336),
(3615, 229, 336),
(3616, 229, 373),
(3617, 229, 417),
(3618, 229, 417),
(3619, 229, 422),
(3620, 229, 424),
(3621, 229, 492),
(3622, 229, 517),
(3623, 229, 517),
(3624, 230, 43),
(3625, 230, 43),
(3626, 230, 55),
(3627, 230, 55),
(3628, 230, 56),
(3629, 230, 56),
(3630, 230, 61),
(3631, 230, 97),
(3632, 230, 108),
(3633, 230, 108),
(3634, 230, 116),
(3635, 230, 145),
(3636, 230, 239),
(3637, 230, 281),
(3638, 230, 349),
(3639, 230, 362),
(3640, 230, 406),
(3641, 231, 21),
(3642, 231, 33),
(3643, 231, 36),
(3644, 231, 38),
(3645, 231, 45),
(3646, 231, 111),
(3647, 231, 175),
(3648, 231, 203),
(3649, 231, 204),
(3650, 231, 205),
(3651, 231, 316),
(3652, 231, 363),
(3653, 231, 387),
(3654, 232, 21),
(3655, 232, 30),
(3656, 232, 31),
(3657, 232, 45),
(3658, 232, 89),
(3659, 232, 111),
(3660, 232, 184),
(3661, 232, 205),
(3662, 232, 222),
(3663, 232, 229),
(3664, 232, 282),
(3665, 232, 372),
(3666, 232, 416),
(3667, 232, 422),
(3668, 232, 424),
(3669, 232, 523),
(3670, 233, 33),
(3671, 233, 60),
(3672, 233, 63),
(3673, 233, 97),
(3674, 233, 105),
(3675, 233, 111),
(3676, 233, 160),
(3677, 233, 161),
(3678, 233, 176),
(3679, 233, 192),
(3680, 233, 192),
(3681, 233, 199),
(3682, 233, 277),
(3683, 233, 277),
(3684, 233, 278),
(3685, 233, 324),
(3686, 233, 393),
(3687, 233, 435),
(3688, 234, 23),
(3689, 234, 26),
(3690, 234, 28),
(3691, 234, 33),
(3692, 234, 36),
(3693, 234, 43),
(3694, 234, 95),
(3695, 234, 109),
(3696, 234, 272),
(3697, 234, 286),
(3698, 234, 310),
(3699, 234, 347),
(3700, 234, 382),
(3701, 234, 382),
(3702, 234, 428),
(3703, 234, 445),
(3704, 235, 166),
(3705, 235, 166),
(3706, 235, 166),
(3707, 235, 166),
(3708, 235, 166),
(3709, 235, 166),
(3710, 235, 166),
(3711, 235, 166),
(3712, 235, 166),
(3713, 235, 166),
(3714, 236, 33),
(3715, 236, 193),
(3716, 236, 252),
(3717, 236, 270),
(3718, 237, 27),
(3719, 237, 68),
(3720, 237, 97),
(3721, 237, 98),
(3722, 237, 98),
(3723, 237, 116),
(3724, 237, 116),
(3725, 237, 167),
(3726, 237, 197),
(3727, 237, 197),
(3728, 237, 228),
(3729, 237, 228),
(3730, 237, 229),
(3731, 237, 279),
(3732, 237, 283),
(3733, 237, 283),
(3734, 237, 360),
(3735, 237, 364),
(3736, 237, 370),
(3737, 237, 370),
(3738, 237, 469),
(3739, 237, 501),
(3740, 238, 1),
(3741, 238, 47),
(3742, 238, 59),
(3743, 238, 93),
(3744, 238, 94),
(3745, 238, 122),
(3746, 238, 181),
(3747, 238, 186),
(3748, 238, 195),
(3749, 238, 212),
(3750, 238, 313),
(3751, 238, 381),
(3752, 238, 383),
(3753, 238, 419),
(3754, 238, 531),
(3755, 239, 9),
(3756, 239, 43),
(3757, 239, 67),
(3758, 239, 84),
(3759, 239, 85),
(3760, 239, 86),
(3761, 239, 87),
(3762, 239, 98),
(3763, 239, 103),
(3764, 239, 113),
(3765, 239, 129),
(3766, 239, 351),
(3767, 239, 435),
(3768, 239, 486),
(3769, 240, 7),
(3770, 240, 43),
(3771, 240, 52),
(3772, 240, 53),
(3773, 240, 83),
(3774, 240, 108),
(3775, 240, 109),
(3776, 240, 123),
(3777, 240, 126),
(3778, 240, 185),
(3779, 240, 241),
(3780, 240, 436),
(3781, 240, 481),
(3782, 240, 499),
(3783, 241, 23),
(3784, 241, 33),
(3785, 241, 34),
(3786, 241, 45),
(3787, 241, 111),
(3788, 241, 117),
(3789, 241, 205),
(3790, 241, 208),
(3791, 241, 215),
(3792, 241, 358),
(3793, 241, 360),
(3794, 241, 428),
(3795, 241, 445),
(3796, 242, 1),
(3797, 242, 3),
(3798, 242, 36),
(3799, 242, 38),
(3800, 242, 38),
(3801, 242, 39),
(3802, 242, 45),
(3803, 242, 47),
(3804, 242, 107),
(3805, 242, 111),
(3806, 242, 113),
(3807, 242, 121),
(3808, 242, 135),
(3809, 242, 287),
(3810, 242, 361),
(3811, 242, 374),
(3812, 242, 505),
(3813, 242, 516),
(3814, 243, 43),
(3815, 243, 44),
(3816, 243, 46),
(3817, 243, 84),
(3818, 243, 87),
(3819, 243, 98),
(3820, 243, 115),
(3821, 243, 209),
(3822, 243, 240),
(3823, 243, 242),
(3824, 243, 326),
(3825, 243, 326),
(3826, 243, 347),
(3827, 243, 422),
(3828, 243, 435),
(3829, 243, 435),
(3830, 244, 23),
(3831, 244, 43),
(3832, 244, 44),
(3833, 244, 46),
(3834, 244, 52),
(3835, 244, 53),
(3836, 244, 83),
(3837, 244, 126),
(3838, 244, 207),
(3839, 244, 221),
(3840, 244, 284),
(3841, 244, 284),
(3842, 244, 326),
(3843, 244, 326),
(3844, 244, 347),
(3845, 244, 424),
(3846, 244, 436),
(3847, 244, 436),
(3848, 245, 16),
(3849, 245, 43),
(3850, 245, 44),
(3851, 245, 54),
(3852, 245, 56),
(3853, 245, 59),
(3854, 245, 61),
(3855, 245, 61),
(3856, 245, 62),
(3857, 245, 240),
(3858, 245, 240),
(3859, 245, 243),
(3860, 245, 326),
(3861, 245, 329),
(3862, 245, 347),
(3863, 245, 366),
(3864, 245, 423),
(3865, 246, 37),
(3866, 246, 43),
(3867, 246, 44),
(3868, 246, 63),
(3869, 246, 89),
(3870, 246, 103),
(3871, 246, 157),
(3872, 246, 184),
(3873, 246, 201),
(3874, 246, 242),
(3875, 246, 371),
(3876, 246, 399),
(3877, 246, 444),
(3878, 246, 498),
(3879, 247, 37),
(3880, 247, 43),
(3881, 247, 44),
(3882, 247, 63),
(3883, 247, 89),
(3884, 247, 103),
(3885, 247, 103),
(3886, 247, 157),
(3887, 247, 184),
(3888, 247, 201),
(3889, 247, 201),
(3890, 247, 242),
(3891, 247, 371),
(3892, 247, 399),
(3893, 247, 444),
(3894, 247, 498),
(3895, 248, 37),
(3896, 248, 43),
(3897, 248, 44),
(3898, 248, 63),
(3899, 248, 89),
(3900, 248, 103),
(3901, 248, 103),
(3902, 248, 157),
(3903, 248, 184),
(3904, 248, 201),
(3905, 248, 201),
(3906, 248, 242),
(3907, 248, 371),
(3908, 248, 399),
(3909, 248, 416),
(3910, 248, 422),
(3911, 248, 423),
(3912, 248, 424),
(3913, 248, 444),
(3914, 248, 498),
(3915, 249, 16),
(3916, 249, 18),
(3917, 249, 56),
(3918, 249, 105),
(3919, 249, 143),
(3920, 249, 177),
(3921, 249, 219),
(3922, 249, 240),
(3923, 249, 246),
(3924, 249, 248),
(3925, 249, 311),
(3926, 249, 326),
(3927, 249, 347),
(3928, 249, 363),
(3929, 249, 386),
(3930, 249, 407),
(3931, 250, 16),
(3932, 250, 18),
(3933, 250, 105),
(3934, 250, 126),
(3935, 250, 143),
(3936, 250, 219),
(3937, 250, 221),
(3938, 250, 241),
(3939, 250, 246),
(3940, 250, 248),
(3941, 250, 311),
(3942, 250, 326),
(3943, 250, 347),
(3944, 250, 363),
(3945, 250, 386),
(3946, 250, 413),
(3947, 251, 73),
(3948, 251, 93),
(3949, 251, 105),
(3950, 251, 195),
(3951, 251, 215),
(3952, 251, 219),
(3953, 251, 226),
(3954, 251, 246),
(3955, 251, 248),
(3956, 251, 345),
(3957, 251, 361),
(3958, 251, 363),
(3959, 251, 377),
(3960, 251, 437),
(3961, 252, 1),
(3962, 252, 21),
(3963, 252, 43),
(3964, 252, 71),
(3965, 252, 72),
(3966, 252, 97),
(3967, 252, 98),
(3968, 252, 103),
(3969, 252, 197),
(3970, 252, 202),
(3971, 252, 228),
(3972, 252, 283),
(3973, 252, 412),
(3974, 252, 501),
(3975, 253, 1),
(3976, 253, 21),
(3977, 253, 43),
(3978, 253, 71),
(3979, 253, 71),
(3980, 253, 72),
(3981, 253, 97),
(3982, 253, 98),
(3983, 253, 98),
(3984, 253, 103),
(3985, 253, 197),
(3986, 253, 206),
(3987, 253, 210),
(3988, 253, 228),
(3989, 253, 348),
(3990, 253, 404),
(3991, 253, 437),
(3992, 253, 501),
(3993, 254, 1),
(3994, 254, 21),
(3995, 254, 43),
(3996, 254, 71),
(3997, 254, 71),
(3998, 254, 72),
(3999, 254, 97),
(4000, 254, 98),
(4001, 254, 98),
(4002, 254, 103),
(4003, 254, 197),
(4004, 254, 206),
(4005, 254, 210),
(4006, 254, 228),
(4007, 254, 348),
(4008, 254, 400),
(4009, 254, 404),
(4010, 254, 437),
(4011, 254, 437),
(4012, 254, 501),
(4013, 254, 530),
(4014, 255, 10),
(4015, 255, 28),
(4016, 255, 45),
(4017, 255, 52),
(4018, 255, 53),
(4019, 255, 64),
(4020, 255, 83),
(4021, 255, 98),
(4022, 255, 116),
(4023, 255, 119),
(4024, 255, 163),
(4025, 255, 481),
(4026, 256, 10),
(4027, 256, 24),
(4028, 256, 28),
(4029, 256, 28),
(4030, 256, 45),
(4031, 256, 52),
(4032, 256, 52),
(4033, 256, 64),
(4034, 256, 98),
(4035, 256, 116),
(4036, 256, 119),
(4037, 256, 163),
(4038, 256, 327),
(4039, 256, 339),
(4040, 256, 394),
(4041, 256, 488),
(4042, 257, 7),
(4043, 257, 10),
(4044, 257, 24),
(4045, 257, 28),
(4046, 257, 28),
(4047, 257, 45),
(4048, 257, 52),
(4049, 257, 52),
(4050, 257, 64),
(4051, 257, 98),
(4052, 257, 116),
(4053, 257, 136),
(4054, 257, 163),
(4055, 257, 299),
(4056, 257, 327),
(4057, 257, 339),
(4058, 257, 394),
(4059, 257, 394),
(4060, 257, 413),
(4061, 257, 488),
(4062, 258, 33),
(4063, 258, 36),
(4064, 258, 45),
(4065, 258, 55),
(4066, 258, 56),
(4067, 258, 88),
(4068, 258, 117),
(4069, 258, 182),
(4070, 258, 189),
(4071, 258, 193),
(4072, 258, 250),
(4073, 258, 283),
(4074, 258, 300),
(4075, 259, 33),
(4076, 259, 36),
(4077, 259, 45),
(4078, 259, 55),
(4079, 259, 55),
(4080, 259, 89),
(4081, 259, 117),
(4082, 259, 157),
(4083, 259, 182),
(4084, 259, 189),
(4085, 259, 189),
(4086, 259, 193),
(4087, 259, 283),
(4088, 259, 330),
(4089, 259, 341),
(4090, 259, 426),
(4091, 260, 33),
(4092, 260, 36),
(4093, 260, 45),
(4094, 260, 55),
(4095, 260, 55),
(4096, 260, 89),
(4097, 260, 117),
(4098, 260, 157),
(4099, 260, 182),
(4100, 260, 189),
(4101, 260, 189),
(4102, 260, 193),
(4103, 260, 283),
(4104, 260, 330),
(4105, 260, 341),
(4106, 260, 359),
(4107, 260, 359),
(4108, 260, 426),
(4109, 261, 28),
(4110, 261, 33),
(4111, 261, 36),
(4112, 261, 44),
(4113, 261, 46),
(4114, 261, 184),
(4115, 261, 207),
(4116, 261, 242),
(4117, 261, 269),
(4118, 261, 281),
(4119, 261, 316),
(4120, 261, 336),
(4121, 261, 372),
(4122, 261, 373),
(4123, 261, 389),
(4124, 261, 583),
(4125, 262, 28),
(4126, 262, 28),
(4127, 262, 33),
(4128, 262, 36),
(4129, 262, 44),
(4130, 262, 44),
(4131, 262, 46),
(4132, 262, 168),
(4133, 262, 184),
(4134, 262, 207),
(4135, 262, 242),
(4136, 262, 242),
(4137, 262, 269),
(4138, 262, 281),
(4139, 262, 316),
(4140, 262, 336),
(4141, 262, 336),
(4142, 262, 372),
(4143, 262, 373),
(4144, 262, 389),
(4145, 262, 422),
(4146, 262, 423),
(4147, 262, 424),
(4148, 262, 555),
(4149, 262, 583),
(4150, 263, 28),
(4151, 263, 29),
(4152, 263, 33),
(4153, 263, 36),
(4154, 263, 39),
(4155, 263, 42),
(4156, 263, 45),
(4157, 263, 156),
(4158, 263, 175),
(4159, 263, 187),
(4160, 263, 300),
(4161, 263, 316),
(4162, 263, 343),
(4163, 263, 374),
(4164, 263, 516),
(4165, 263, 608),
(4166, 264, 28),
(4167, 264, 28),
(4168, 264, 29),
(4169, 264, 33),
(4170, 264, 38),
(4171, 264, 39),
(4172, 264, 39),
(4173, 264, 45),
(4174, 264, 154),
(4175, 264, 156),
(4176, 264, 163),
(4177, 264, 187),
(4178, 264, 300),
(4179, 264, 316),
(4180, 264, 343),
(4181, 264, 374),
(4182, 264, 415),
(4183, 264, 516),
(4184, 264, 563),
(4185, 264, 583),
(4186, 265, 33),
(4187, 265, 40),
(4188, 265, 81),
(4189, 265, 450),
(4190, 266, 106),
(4191, 267, 16),
(4192, 267, 18),
(4193, 267, 71),
(4194, 267, 72),
(4195, 267, 78),
(4196, 267, 99),
(4197, 267, 202),
(4198, 267, 213),
(4199, 267, 234),
(4200, 267, 314),
(4201, 267, 318),
(4202, 267, 405),
(4203, 267, 483),
(4204, 268, 106),
(4205, 269, 16),
(4206, 269, 18),
(4207, 269, 60),
(4208, 269, 77),
(4209, 269, 92),
(4210, 269, 93),
(4211, 269, 113),
(4212, 269, 182),
(4213, 269, 236),
(4214, 269, 318),
(4215, 269, 405),
(4216, 269, 474),
(4217, 269, 483),
(4218, 270, 45),
(4219, 270, 54),
(4220, 270, 61),
(4221, 270, 71),
(4222, 270, 72),
(4223, 270, 145),
(4224, 270, 202),
(4225, 270, 240),
(4226, 270, 267),
(4227, 270, 310),
(4228, 270, 363),
(4229, 270, 412),
(4230, 270, 428),
(4231, 271, 45),
(4232, 271, 56),
(4233, 271, 61),
(4234, 271, 71),
(4235, 271, 145),
(4236, 271, 154),
(4237, 271, 252),
(4238, 271, 253),
(4239, 271, 267),
(4240, 271, 282),
(4241, 271, 310),
(4242, 271, 346),
(4243, 271, 428),
(4244, 272, 45),
(4245, 272, 72),
(4246, 272, 267),
(4247, 272, 310),
(4248, 273, 74),
(4249, 273, 106),
(4250, 273, 117),
(4251, 273, 153),
(4252, 273, 235),
(4253, 273, 241),
(4254, 273, 267),
(4255, 274, 1),
(4256, 274, 13),
(4257, 274, 74),
(4258, 274, 75),
(4259, 274, 106),
(4260, 274, 185),
(4261, 274, 207),
(4262, 274, 252),
(4263, 274, 259),
(4264, 274, 267),
(4265, 274, 326),
(4266, 274, 348),
(4267, 275, 18),
(4268, 275, 75),
(4269, 275, 185),
(4270, 275, 417),
(4271, 275, 437),
(4272, 275, 536),
(4273, 275, 542),
(4274, 276, 17),
(4275, 276, 45),
(4276, 276, 64),
(4277, 276, 97),
(4278, 276, 98),
(4279, 276, 104),
(4280, 276, 116),
(4281, 276, 179),
(4282, 276, 283),
(4283, 276, 332),
(4284, 276, 403),
(4285, 276, 413),
(4286, 276, 501),
(4287, 277, 17),
(4288, 277, 45),
(4289, 277, 64),
(4290, 277, 97),
(4291, 277, 98),
(4292, 277, 98),
(4293, 277, 104),
(4294, 277, 116),
(4295, 277, 116),
(4296, 277, 179),
(4297, 277, 283),
(4298, 277, 332),
(4299, 277, 365),
(4300, 277, 403),
(4301, 277, 403),
(4302, 277, 413),
(4303, 277, 413),
(4304, 277, 501),
(4305, 278, 17),
(4306, 278, 45),
(4307, 278, 48),
(4308, 278, 54),
(4309, 278, 55),
(4310, 278, 97),
(4311, 278, 98),
(4312, 278, 228),
(4313, 278, 314),
(4314, 278, 332),
(4315, 278, 352),
(4316, 278, 355),
(4317, 278, 403),
(4318, 278, 542),
(4319, 279, 17),
(4320, 279, 17),
(4321, 279, 45),
(4322, 279, 48),
(4323, 279, 54),
(4324, 279, 55),
(4325, 279, 56),
(4326, 279, 56),
(4327, 279, 182),
(4328, 279, 254),
(4329, 279, 255),
(4330, 279, 256),
(4331, 279, 346),
(4332, 279, 352),
(4333, 279, 355),
(4334, 279, 362),
(4335, 279, 366),
(4336, 279, 366),
(4337, 279, 371),
(4338, 279, 374),
(4339, 279, 487),
(4340, 279, 542),
(4341, 279, 542),
(4342, 280, 45),
(4343, 280, 93),
(4344, 280, 94),
(4345, 280, 95),
(4346, 280, 100),
(4347, 280, 104),
(4348, 280, 138),
(4349, 280, 204),
(4350, 280, 248),
(4351, 280, 286),
(4352, 280, 345),
(4353, 280, 347),
(4354, 280, 381),
(4355, 280, 500),
(4356, 280, 505),
(4357, 280, 574),
(4358, 280, 577),
(4359, 281, 45),
(4360, 281, 93),
(4361, 281, 93),
(4362, 281, 94),
(4363, 281, 95),
(4364, 281, 100),
(4365, 281, 100),
(4366, 281, 104),
(4367, 281, 104),
(4368, 281, 138),
(4369, 281, 204),
(4370, 281, 248),
(4371, 281, 286),
(4372, 281, 345),
(4373, 281, 347),
(4374, 281, 381),
(4375, 281, 500),
(4376, 281, 505),
(4377, 281, 574),
(4378, 281, 577),
(4379, 282, 45),
(4380, 282, 93),
(4381, 282, 93),
(4382, 282, 94),
(4383, 282, 95),
(4384, 282, 100),
(4385, 282, 100),
(4386, 282, 104),
(4387, 282, 104),
(4388, 282, 138),
(4389, 282, 248),
(4390, 282, 273),
(4391, 282, 286),
(4392, 282, 345),
(4393, 282, 347),
(4394, 282, 361),
(4395, 282, 445),
(4396, 282, 500),
(4397, 282, 500),
(4398, 282, 505),
(4399, 282, 574),
(4400, 282, 577),
(4401, 282, 581),
(4402, 282, 585),
(4403, 282, 585),
(4404, 283, 54),
(4405, 283, 61),
(4406, 283, 97),
(4407, 283, 98),
(4408, 283, 114),
(4409, 283, 145),
(4410, 283, 226),
(4411, 283, 230),
(4412, 283, 346),
(4413, 283, 453),
(4414, 283, 564),
(4415, 284, 16),
(4416, 284, 18),
(4417, 284, 18),
(4418, 284, 78),
(4419, 284, 98),
(4420, 284, 98),
(4421, 284, 145),
(4422, 284, 184),
(4423, 284, 230),
(4424, 284, 230),
(4425, 284, 314),
(4426, 284, 318),
(4427, 284, 346),
(4428, 284, 346),
(4429, 284, 403),
(4430, 284, 405),
(4431, 284, 405),
(4432, 284, 466),
(4433, 284, 483),
(4434, 284, 483),
(4435, 285, 29),
(4436, 285, 33),
(4437, 285, 71),
(4438, 285, 72),
(4439, 285, 73),
(4440, 285, 74),
(4441, 285, 77),
(4442, 285, 78),
(4443, 285, 92),
(4444, 285, 147),
(4445, 285, 202),
(4446, 285, 388),
(4447, 285, 402),
(4448, 286, 29),
(4449, 286, 33),
(4450, 286, 68),
(4451, 286, 71),
(4452, 286, 72),
(4453, 286, 73),
(4454, 286, 73),
(4455, 286, 78),
(4456, 286, 78),
(4457, 286, 170),
(4458, 286, 183),
(4459, 286, 223),
(4460, 286, 327),
(4461, 286, 364),
(4462, 286, 395),
(4463, 286, 402),
(4464, 287, 10),
(4465, 287, 68),
(4466, 287, 133),
(4467, 287, 175),
(4468, 287, 185),
(4469, 287, 227),
(4470, 287, 281),
(4471, 287, 303),
(4472, 287, 343),
(4473, 287, 498),
(4474, 287, 583),
(4475, 288, 10),
(4476, 288, 68),
(4477, 288, 116),
(4478, 288, 154),
(4479, 288, 163),
(4480, 288, 179),
(4481, 288, 179),
(4482, 288, 203),
(4483, 288, 227),
(4484, 288, 227),
(4485, 288, 253),
(4486, 288, 253),
(4487, 288, 264),
(4488, 288, 498),
(4489, 289, 10),
(4490, 289, 68),
(4491, 289, 133),
(4492, 289, 175),
(4493, 289, 185),
(4494, 289, 207),
(4495, 289, 227),
(4496, 289, 227),
(4497, 289, 281),
(4498, 289, 303),
(4499, 289, 303),
(4500, 289, 343),
(4501, 289, 359),
(4502, 289, 359),
(4503, 289, 374),
(4504, 289, 374),
(4505, 289, 386),
(4506, 289, 386),
(4507, 289, 498),
(4508, 290, 10),
(4509, 290, 28),
(4510, 290, 71),
(4511, 290, 91),
(4512, 290, 106),
(4513, 290, 117),
(4514, 290, 154),
(4515, 290, 170),
(4516, 290, 189),
(4517, 290, 206),
(4518, 290, 232),
(4519, 291, 10),
(4520, 291, 14),
(4521, 291, 28),
(4522, 291, 28),
(4523, 291, 71),
(4524, 291, 71),
(4525, 291, 97),
(4526, 291, 103),
(4527, 291, 104),
(4528, 291, 106),
(4529, 291, 154),
(4530, 291, 163),
(4531, 291, 170),
(4532, 291, 210),
(4533, 291, 226),
(4534, 291, 404),
(4535, 291, 450),
(4536, 292, 10),
(4537, 292, 28),
(4538, 292, 28),
(4539, 292, 71),
(4540, 292, 71),
(4541, 292, 106),
(4542, 292, 109),
(4543, 292, 154),
(4544, 292, 170),
(4545, 292, 180),
(4546, 292, 247),
(4547, 292, 288),
(4548, 292, 377),
(4549, 292, 425),
(4550, 292, 566),
(4551, 293, 1),
(4552, 293, 23),
(4553, 293, 46),
(4554, 293, 48),
(4555, 293, 103),
(4556, 293, 156),
(4557, 293, 214),
(4558, 293, 253),
(4559, 293, 304),
(4560, 293, 310),
(4561, 293, 336),
(4562, 293, 485),
(4563, 293, 497),
(4564, 294, 1),
(4565, 294, 23),
(4566, 294, 44),
(4567, 294, 46),
(4568, 294, 48),
(4569, 294, 103),
(4570, 294, 156),
(4571, 294, 214),
(4572, 294, 253),
(4573, 294, 304),
(4574, 294, 310),
(4575, 294, 310),
(4576, 294, 336),
(4577, 294, 336),
(4578, 294, 485),
(4579, 294, 497),
(4580, 294, 497),
(4581, 295, 1),
(4582, 295, 23),
(4583, 295, 44),
(4584, 295, 46),
(4585, 295, 48),
(4586, 295, 63),
(4587, 295, 103),
(4588, 295, 156),
(4589, 295, 214),
(4590, 295, 242),
(4591, 295, 253),
(4592, 295, 304),
(4593, 295, 310),
(4594, 295, 310),
(4595, 295, 336),
(4596, 295, 336),
(4597, 295, 422),
(4598, 295, 423),
(4599, 295, 424),
(4600, 295, 485),
(4601, 295, 497),
(4602, 295, 497),
(4603, 295, 586),
(4604, 295, 586),
(4605, 296, 18),
(4606, 296, 28),
(4607, 296, 33),
(4608, 296, 69),
(4609, 296, 116),
(4610, 296, 179),
(4611, 296, 187),
(4612, 296, 203),
(4613, 296, 233),
(4614, 296, 252),
(4615, 296, 265),
(4616, 296, 282),
(4617, 296, 292),
(4618, 296, 358),
(4619, 296, 370),
(4620, 296, 395),
(4621, 296, 484),
(4622, 297, 18),
(4623, 297, 28),
(4624, 297, 28),
(4625, 297, 33),
(4626, 297, 69),
(4627, 297, 116),
(4628, 297, 179),
(4629, 297, 187),
(4630, 297, 203),
(4631, 297, 233),
(4632, 297, 252),
(4633, 297, 265),
(4634, 297, 282),
(4635, 297, 292),
(4636, 297, 292),
(4637, 297, 358),
(4638, 297, 362),
(4639, 297, 370),
(4640, 297, 395),
(4641, 297, 484),
(4642, 298, 21),
(4643, 298, 39),
(4644, 298, 55),
(4645, 298, 61),
(4646, 298, 145),
(4647, 298, 150),
(4648, 298, 204),
(4649, 298, 270),
(4650, 298, 340),
(4651, 298, 346),
(4652, 299, 33),
(4653, 299, 86),
(4654, 299, 88),
(4655, 299, 106),
(4656, 299, 156),
(4657, 299, 157),
(4658, 299, 192),
(4659, 299, 199),
(4660, 299, 201),
(4661, 299, 209),
(4662, 299, 335),
(4663, 299, 350),
(4664, 299, 408),
(4665, 299, 414),
(4666, 299, 435),
(4667, 299, 444),
(4668, 300, 3),
(4669, 300, 33),
(4670, 300, 38),
(4671, 300, 39),
(4672, 300, 45),
(4673, 300, 47),
(4674, 300, 185),
(4675, 300, 193),
(4676, 300, 204),
(4677, 300, 213),
(4678, 300, 215),
(4679, 300, 252),
(4680, 300, 274),
(4681, 300, 343),
(4682, 300, 358),
(4683, 300, 383),
(4684, 300, 445),
(4685, 300, 574),
(4686, 300, 583),
(4687, 301, 3),
(4688, 301, 47),
(4689, 301, 213),
(4690, 301, 252),
(4691, 302, 10),
(4692, 302, 43),
(4693, 302, 101),
(4694, 302, 109),
(4695, 302, 154),
(4696, 302, 185),
(4697, 302, 193),
(4698, 302, 197),
(4699, 302, 212),
(4700, 302, 247),
(4701, 302, 252),
(4702, 302, 282),
(4703, 302, 310),
(4704, 302, 386),
(4705, 302, 408),
(4706, 302, 421),
(4707, 302, 425),
(4708, 302, 428),
(4709, 302, 492),
(4710, 302, 511),
(4711, 303, 11),
(4712, 303, 44),
(4713, 303, 45),
(4714, 303, 185),
(4715, 303, 226),
(4716, 303, 230),
(4717, 303, 242),
(4718, 303, 254),
(4719, 303, 255),
(4720, 303, 256),
(4721, 303, 269),
(4722, 303, 310),
(4723, 303, 313),
(4724, 303, 334),
(4725, 303, 389),
(4726, 303, 442),
(4727, 303, 442),
(4728, 303, 583),
(4729, 303, 583),
(4730, 303, 584),
(4731, 304, 29),
(4732, 304, 33),
(4733, 304, 36),
(4734, 304, 38),
(4735, 304, 46),
(4736, 304, 106),
(4737, 304, 157),
(4738, 304, 182),
(4739, 304, 189),
(4740, 304, 231),
(4741, 304, 232),
(4742, 304, 317),
(4743, 304, 319),
(4744, 304, 334),
(4745, 304, 368),
(4746, 304, 442),
(4747, 304, 475),
(4748, 304, 484),
(4749, 305, 29),
(4750, 305, 29),
(4751, 305, 33),
(4752, 305, 36),
(4753, 305, 38),
(4754, 305, 46),
(4755, 305, 106),
(4756, 305, 157),
(4757, 305, 182),
(4758, 305, 189),
(4759, 305, 189),
(4760, 305, 231),
(4761, 305, 232),
(4762, 305, 317),
(4763, 305, 319),
(4764, 305, 334),
(4765, 305, 368),
(4766, 305, 442),
(4767, 305, 475),
(4768, 305, 484),
(4769, 306, 29),
(4770, 306, 29),
(4771, 306, 33),
(4772, 306, 36),
(4773, 306, 38),
(4774, 306, 46),
(4775, 306, 106),
(4776, 306, 157),
(4777, 306, 182),
(4778, 306, 189),
(4779, 306, 189),
(4780, 306, 231),
(4781, 306, 232),
(4782, 306, 317),
(4783, 306, 319),
(4784, 306, 334),
(4785, 306, 368),
(4786, 306, 442),
(4787, 306, 475),
(4788, 306, 484),
(4789, 307, 68),
(4790, 307, 93),
(4791, 307, 96),
(4792, 307, 105),
(4793, 307, 117),
(4794, 307, 136),
(4795, 307, 170),
(4796, 307, 179),
(4797, 307, 197),
(4798, 307, 203),
(4799, 307, 237),
(4800, 307, 244),
(4801, 307, 347),
(4802, 307, 364),
(4803, 307, 367),
(4804, 307, 379),
(4805, 307, 395),
(4806, 308, 7),
(4807, 308, 8),
(4808, 308, 9),
(4809, 308, 68),
(4810, 308, 93),
(4811, 308, 93),
(4812, 308, 96),
(4813, 308, 96),
(4814, 308, 105),
(4815, 308, 117),
(4816, 308, 136),
(4817, 308, 170),
(4818, 308, 179),
(4819, 308, 197),
(4820, 308, 197),
(4821, 308, 203),
(4822, 308, 237),
(4823, 308, 244),
(4824, 308, 347),
(4825, 308, 364),
(4826, 308, 367),
(4827, 308, 379),
(4828, 308, 395),
(4829, 308, 428),
(4830, 309, 33),
(4831, 309, 43),
(4832, 309, 44),
(4833, 309, 46),
(4834, 309, 86),
(4835, 309, 87),
(4836, 309, 98),
(4837, 309, 209),
(4838, 309, 268),
(4839, 309, 316),
(4840, 309, 336),
(4841, 309, 422),
(4842, 309, 435),
(4843, 309, 528),
(4844, 310, 33),
(4845, 310, 43),
(4846, 310, 43),
(4847, 310, 44),
(4848, 310, 46),
(4849, 310, 86),
(4850, 310, 87),
(4851, 310, 98),
(4852, 310, 209),
(4853, 310, 268),
(4854, 310, 316),
(4855, 310, 336),
(4856, 310, 336),
(4857, 310, 422),
(4858, 310, 424),
(4859, 310, 435),
(4860, 310, 528),
(4861, 310, 604),
(4862, 310, 604),
(4863, 311, 45),
(4864, 311, 86),
(4865, 311, 87),
(4866, 311, 97),
(4867, 311, 98),
(4868, 311, 129),
(4869, 311, 204),
(4870, 311, 209),
(4871, 311, 226),
(4872, 311, 227),
(4873, 311, 268),
(4874, 311, 270),
(4875, 311, 383),
(4876, 311, 387),
(4877, 311, 417),
(4878, 311, 435),
(4879, 311, 486),
(4880, 311, 494),
(4881, 311, 516),
(4882, 311, 589),
(4883, 311, 609),
(4884, 312, 45),
(4885, 312, 86),
(4886, 312, 87),
(4887, 312, 97),
(4888, 312, 98),
(4889, 312, 129),
(4890, 312, 209),
(4891, 312, 226),
(4892, 312, 227),
(4893, 312, 268),
(4894, 312, 270),
(4895, 312, 313),
(4896, 312, 376),
(4897, 312, 383),
(4898, 312, 415),
(4899, 312, 417),
(4900, 312, 435),
(4901, 312, 486),
(4902, 312, 494),
(4903, 312, 589),
(4904, 312, 609),
(4905, 313, 33),
(4906, 313, 38),
(4907, 313, 98),
(4908, 313, 104),
(4909, 313, 109),
(4910, 313, 148),
(4911, 313, 182),
(4912, 313, 236),
(4913, 313, 270),
(4914, 313, 294),
(4915, 313, 324),
(4916, 313, 405),
(4917, 313, 428),
(4918, 313, 522),
(4919, 313, 583),
(4920, 313, 611),
(4921, 314, 33),
(4922, 314, 98),
(4923, 314, 204),
(4924, 314, 227),
(4925, 314, 230),
(4926, 314, 236),
(4927, 314, 260),
(4928, 314, 270),
(4929, 314, 273),
(4930, 314, 343),
(4931, 314, 405),
(4932, 314, 428),
(4933, 314, 522),
(4934, 314, 583),
(4935, 314, 589),
(4936, 314, 611),
(4937, 315, 40),
(4938, 315, 71),
(4939, 315, 72),
(4940, 315, 73),
(4941, 315, 74),
(4942, 315, 78),
(4943, 315, 80),
(4944, 315, 92),
(4945, 315, 202),
(4946, 315, 230),
(4947, 315, 235),
(4948, 315, 275),
(4949, 315, 312),
(4950, 315, 320),
(4951, 315, 345),
(4952, 315, 390),
(4953, 315, 572),
(4954, 316, 1),
(4955, 316, 92),
(4956, 316, 124),
(4957, 316, 133),
(4958, 316, 139),
(4959, 316, 188),
(4960, 316, 227),
(4961, 316, 254),
(4962, 316, 255),
(4963, 316, 256),
(4964, 316, 281),
(4965, 316, 378),
(4966, 316, 380),
(4967, 316, 441),
(4968, 316, 491),
(4969, 316, 562),
(4970, 317, 1),
(4971, 317, 34),
(4972, 317, 92),
(4973, 317, 124),
(4974, 317, 124),
(4975, 317, 133),
(4976, 317, 139),
(4977, 317, 139),
(4978, 317, 188),
(4979, 317, 227),
(4980, 317, 254),
(4981, 317, 255),
(4982, 317, 256),
(4983, 317, 281),
(4984, 317, 281),
(4985, 317, 378),
(4986, 317, 378),
(4987, 317, 380),
(4988, 317, 441),
(4989, 317, 441),
(4990, 317, 491),
(4991, 317, 562),
(4992, 317, 599),
(4993, 318, 36),
(4994, 318, 43),
(4995, 318, 44),
(4996, 318, 97),
(4997, 318, 99),
(4998, 318, 103),
(4999, 318, 116),
(5000, 318, 184),
(5001, 318, 207),
(5002, 318, 242),
(5003, 318, 305),
(5004, 318, 372),
(5005, 318, 423),
(5006, 318, 453),
(5007, 319, 43),
(5008, 319, 44),
(5009, 319, 97),
(5010, 319, 99),
(5011, 319, 99),
(5012, 319, 103),
(5013, 319, 116),
(5014, 319, 116),
(5015, 319, 130),
(5016, 319, 163),
(5017, 319, 184),
(5018, 319, 207),
(5019, 319, 242),
(5020, 319, 269),
(5021, 319, 305),
(5022, 319, 364),
(5023, 319, 372),
(5024, 319, 400),
(5025, 319, 400),
(5026, 319, 423),
(5027, 319, 453),
(5028, 320, 45),
(5029, 320, 54),
(5030, 320, 55),
(5031, 320, 56),
(5032, 320, 133),
(5033, 320, 150),
(5034, 320, 156),
(5035, 320, 205),
(5036, 320, 250),
(5037, 320, 291),
(5038, 320, 310),
(5039, 320, 323),
(5040, 320, 340),
(5041, 320, 352),
(5042, 320, 362),
(5043, 320, 484),
(5044, 321, 45),
(5045, 321, 45),
(5046, 321, 54),
(5047, 321, 55),
(5048, 321, 55),
(5049, 321, 56),
(5050, 321, 133),
(5051, 321, 150),
(5052, 321, 156),
(5053, 321, 205),
(5054, 321, 205),
(5055, 321, 250),
(5056, 321, 291),
(5057, 321, 310),
(5058, 321, 323),
(5059, 321, 340),
(5060, 321, 352),
(5061, 321, 362),
(5062, 321, 484),
(5063, 321, 484),
(5064, 321, 487),
(5065, 321, 568),
(5066, 322, 33),
(5067, 322, 36),
(5068, 322, 38),
(5069, 322, 45),
(5070, 322, 52),
(5071, 322, 53),
(5072, 322, 89),
(5073, 322, 116),
(5074, 322, 133),
(5075, 322, 174),
(5076, 322, 222),
(5077, 322, 281),
(5078, 322, 414),
(5079, 322, 436),
(5080, 322, 481),
(5081, 323, 33),
(5082, 323, 36),
(5083, 323, 45),
(5084, 323, 52),
(5085, 323, 52),
(5086, 323, 89),
(5087, 323, 90),
(5088, 323, 90),
(5089, 323, 116),
(5090, 323, 116),
(5091, 323, 133),
(5092, 323, 157),
(5093, 323, 174),
(5094, 323, 222),
(5095, 323, 281),
(5096, 323, 284),
(5097, 323, 284),
(5098, 323, 414),
(5099, 323, 436),
(5100, 323, 481),
(5101, 324, 34),
(5102, 324, 52),
(5103, 324, 53),
(5104, 324, 83),
(5105, 324, 108),
(5106, 324, 110),
(5107, 324, 123),
(5108, 324, 133),
(5109, 324, 172),
(5110, 324, 174),
(5111, 324, 175),
(5112, 324, 182),
(5113, 324, 229),
(5114, 324, 257),
(5115, 324, 334),
(5116, 324, 436),
(5117, 324, 504),
(5118, 324, 517),
(5119, 325, 60),
(5120, 325, 94),
(5121, 325, 109),
(5122, 325, 149),
(5123, 325, 150),
(5124, 325, 156),
(5125, 325, 173),
(5126, 325, 244),
(5127, 325, 277),
(5128, 325, 316),
(5129, 325, 340),
(5130, 325, 371),
(5131, 325, 408),
(5132, 325, 428),
(5133, 325, 473),
(5134, 326, 60),
(5135, 326, 60),
(5136, 326, 94),
(5137, 326, 109),
(5138, 326, 149),
(5139, 326, 149),
(5140, 326, 150),
(5141, 326, 156),
(5142, 326, 173),
(5143, 326, 244),
(5144, 326, 277),
(5145, 326, 298),
(5146, 326, 316),
(5147, 326, 316),
(5148, 326, 340),
(5149, 326, 371),
(5150, 326, 408),
(5151, 326, 428),
(5152, 326, 473),
(5153, 326, 562),
(5154, 327, 33),
(5155, 327, 37),
(5156, 327, 38),
(5157, 327, 60),
(5158, 327, 95),
(5159, 327, 146),
(5160, 327, 175),
(5161, 327, 185),
(5162, 327, 244),
(5163, 327, 253),
(5164, 327, 298),
(5165, 327, 383),
(5166, 327, 389),
(5167, 328, 28),
(5168, 328, 44),
(5169, 328, 63),
(5170, 328, 89),
(5171, 328, 90),
(5172, 328, 91),
(5173, 328, 117),
(5174, 328, 157),
(5175, 328, 185),
(5176, 328, 189),
(5177, 328, 201),
(5178, 328, 242),
(5179, 328, 276),
(5180, 328, 328),
(5181, 328, 364),
(5182, 328, 414),
(5183, 328, 523),
(5184, 329, 28),
(5185, 329, 48),
(5186, 329, 49),
(5187, 329, 63),
(5188, 329, 89),
(5189, 329, 103),
(5190, 329, 117),
(5191, 329, 157),
(5192, 329, 185),
(5193, 329, 189),
(5194, 329, 201),
(5195, 329, 225),
(5196, 329, 253),
(5197, 329, 328),
(5198, 329, 405),
(5199, 329, 414),
(5200, 329, 523),
(5201, 329, 586),
(5202, 330, 28),
(5203, 330, 48),
(5204, 330, 49),
(5205, 330, 63),
(5206, 330, 89),
(5207, 330, 103),
(5208, 330, 117),
(5209, 330, 157),
(5210, 330, 185),
(5211, 330, 189),
(5212, 330, 201),
(5213, 330, 225),
(5214, 330, 253),
(5215, 330, 328),
(5216, 330, 337),
(5217, 330, 349),
(5218, 330, 407),
(5219, 330, 414),
(5220, 330, 523),
(5221, 330, 525),
(5222, 331, 28),
(5223, 331, 40),
(5224, 331, 42),
(5225, 331, 43),
(5226, 331, 71),
(5227, 331, 73),
(5228, 331, 74),
(5229, 331, 178),
(5230, 331, 185),
(5231, 331, 191),
(5232, 331, 194),
(5233, 331, 201),
(5234, 331, 275),
(5235, 331, 302),
(5236, 331, 371),
(5237, 331, 389),
(5238, 331, 412),
(5239, 332, 28),
(5240, 332, 40),
(5241, 332, 42),
(5242, 332, 43),
(5243, 332, 71),
(5244, 332, 71),
(5245, 332, 73),
(5246, 332, 74),
(5247, 332, 74),
(5248, 332, 178),
(5249, 332, 185),
(5250, 332, 191),
(5251, 332, 194),
(5252, 332, 194),
(5253, 332, 201),
(5254, 332, 275),
(5255, 332, 279),
(5256, 332, 302),
(5257, 332, 371),
(5258, 332, 389),
(5259, 332, 412),
(5260, 332, 596),
(5261, 333, 31),
(5262, 333, 36),
(5263, 333, 45),
(5264, 333, 47),
(5265, 333, 54),
(5266, 333, 64),
(5267, 333, 119),
(5268, 333, 195),
(5269, 333, 219),
(5270, 333, 287),
(5271, 333, 310),
(5272, 333, 363),
(5273, 333, 406),
(5274, 333, 496),
(5275, 333, 538),
(5276, 333, 574),
(5277, 333, 585),
(5278, 334, 31),
(5279, 334, 36),
(5280, 334, 45),
(5281, 334, 47),
(5282, 334, 47),
(5283, 334, 54),
(5284, 334, 64),
(5285, 334, 143),
(5286, 334, 143),
(5287, 334, 195),
(5288, 334, 219),
(5289, 334, 225),
(5290, 334, 287),
(5291, 334, 310),
(5292, 334, 310),
(5293, 334, 349),
(5294, 334, 363),
(5295, 334, 365),
(5296, 334, 406),
(5297, 334, 496),
(5298, 334, 538),
(5299, 334, 574),
(5300, 334, 585),
(5301, 335, 10),
(5302, 335, 14),
(5303, 335, 43),
(5304, 335, 98),
(5305, 335, 163),
(5306, 335, 197),
(5307, 335, 206),
(5308, 335, 210),
(5309, 335, 228),
(5310, 335, 269),
(5311, 335, 279),
(5312, 335, 306),
(5313, 335, 370),
(5314, 335, 373),
(5315, 335, 404),
(5316, 335, 468),
(5317, 336, 14),
(5318, 336, 35),
(5319, 336, 44),
(5320, 336, 103),
(5321, 336, 114),
(5322, 336, 122),
(5323, 336, 137),
(5324, 336, 207),
(5325, 336, 242),
(5326, 336, 305),
(5327, 336, 342),
(5328, 336, 364),
(5329, 336, 378),
(5330, 336, 380),
(5331, 336, 398),
(5332, 336, 400),
(5333, 336, 474),
(5334, 336, 489),
(5335, 336, 562),
(5336, 336, 599),
(5337, 337, 33),
(5338, 337, 88),
(5339, 337, 93),
(5340, 337, 94),
(5341, 337, 95),
(5342, 337, 106),
(5343, 337, 149),
(5344, 337, 153),
(5345, 337, 157),
(5346, 337, 248),
(5347, 337, 322),
(5348, 337, 373),
(5349, 337, 377),
(5350, 337, 397),
(5351, 337, 408),
(5352, 337, 444),
(5353, 337, 473),
(5354, 337, 478),
(5355, 337, 585),
(5356, 338, 33),
(5357, 338, 76),
(5358, 338, 83),
(5359, 338, 88),
(5360, 338, 93),
(5361, 338, 94),
(5362, 338, 106),
(5363, 338, 149),
(5364, 338, 153),
(5365, 338, 157),
(5366, 338, 322),
(5367, 338, 373),
(5368, 338, 377),
(5369, 338, 394),
(5370, 338, 397),
(5371, 338, 444),
(5372, 338, 472),
(5373, 339, 55),
(5374, 339, 89),
(5375, 339, 90),
(5376, 339, 133),
(5377, 339, 156),
(5378, 339, 173),
(5379, 339, 189),
(5380, 339, 222),
(5381, 339, 248),
(5382, 339, 300),
(5383, 339, 330),
(5384, 339, 346),
(5385, 339, 352),
(5386, 339, 401),
(5387, 339, 426),
(5388, 340, 37),
(5389, 340, 55),
(5390, 340, 55),
(5391, 340, 89),
(5392, 340, 90),
(5393, 340, 133),
(5394, 340, 156),
(5395, 340, 173),
(5396, 340, 189),
(5397, 340, 222),
(5398, 340, 248),
(5399, 340, 300),
(5400, 340, 300),
(5401, 340, 321),
(5402, 340, 330),
(5403, 340, 346),
(5404, 340, 346),
(5405, 340, 352),
(5406, 340, 401),
(5407, 340, 426),
(5408, 340, 428),
(5409, 340, 562),
(5410, 341, 11),
(5411, 341, 12),
(5412, 341, 14),
(5413, 341, 43),
(5414, 341, 61),
(5415, 341, 106),
(5416, 341, 145),
(5417, 341, 152),
(5418, 341, 182),
(5419, 341, 242),
(5420, 341, 269),
(5421, 341, 282),
(5422, 341, 400),
(5423, 341, 458),
(5424, 341, 534),
(5425, 342, 11),
(5426, 342, 11),
(5427, 342, 12),
(5428, 342, 14),
(5429, 342, 43),
(5430, 342, 43),
(5431, 342, 61),
(5432, 342, 106),
(5433, 342, 106),
(5434, 342, 129),
(5435, 342, 145),
(5436, 342, 152),
(5437, 342, 182),
(5438, 342, 242),
(5439, 342, 269),
(5440, 342, 282),
(5441, 342, 400),
(5442, 342, 458),
(5443, 342, 534),
(5444, 343, 60),
(5445, 343, 93),
(5446, 343, 106),
(5447, 343, 120),
(5448, 343, 153),
(5449, 343, 189),
(5450, 343, 201),
(5451, 343, 229),
(5452, 343, 246),
(5453, 343, 286),
(5454, 343, 317),
(5455, 343, 322),
(5456, 343, 326),
(5457, 343, 377),
(5458, 343, 379),
(5459, 343, 414),
(5460, 343, 470),
(5461, 343, 471),
(5462, 344, 60),
(5463, 344, 63),
(5464, 344, 93),
(5465, 344, 100),
(5466, 344, 106),
(5467, 344, 120),
(5468, 344, 153),
(5469, 344, 189),
(5470, 344, 201),
(5471, 344, 229),
(5472, 344, 229),
(5473, 344, 246),
(5474, 344, 286),
(5475, 344, 317),
(5476, 344, 322),
(5477, 344, 326),
(5478, 344, 377),
(5479, 344, 379),
(5480, 344, 414),
(5481, 344, 470),
(5482, 344, 471),
(5483, 345, 51),
(5484, 345, 109),
(5485, 345, 132),
(5486, 345, 133),
(5487, 345, 202),
(5488, 345, 246),
(5489, 345, 254),
(5490, 345, 255),
(5491, 345, 256),
(5492, 345, 275),
(5493, 345, 310),
(5494, 345, 362),
(5495, 345, 378),
(5496, 345, 380),
(5497, 345, 412),
(5498, 346, 51),
(5499, 346, 51),
(5500, 346, 109),
(5501, 346, 132),
(5502, 346, 133),
(5503, 346, 202),
(5504, 346, 246),
(5505, 346, 254),
(5506, 346, 255),
(5507, 346, 256),
(5508, 346, 275),
(5509, 346, 275),
(5510, 346, 310),
(5511, 346, 362),
(5512, 346, 378),
(5513, 346, 378),
(5514, 346, 380),
(5515, 346, 412),
(5516, 347, 10),
(5517, 347, 55),
(5518, 347, 106),
(5519, 347, 163),
(5520, 347, 182),
(5521, 347, 210),
(5522, 347, 232),
(5523, 347, 246),
(5524, 347, 300),
(5525, 347, 306),
(5526, 347, 350),
(5527, 347, 362),
(5528, 347, 404),
(5529, 347, 450),
(5530, 347, 479),
(5531, 348, 10),
(5532, 348, 55),
(5533, 348, 55),
(5534, 348, 106),
(5535, 348, 163),
(5536, 348, 182),
(5537, 348, 210),
(5538, 348, 232),
(5539, 348, 246),
(5540, 348, 300),
(5541, 348, 300),
(5542, 348, 306),
(5543, 348, 350),
(5544, 348, 362),
(5545, 348, 404),
(5546, 348, 450),
(5547, 348, 479),
(5548, 349, 33),
(5549, 349, 150),
(5550, 349, 175),
(5551, 350, 35),
(5552, 350, 55),
(5553, 350, 56),
(5554, 350, 105),
(5555, 350, 213),
(5556, 350, 219),
(5557, 350, 239),
(5558, 350, 240),
(5559, 350, 287),
(5560, 350, 287),
(5561, 350, 346),
(5562, 350, 346),
(5563, 350, 352),
(5564, 350, 392),
(5565, 350, 401),
(5566, 350, 445),
(5567, 350, 489),
(5568, 350, 525),
(5569, 350, 574),
(5570, 351, 29),
(5571, 351, 33),
(5572, 351, 52),
(5573, 351, 55),
(5574, 351, 56),
(5575, 351, 59),
(5576, 351, 126),
(5577, 351, 181),
(5578, 351, 240),
(5579, 351, 241),
(5580, 351, 258),
(5581, 351, 311),
(5582, 351, 542),
(5583, 352, 10),
(5584, 352, 20),
(5585, 352, 39),
(5586, 352, 60),
(5587, 352, 103),
(5588, 352, 122),
(5589, 352, 154),
(5590, 352, 163),
(5591, 352, 164),
(5592, 352, 168),
(5593, 352, 185),
(5594, 352, 246),
(5595, 352, 293),
(5596, 352, 310),
(5597, 352, 364),
(5598, 352, 389),
(5599, 352, 421),
(5600, 352, 425),
(5601, 352, 485),
(5602, 353, 101),
(5603, 353, 103),
(5604, 353, 174),
(5605, 353, 180),
(5606, 353, 185),
(5607, 353, 247),
(5608, 353, 261),
(5609, 353, 271),
(5610, 353, 282),
(5611, 353, 288),
(5612, 353, 289),
(5613, 353, 373),
(5614, 353, 389),
(5615, 353, 425),
(5616, 353, 506),
(5617, 353, 566),
(5618, 354, 101),
(5619, 354, 101),
(5620, 354, 103),
(5621, 354, 103),
(5622, 354, 174),
(5623, 354, 180),
(5624, 354, 180),
(5625, 354, 185),
(5626, 354, 247),
(5627, 354, 261),
(5628, 354, 271),
(5629, 354, 282),
(5630, 354, 288),
(5631, 354, 289),
(5632, 354, 373),
(5633, 354, 389),
(5634, 354, 425),
(5635, 354, 506),
(5636, 354, 566),
(5637, 354, 566),
(5638, 355, 43),
(5639, 355, 50),
(5640, 355, 101),
(5641, 355, 109),
(5642, 355, 174),
(5643, 355, 193),
(5644, 355, 212),
(5645, 355, 228),
(5646, 355, 247),
(5647, 355, 248),
(5648, 355, 261),
(5649, 355, 310),
(5650, 355, 371),
(5651, 355, 425),
(5652, 355, 506),
(5653, 356, 7),
(5654, 356, 8),
(5655, 356, 9),
(5656, 356, 20),
(5657, 356, 43),
(5658, 356, 50),
(5659, 356, 50),
(5660, 356, 101),
(5661, 356, 109),
(5662, 356, 174),
(5663, 356, 193),
(5664, 356, 212),
(5665, 356, 228),
(5666, 356, 247),
(5667, 356, 248),
(5668, 356, 248),
(5669, 356, 261),
(5670, 356, 310),
(5671, 356, 310),
(5672, 356, 325),
(5673, 356, 356),
(5674, 356, 371),
(5675, 356, 425),
(5676, 356, 506),
(5677, 357, 16),
(5678, 357, 18),
(5679, 357, 23),
(5680, 357, 34),
(5681, 357, 43),
(5682, 357, 74),
(5683, 357, 75),
(5684, 357, 76),
(5685, 357, 230),
(5686, 357, 235),
(5687, 357, 345),
(5688, 357, 363),
(5689, 357, 403),
(5690, 357, 437),
(5691, 357, 437),
(5692, 357, 516),
(5693, 357, 536),
(5694, 358, 35),
(5695, 358, 36),
(5696, 358, 38),
(5697, 358, 45),
(5698, 358, 45),
(5699, 358, 93),
(5700, 358, 93),
(5701, 358, 149),
(5702, 358, 215),
(5703, 358, 219),
(5704, 358, 253),
(5705, 358, 281),
(5706, 358, 310),
(5707, 358, 310),
(5708, 358, 326),
(5709, 358, 361),
(5710, 358, 361),
(5711, 358, 485),
(5712, 358, 485),
(5713, 358, 505),
(5714, 359, 10),
(5715, 359, 13),
(5716, 359, 14),
(5717, 359, 43),
(5718, 359, 43),
(5719, 359, 44),
(5720, 359, 98),
(5721, 359, 98),
(5722, 359, 104),
(5723, 359, 163),
(5724, 359, 195),
(5725, 359, 195),
(5726, 359, 197),
(5727, 359, 228),
(5728, 359, 248),
(5729, 359, 248),
(5730, 359, 269),
(5731, 359, 364),
(5732, 359, 382),
(5733, 359, 389),
(5734, 359, 400),
(5735, 359, 427),
(5736, 360, 68),
(5737, 360, 150),
(5738, 360, 194),
(5739, 360, 204),
(5740, 360, 219),
(5741, 360, 227),
(5742, 360, 243),
(5743, 361, 29),
(5744, 361, 43),
(5745, 361, 44),
(5746, 361, 59),
(5747, 361, 104),
(5748, 361, 181),
(5749, 361, 182),
(5750, 361, 196),
(5751, 361, 242),
(5752, 361, 258),
(5753, 361, 420),
(5754, 361, 423),
(5755, 361, 524),
(5756, 362, 29),
(5757, 362, 43),
(5758, 362, 44),
(5759, 362, 59),
(5760, 362, 104),
(5761, 362, 104),
(5762, 362, 181),
(5763, 362, 182),
(5764, 362, 196),
(5765, 362, 242),
(5766, 362, 258),
(5767, 362, 329),
(5768, 362, 329),
(5769, 362, 420),
(5770, 362, 420),
(5771, 362, 423),
(5772, 362, 524),
(5773, 362, 573),
(5774, 363, 34),
(5775, 363, 45),
(5776, 363, 55),
(5777, 363, 59),
(5778, 363, 62),
(5779, 363, 111),
(5780, 363, 156),
(5781, 363, 173),
(5782, 363, 181),
(5783, 363, 205),
(5784, 363, 227),
(5785, 363, 258),
(5786, 363, 301),
(5787, 363, 329),
(5788, 363, 362),
(5789, 364, 34),
(5790, 364, 45),
(5791, 364, 55),
(5792, 364, 59),
(5793, 364, 62),
(5794, 364, 111),
(5795, 364, 156),
(5796, 364, 173),
(5797, 364, 181),
(5798, 364, 205),
(5799, 364, 207),
(5800, 364, 227),
(5801, 364, 258),
(5802, 364, 301),
(5803, 364, 329),
(5804, 364, 362),
(5805, 365, 34),
(5806, 365, 45),
(5807, 365, 55),
(5808, 365, 59),
(5809, 365, 62),
(5810, 365, 111),
(5811, 365, 156),
(5812, 365, 173),
(5813, 365, 181),
(5814, 365, 205),
(5815, 365, 207),
(5816, 365, 227),
(5817, 365, 242),
(5818, 365, 258),
(5819, 365, 301),
(5820, 365, 329),
(5821, 365, 362),
(5822, 365, 423),
(5823, 366, 55),
(5824, 366, 128),
(5825, 366, 250),
(5826, 366, 334),
(5827, 366, 504),
(5828, 367, 44),
(5829, 367, 56),
(5830, 367, 103),
(5831, 367, 184),
(5832, 367, 185),
(5833, 367, 226),
(5834, 367, 242),
(5835, 367, 250),
(5836, 367, 291),
(5837, 367, 352),
(5838, 367, 362),
(5839, 367, 389),
(5840, 367, 401),
(5841, 367, 423),
(5842, 367, 489),
(5843, 368, 56),
(5844, 368, 93),
(5845, 368, 94),
(5846, 368, 97),
(5847, 368, 133),
(5848, 368, 226),
(5849, 368, 250),
(5850, 368, 291),
(5851, 368, 346),
(5852, 368, 352),
(5853, 368, 392),
(5854, 368, 401),
(5855, 368, 445),
(5856, 368, 489),
(5857, 368, 577),
(5858, 369, 33),
(5859, 369, 36),
(5860, 369, 38),
(5861, 369, 55),
(5862, 369, 55),
(5863, 369, 56),
(5864, 369, 106),
(5865, 369, 156),
(5866, 369, 175),
(5867, 369, 246),
(5868, 369, 281),
(5869, 369, 291),
(5870, 369, 300),
(5871, 369, 300),
(5872, 369, 317),
(5873, 369, 457),
(5874, 369, 457),
(5875, 370, 33),
(5876, 370, 36),
(5877, 370, 55),
(5878, 370, 56),
(5879, 370, 97),
(5880, 370, 175),
(5881, 370, 186),
(5882, 370, 204),
(5883, 370, 213),
(5884, 370, 219),
(5885, 370, 352),
(5886, 370, 381),
(5887, 370, 392),
(5888, 370, 445),
(5889, 370, 487),
(5890, 370, 531),
(5891, 370, 577),
(5892, 371, 29),
(5893, 371, 38),
(5894, 371, 43),
(5895, 371, 44),
(5896, 371, 52),
(5897, 371, 53),
(5898, 371, 99),
(5899, 371, 116),
(5900, 371, 184),
(5901, 371, 225),
(5902, 371, 242),
(5903, 371, 337),
(5904, 371, 428),
(5905, 372, 29),
(5906, 372, 38),
(5907, 372, 43),
(5908, 372, 43),
(5909, 372, 44),
(5910, 372, 44),
(5911, 372, 52),
(5912, 372, 52),
(5913, 372, 53),
(5914, 372, 99),
(5915, 372, 116),
(5916, 372, 182),
(5917, 372, 184),
(5918, 372, 225),
(5919, 372, 242),
(5920, 372, 337),
(5921, 372, 428),
(5922, 373, 19),
(5923, 373, 29),
(5924, 373, 38),
(5925, 373, 43),
(5926, 373, 43),
(5927, 373, 44),
(5928, 373, 44),
(5929, 373, 52),
(5930, 373, 52),
(5931, 373, 53),
(5932, 373, 99),
(5933, 373, 116),
(5934, 373, 182),
(5935, 373, 184),
(5936, 373, 225),
(5937, 373, 242),
(5938, 373, 337),
(5939, 373, 422),
(5940, 373, 424),
(5941, 373, 428),
(5942, 373, 525),
(5943, 374, 36),
(5944, 375, 36),
(5945, 375, 63),
(5946, 375, 93),
(5947, 375, 94),
(5948, 375, 97),
(5949, 375, 184),
(5950, 375, 228),
(5951, 375, 232),
(5952, 375, 309),
(5953, 375, 334),
(5954, 375, 357),
(5955, 375, 393),
(5956, 375, 418),
(5957, 375, 428),
(5958, 376, 36),
(5959, 376, 63),
(5960, 376, 93),
(5961, 376, 94),
(5962, 376, 97),
(5963, 376, 184),
(5964, 376, 228),
(5965, 376, 232),
(5966, 376, 309),
(5967, 376, 334),
(5968, 376, 357),
(5969, 376, 359),
(5970, 376, 393),
(5971, 376, 418),
(5972, 376, 428),
(5973, 377, 23),
(5974, 377, 63),
(5975, 377, 88),
(5976, 377, 88),
(5977, 377, 153),
(5978, 377, 174),
(5979, 377, 192),
(5980, 377, 199),
(5981, 377, 246),
(5982, 377, 276),
(5983, 377, 334),
(5984, 377, 359),
(5985, 377, 444),
(5986, 377, 451),
(5987, 377, 451),
(5988, 377, 523),
(5989, 377, 523),
(5990, 378, 23),
(5991, 378, 58),
(5992, 378, 63),
(5993, 378, 133),
(5994, 378, 153),
(5995, 378, 174),
(5996, 378, 192),
(5997, 378, 196),
(5998, 378, 196),
(5999, 378, 199),
(6000, 378, 246),
(6001, 378, 276),
(6002, 378, 359),
(6003, 378, 451),
(6004, 378, 451),
(6005, 378, 523),
(6006, 378, 523),
(6007, 379, 23),
(6008, 379, 63),
(6009, 379, 133),
(6010, 379, 153),
(6011, 379, 174),
(6012, 379, 192),
(6013, 379, 199),
(6014, 379, 232),
(6015, 379, 232),
(6016, 379, 246),
(6017, 379, 276),
(6018, 379, 334),
(6019, 379, 359),
(6020, 379, 430),
(6021, 379, 442),
(6022, 379, 451),
(6023, 379, 451),
(6024, 379, 523),
(6025, 379, 523),
(6026, 380, 94),
(6027, 380, 105),
(6028, 380, 149),
(6029, 380, 204),
(6030, 380, 219),
(6031, 380, 225),
(6032, 380, 270),
(6033, 380, 273),
(6034, 380, 287),
(6035, 380, 296),
(6036, 380, 346),
(6037, 380, 361),
(6038, 380, 361),
(6039, 380, 375),
(6040, 380, 406),
(6041, 380, 428),
(6042, 380, 470),
(6043, 380, 500),
(6044, 380, 505),
(6045, 380, 513),
(6046, 381, 94),
(6047, 381, 105),
(6048, 381, 149),
(6049, 381, 182),
(6050, 381, 219),
(6051, 381, 225),
(6052, 381, 262),
(6053, 381, 262),
(6054, 381, 270),
(6055, 381, 287),
(6056, 381, 295),
(6057, 381, 349),
(6058, 381, 375),
(6059, 381, 377),
(6060, 381, 406),
(6061, 381, 428),
(6062, 381, 471),
(6063, 381, 477),
(6064, 381, 500),
(6065, 381, 505),
(6066, 382, 34),
(6067, 382, 38),
(6068, 382, 56),
(6069, 382, 58),
(6070, 382, 184),
(6071, 382, 246),
(6072, 382, 323),
(6073, 382, 329),
(6074, 382, 330),
(6075, 382, 347),
(6076, 382, 352),
(6077, 382, 392),
(6078, 382, 401),
(6079, 382, 618),
(6080, 383, 76),
(6081, 383, 89),
(6082, 383, 90),
(6083, 383, 126),
(6084, 383, 156),
(6085, 383, 184),
(6086, 383, 246),
(6087, 383, 284),
(6088, 383, 339),
(6089, 383, 341),
(6090, 383, 359),
(6091, 383, 414),
(6092, 383, 436),
(6093, 383, 619),
(6094, 384, 19),
(6095, 384, 63),
(6096, 384, 156),
(6097, 384, 184),
(6098, 384, 200),
(6099, 384, 239),
(6100, 384, 242),
(6101, 384, 245),
(6102, 384, 246),
(6103, 384, 304),
(6104, 384, 349),
(6105, 384, 403),
(6106, 384, 406),
(6107, 385, 38),
(6108, 385, 93),
(6109, 385, 94),
(6110, 385, 129),
(6111, 385, 156),
(6112, 385, 248),
(6113, 385, 270),
(6114, 385, 273),
(6115, 385, 287),
(6116, 385, 322),
(6117, 385, 353),
(6118, 385, 356),
(6119, 385, 361),
(6120, 385, 381),
(6121, 385, 387),
(6122, 385, 428),
(6123, 386, 35),
(6124, 386, 43),
(6125, 386, 63),
(6126, 386, 94),
(6127, 386, 100),
(6128, 386, 101),
(6129, 386, 105),
(6130, 386, 228),
(6131, 386, 282),
(6132, 386, 289),
(6133, 386, 322),
(6134, 386, 354),
(6135, 386, 375),
(6136, 386, 428),
(6137, 387, 33),
(6138, 387, 44),
(6139, 387, 71),
(6140, 387, 72),
(6141, 387, 73),
(6142, 387, 75),
(6143, 387, 110),
(6144, 387, 174),
(6145, 387, 202),
(6146, 387, 235),
(6147, 387, 242),
(6148, 387, 437),
(6149, 388, 33),
(6150, 388, 44),
(6151, 388, 71),
(6152, 388, 71),
(6153, 388, 72),
(6154, 388, 73),
(6155, 388, 75),
(6156, 388, 110),
(6157, 388, 110),
(6158, 388, 174),
(6159, 388, 202),
(6160, 388, 235),
(6161, 388, 242),
(6162, 388, 437),
(6163, 389, 33),
(6164, 389, 44),
(6165, 389, 71),
(6166, 389, 71),
(6167, 389, 72),
(6168, 389, 73),
(6169, 389, 75),
(6170, 389, 75),
(6171, 389, 89),
(6172, 389, 110),
(6173, 389, 110),
(6174, 389, 174),
(6175, 389, 202),
(6176, 389, 235),
(6177, 389, 242),
(6178, 389, 437),
(6179, 389, 452),
(6180, 390, 10),
(6181, 390, 43),
(6182, 390, 52),
(6183, 390, 53),
(6184, 390, 83),
(6185, 390, 154),
(6186, 390, 172),
(6187, 390, 259),
(6188, 390, 263),
(6189, 390, 269),
(6190, 390, 303),
(6191, 390, 417),
(6192, 390, 512),
(6193, 391, 10),
(6194, 391, 43),
(6195, 391, 52),
(6196, 391, 52),
(6197, 391, 83),
(6198, 391, 154),
(6199, 391, 172),
(6200, 391, 183),
(6201, 391, 259),
(6202, 391, 269),
(6203, 391, 303),
(6204, 391, 364),
(6205, 391, 370),
(6206, 391, 394),
(6207, 391, 512),
(6208, 392, 10),
(6209, 392, 43),
(6210, 392, 52),
(6211, 392, 52),
(6212, 392, 83),
(6213, 392, 154),
(6214, 392, 172),
(6215, 392, 183),
(6216, 392, 269),
(6217, 392, 269),
(6218, 392, 347),
(6219, 392, 364),
(6220, 392, 370),
(6221, 392, 386),
(6222, 392, 394),
(6223, 392, 394),
(6224, 392, 512),
(6225, 393, 1),
(6226, 393, 31),
(6227, 393, 45),
(6228, 393, 54),
(6229, 393, 56),
(6230, 393, 61),
(6231, 393, 64),
(6232, 393, 65),
(6233, 393, 117),
(6234, 393, 145),
(6235, 393, 250),
(6236, 393, 346),
(6237, 393, 362),
(6238, 394, 31),
(6239, 394, 33),
(6240, 394, 45),
(6241, 394, 45),
(6242, 394, 54),
(6243, 394, 56),
(6244, 394, 61),
(6245, 394, 64),
(6246, 394, 65),
(6247, 394, 117),
(6248, 394, 145),
(6249, 394, 145),
(6250, 394, 232),
(6251, 394, 250),
(6252, 394, 346),
(6253, 394, 362),
(6254, 395, 14),
(6255, 395, 31),
(6256, 395, 33),
(6257, 395, 45),
(6258, 395, 45),
(6259, 395, 54),
(6260, 395, 56),
(6261, 395, 61),
(6262, 395, 64),
(6263, 395, 65),
(6264, 395, 145),
(6265, 395, 145),
(6266, 395, 207),
(6267, 395, 232),
(6268, 395, 250),
(6269, 395, 362),
(6270, 395, 453),
(6271, 396, 17),
(6272, 396, 18),
(6273, 396, 33),
(6274, 396, 36),
(6275, 396, 45),
(6276, 396, 97),
(6277, 396, 98),
(6278, 396, 104),
(6279, 396, 283),
(6280, 396, 332),
(6281, 396, 413),
(6282, 396, 515),
(6283, 397, 17),
(6284, 397, 18),
(6285, 397, 33),
(6286, 397, 36),
(6287, 397, 45),
(6288, 397, 97),
(6289, 397, 98),
(6290, 397, 98),
(6291, 397, 104),
(6292, 397, 283),
(6293, 397, 332),
(6294, 397, 413),
(6295, 397, 515),
(6296, 398, 17),
(6297, 398, 17),
(6298, 398, 18),
(6299, 398, 33),
(6300, 398, 36),
(6301, 398, 45),
(6302, 398, 97),
(6303, 398, 98),
(6304, 398, 98),
(6305, 398, 104),
(6306, 398, 283),
(6307, 398, 332),
(6308, 398, 370),
(6309, 398, 413),
(6310, 398, 515),
(6311, 399, 14),
(6312, 399, 29),
(6313, 399, 33),
(6314, 399, 36),
(6315, 399, 45),
(6316, 399, 111),
(6317, 399, 133),
(6318, 399, 158),
(6319, 399, 162),
(6320, 399, 174),
(6321, 399, 205),
(6322, 399, 242),
(6323, 399, 276),
(6324, 399, 281),
(6325, 400, 14),
(6326, 400, 29),
(6327, 400, 33),
(6328, 400, 36),
(6329, 400, 45),
(6330, 400, 55),
(6331, 400, 111),
(6332, 400, 133),
(6333, 400, 158),
(6334, 400, 162),
(6335, 400, 174),
(6336, 400, 205),
(6337, 400, 242),
(6338, 400, 276),
(6339, 400, 281),
(6340, 400, 453),
(6341, 400, 563),
(6342, 401, 45),
(6343, 401, 117),
(6344, 401, 450),
(6345, 401, 522),
(6346, 402, 45),
(6347, 402, 47),
(6348, 402, 71),
(6349, 402, 103),
(6350, 402, 116),
(6351, 402, 117),
(6352, 402, 163),
(6353, 402, 195),
(6354, 402, 210),
(6355, 402, 269),
(6356, 402, 400),
(6357, 402, 404),
(6358, 402, 405),
(6359, 402, 564),
(6360, 402, 565),
(6361, 403, 33),
(6362, 403, 43),
(6363, 403, 44),
(6364, 403, 46),
(6365, 403, 184),
(6366, 403, 207),
(6367, 403, 209),
(6368, 403, 242),
(6369, 403, 268),
(6370, 403, 422),
(6371, 403, 435),
(6372, 403, 528),
(6373, 403, 608),
(6374, 404, 33),
(6375, 404, 43),
(6376, 404, 43),
(6377, 404, 44),
(6378, 404, 46),
(6379, 404, 184),
(6380, 404, 207),
(6381, 404, 209),
(6382, 404, 242),
(6383, 404, 268),
(6384, 404, 422),
(6385, 404, 435),
(6386, 404, 528),
(6387, 405, 33),
(6388, 405, 43),
(6389, 405, 43),
(6390, 405, 44),
(6391, 405, 46),
(6392, 405, 184),
(6393, 405, 207),
(6394, 405, 209),
(6395, 405, 242),
(6396, 405, 268),
(6397, 405, 268),
(6398, 405, 422),
(6399, 405, 435),
(6400, 405, 528),
(6401, 405, 604),
(6402, 405, 604),
(6403, 406, 71),
(6404, 406, 72),
(6405, 406, 74),
(6406, 406, 78),
(6407, 406, 346),
(6408, 406, 388),
(6409, 407, 40),
(6410, 407, 72),
(6411, 407, 230),
(6412, 407, 311),
(6413, 407, 345),
(6414, 407, 580),
(6415, 407, 599),
(6416, 408, 29),
(6417, 408, 36),
(6418, 408, 43),
(6419, 408, 103),
(6420, 408, 116),
(6421, 408, 184),
(6422, 408, 228),
(6423, 408, 246),
(6424, 408, 372),
(6425, 408, 428),
(6426, 408, 457),
(6427, 408, 498),
(6428, 409, 29),
(6429, 409, 36),
(6430, 409, 43),
(6431, 409, 103),
(6432, 409, 116),
(6433, 409, 116),
(6434, 409, 184),
(6435, 409, 228),
(6436, 409, 228),
(6437, 409, 246),
(6438, 409, 283),
(6439, 409, 372),
(6440, 409, 428),
(6441, 409, 457),
(6442, 409, 498),
(6443, 410, 33),
(6444, 410, 36),
(6445, 410, 182),
(6446, 410, 203),
(6447, 410, 207),
(6448, 410, 246),
(6449, 410, 269),
(6450, 410, 319),
(6451, 410, 334),
(6452, 410, 368),
(6453, 410, 442),
(6454, 410, 484),
(6455, 411, 33),
(6456, 411, 36),
(6457, 411, 182),
(6458, 411, 203),
(6459, 411, 207),
(6460, 411, 246),
(6461, 411, 269),
(6462, 411, 269),
(6463, 411, 319),
(6464, 411, 319),
(6465, 411, 334),
(6466, 411, 335),
(6467, 411, 368),
(6468, 411, 442),
(6469, 411, 484),
(6470, 412, 33),
(6471, 412, 182),
(6472, 412, 237),
(6473, 412, 450),
(6474, 413, 33),
(6475, 413, 60),
(6476, 413, 74),
(6477, 413, 75),
(6478, 413, 93),
(6479, 413, 94),
(6480, 413, 175),
(6481, 413, 182),
(6482, 413, 182),
(6483, 413, 213),
(6484, 413, 237),
(6485, 413, 389),
(6486, 413, 405),
(6487, 413, 437),
(6488, 413, 445),
(6489, 413, 450),
(6490, 413, 450),
(6491, 413, 483),
(6492, 414, 16),
(6493, 414, 33),
(6494, 414, 60),
(6495, 414, 77),
(6496, 414, 93),
(6497, 414, 94),
(6498, 414, 182),
(6499, 414, 182),
(6500, 414, 237),
(6501, 414, 293),
(6502, 414, 318),
(6503, 414, 403),
(6504, 414, 405),
(6505, 414, 450),
(6506, 414, 450),
(6507, 414, 483),
(6508, 414, 679),
(6509, 415, 16),
(6510, 415, 230),
(6511, 415, 405),
(6512, 415, 450),
(6513, 416, 16),
(6514, 416, 40),
(6515, 416, 92),
(6516, 416, 109),
(6517, 416, 154),
(6518, 416, 163),
(6519, 416, 194),
(6520, 416, 194),
(6521, 416, 207),
(6522, 416, 210),
(6523, 416, 228),
(6524, 416, 230),
(6525, 416, 403),
(6526, 416, 408),
(6527, 416, 445),
(6528, 416, 454),
(6529, 416, 455),
(6530, 416, 456),
(6531, 416, 565),
(6532, 416, 565),
(6533, 417, 45),
(6534, 417, 86),
(6535, 417, 98),
(6536, 417, 117),
(6537, 417, 129),
(6538, 417, 158),
(6539, 417, 162),
(6540, 417, 186),
(6541, 417, 203),
(6542, 417, 204),
(6543, 417, 209),
(6544, 417, 387),
(6545, 417, 435),
(6546, 417, 486),
(6547, 417, 609),
(6548, 418, 13),
(6549, 418, 45),
(6550, 418, 49),
(6551, 418, 55),
(6552, 418, 56),
(6553, 418, 97),
(6554, 418, 98),
(6555, 418, 129),
(6556, 418, 228);
INSERT INTO `pokemon_moves` (`pokemon_move_id`, `pokemon_id`, `move_id`) VALUES
(6557, 418, 250),
(6558, 418, 346),
(6559, 418, 401),
(6560, 418, 453),
(6561, 418, 458),
(6562, 419, 13),
(6563, 419, 45),
(6564, 419, 45),
(6565, 419, 49),
(6566, 419, 55),
(6567, 419, 56),
(6568, 419, 97),
(6569, 419, 98),
(6570, 419, 98),
(6571, 419, 129),
(6572, 419, 228),
(6573, 419, 242),
(6574, 419, 250),
(6575, 419, 346),
(6576, 419, 346),
(6577, 419, 401),
(6578, 419, 423),
(6579, 419, 453),
(6580, 419, 458),
(6581, 420, 33),
(6582, 420, 36),
(6583, 420, 73),
(6584, 420, 74),
(6585, 420, 76),
(6586, 420, 234),
(6587, 420, 241),
(6588, 420, 270),
(6589, 420, 345),
(6590, 420, 381),
(6591, 420, 388),
(6592, 420, 572),
(6593, 421, 33),
(6594, 421, 36),
(6595, 421, 73),
(6596, 421, 73),
(6597, 421, 74),
(6598, 421, 74),
(6599, 421, 76),
(6600, 421, 80),
(6601, 421, 234),
(6602, 421, 241),
(6603, 421, 270),
(6604, 421, 345),
(6605, 421, 381),
(6606, 421, 388),
(6607, 421, 572),
(6608, 422, 34),
(6609, 422, 105),
(6610, 422, 106),
(6611, 422, 189),
(6612, 422, 237),
(6613, 422, 240),
(6614, 422, 300),
(6615, 422, 330),
(6616, 422, 352),
(6617, 422, 426),
(6618, 423, 34),
(6619, 423, 105),
(6620, 423, 106),
(6621, 423, 106),
(6622, 423, 189),
(6623, 423, 237),
(6624, 423, 240),
(6625, 423, 300),
(6626, 423, 300),
(6627, 423, 330),
(6628, 423, 352),
(6629, 423, 352),
(6630, 423, 426),
(6631, 424, 10),
(6632, 424, 28),
(6633, 424, 28),
(6634, 424, 39),
(6635, 424, 97),
(6636, 424, 103),
(6637, 424, 129),
(6638, 424, 154),
(6639, 424, 226),
(6640, 424, 310),
(6641, 424, 310),
(6642, 424, 321),
(6643, 424, 374),
(6644, 424, 387),
(6645, 424, 417),
(6646, 424, 458),
(6647, 424, 530),
(6648, 425, 16),
(6649, 425, 107),
(6650, 425, 116),
(6651, 425, 132),
(6652, 425, 133),
(6653, 425, 153),
(6654, 425, 226),
(6655, 425, 247),
(6656, 425, 254),
(6657, 425, 255),
(6658, 425, 256),
(6659, 425, 310),
(6660, 425, 371),
(6661, 425, 466),
(6662, 425, 506),
(6663, 426, 16),
(6664, 426, 16),
(6665, 426, 107),
(6666, 426, 116),
(6667, 426, 132),
(6668, 426, 133),
(6669, 426, 153),
(6670, 426, 226),
(6671, 426, 247),
(6672, 426, 254),
(6673, 426, 255),
(6674, 426, 256),
(6675, 426, 310),
(6676, 426, 310),
(6677, 426, 371),
(6678, 426, 466),
(6679, 426, 506),
(6680, 426, 566),
(6681, 426, 566),
(6682, 427, 1),
(6683, 427, 26),
(6684, 427, 97),
(6685, 427, 98),
(6686, 427, 111),
(6687, 427, 146),
(6688, 427, 150),
(6689, 427, 193),
(6690, 427, 203),
(6691, 427, 204),
(6692, 427, 218),
(6693, 427, 226),
(6694, 427, 340),
(6695, 427, 361),
(6696, 427, 494),
(6697, 427, 495),
(6698, 427, 608),
(6699, 428, 1),
(6700, 428, 26),
(6701, 428, 97),
(6702, 428, 98),
(6703, 428, 111),
(6704, 428, 136),
(6705, 428, 146),
(6706, 428, 150),
(6707, 428, 193),
(6708, 428, 203),
(6709, 428, 204),
(6710, 428, 216),
(6711, 428, 226),
(6712, 428, 243),
(6713, 428, 277),
(6714, 428, 340),
(6715, 428, 340),
(6716, 428, 361),
(6717, 428, 361),
(6718, 428, 494),
(6719, 428, 495),
(6720, 428, 563),
(6721, 428, 608),
(6722, 429, 45),
(6723, 429, 149),
(6724, 429, 180),
(6725, 429, 310),
(6726, 429, 345),
(6727, 429, 381),
(6728, 429, 408),
(6729, 429, 566),
(6730, 429, 595),
(6731, 430, 17),
(6732, 430, 114),
(6733, 430, 207),
(6734, 430, 228),
(6735, 430, 310),
(6736, 430, 389),
(6737, 430, 399),
(6738, 430, 400),
(6739, 430, 400),
(6740, 430, 417),
(6741, 430, 492),
(6742, 430, 511),
(6743, 431, 10),
(6744, 431, 45),
(6745, 431, 95),
(6746, 431, 154),
(6747, 431, 163),
(6748, 431, 185),
(6749, 431, 204),
(6750, 431, 213),
(6751, 431, 252),
(6752, 431, 274),
(6753, 431, 389),
(6754, 431, 445),
(6755, 431, 468),
(6756, 431, 583),
(6757, 432, 10),
(6758, 432, 10),
(6759, 432, 34),
(6760, 432, 45),
(6761, 432, 45),
(6762, 432, 95),
(6763, 432, 154),
(6764, 432, 163),
(6765, 432, 185),
(6766, 432, 204),
(6767, 432, 207),
(6768, 432, 213),
(6769, 432, 252),
(6770, 432, 274),
(6771, 432, 445),
(6772, 432, 468),
(6773, 433, 35),
(6774, 433, 45),
(6775, 433, 93),
(6776, 433, 253),
(6777, 433, 281),
(6778, 433, 310),
(6779, 433, 387),
(6780, 433, 494),
(6781, 434, 10),
(6782, 434, 44),
(6783, 434, 92),
(6784, 434, 103),
(6785, 434, 108),
(6786, 434, 116),
(6787, 434, 139),
(6788, 434, 153),
(6789, 434, 154),
(6790, 434, 163),
(6791, 434, 262),
(6792, 434, 364),
(6793, 434, 389),
(6794, 434, 400),
(6795, 434, 491),
(6796, 434, 562),
(6797, 434, 599),
(6798, 435, 10),
(6799, 435, 44),
(6800, 435, 53),
(6801, 435, 92),
(6802, 435, 103),
(6803, 435, 103),
(6804, 435, 108),
(6805, 435, 116),
(6806, 435, 139),
(6807, 435, 139),
(6808, 435, 153),
(6809, 435, 154),
(6810, 435, 163),
(6811, 435, 262),
(6812, 435, 364),
(6813, 435, 389),
(6814, 435, 400),
(6815, 435, 491),
(6816, 435, 562),
(6817, 435, 599),
(6818, 436, 33),
(6819, 436, 93),
(6820, 436, 95),
(6821, 436, 109),
(6822, 436, 149),
(6823, 436, 185),
(6824, 436, 219),
(6825, 436, 248),
(6826, 436, 286),
(6827, 436, 319),
(6828, 436, 326),
(6829, 436, 334),
(6830, 436, 360),
(6831, 436, 371),
(6832, 436, 377),
(6833, 436, 484),
(6834, 437, 33),
(6835, 437, 93),
(6836, 437, 95),
(6837, 437, 95),
(6838, 437, 109),
(6839, 437, 149),
(6840, 437, 185),
(6841, 437, 219),
(6842, 437, 240),
(6843, 437, 241),
(6844, 437, 248),
(6845, 437, 286),
(6846, 437, 286),
(6847, 437, 319),
(6848, 437, 326),
(6849, 437, 334),
(6850, 437, 335),
(6851, 437, 360),
(6852, 437, 371),
(6853, 437, 377),
(6854, 437, 484),
(6855, 438, 38),
(6856, 438, 67),
(6857, 438, 68),
(6858, 438, 88),
(6859, 438, 102),
(6860, 438, 157),
(6861, 438, 175),
(6862, 438, 185),
(6863, 438, 313),
(6864, 438, 317),
(6865, 438, 335),
(6866, 438, 383),
(6867, 438, 389),
(6868, 438, 715),
(6869, 439, 1),
(6870, 439, 3),
(6871, 439, 60),
(6872, 439, 93),
(6873, 439, 94),
(6874, 439, 96),
(6875, 439, 102),
(6876, 439, 112),
(6877, 439, 113),
(6878, 439, 115),
(6879, 439, 164),
(6880, 439, 219),
(6881, 439, 226),
(6882, 439, 227),
(6883, 439, 271),
(6884, 439, 272),
(6885, 439, 278),
(6886, 439, 321),
(6887, 439, 383),
(6888, 440, 1),
(6889, 440, 186),
(6890, 440, 204),
(6891, 440, 287),
(6892, 440, 383),
(6893, 441, 31),
(6894, 441, 45),
(6895, 441, 47),
(6896, 441, 64),
(6897, 441, 102),
(6898, 441, 119),
(6899, 441, 253),
(6900, 441, 269),
(6901, 441, 269),
(6902, 441, 297),
(6903, 441, 304),
(6904, 441, 304),
(6905, 441, 355),
(6906, 441, 448),
(6907, 441, 448),
(6908, 441, 485),
(6909, 441, 496),
(6910, 441, 497),
(6911, 441, 590),
(6912, 442, 95),
(6913, 442, 109),
(6914, 442, 138),
(6915, 442, 174),
(6916, 442, 180),
(6917, 442, 185),
(6918, 442, 228),
(6919, 442, 262),
(6920, 442, 389),
(6921, 442, 399),
(6922, 442, 417),
(6923, 442, 425),
(6924, 442, 466),
(6925, 443, 28),
(6926, 443, 33),
(6927, 443, 36),
(6928, 443, 82),
(6929, 443, 91),
(6930, 443, 163),
(6931, 443, 201),
(6932, 443, 328),
(6933, 443, 337),
(6934, 443, 407),
(6935, 444, 28),
(6936, 444, 28),
(6937, 444, 33),
(6938, 444, 36),
(6939, 444, 82),
(6940, 444, 82),
(6941, 444, 91),
(6942, 444, 163),
(6943, 444, 201),
(6944, 444, 328),
(6945, 444, 337),
(6946, 444, 407),
(6947, 444, 530),
(6948, 445, 28),
(6949, 445, 28),
(6950, 445, 33),
(6951, 445, 36),
(6952, 445, 82),
(6953, 445, 82),
(6954, 445, 91),
(6955, 445, 163),
(6956, 445, 201),
(6957, 445, 201),
(6958, 445, 242),
(6959, 445, 328),
(6960, 445, 337),
(6961, 445, 407),
(6962, 445, 424),
(6963, 445, 530),
(6964, 446, 33),
(6965, 446, 34),
(6966, 446, 103),
(6967, 446, 111),
(6968, 446, 118),
(6969, 446, 122),
(6970, 446, 122),
(6971, 446, 133),
(6972, 446, 187),
(6973, 446, 205),
(6974, 446, 254),
(6975, 446, 256),
(6976, 446, 278),
(6977, 446, 289),
(6978, 446, 316),
(6979, 446, 363),
(6980, 446, 374),
(6981, 446, 387),
(6982, 446, 387),
(6983, 446, 498),
(6984, 447, 68),
(6985, 447, 98),
(6986, 447, 103),
(6987, 447, 179),
(6988, 447, 193),
(6989, 447, 203),
(6990, 447, 364),
(6991, 447, 383),
(6992, 447, 395),
(6993, 447, 417),
(6994, 447, 515),
(6995, 448, 14),
(6996, 448, 68),
(6997, 448, 98),
(6998, 448, 193),
(6999, 448, 197),
(7000, 448, 198),
(7001, 448, 232),
(7002, 448, 245),
(7003, 448, 319),
(7004, 448, 347),
(7005, 448, 364),
(7006, 448, 370),
(7007, 448, 382),
(7008, 448, 396),
(7009, 448, 406),
(7010, 448, 501),
(7011, 448, 505),
(7012, 448, 526),
(7013, 448, 612),
(7014, 448, 673),
(7015, 449, 28),
(7016, 449, 33),
(7017, 449, 36),
(7018, 449, 38),
(7019, 449, 44),
(7020, 449, 89),
(7021, 449, 90),
(7022, 449, 91),
(7023, 449, 242),
(7024, 449, 281),
(7025, 449, 328),
(7026, 450, 28),
(7027, 450, 33),
(7028, 450, 36),
(7029, 450, 38),
(7030, 450, 44),
(7031, 450, 44),
(7032, 450, 89),
(7033, 450, 90),
(7034, 450, 91),
(7035, 450, 242),
(7036, 450, 281),
(7037, 450, 281),
(7038, 450, 328),
(7039, 450, 422),
(7040, 450, 423),
(7041, 450, 424),
(7042, 451, 40),
(7043, 451, 42),
(7044, 451, 43),
(7045, 451, 44),
(7046, 451, 184),
(7047, 451, 228),
(7048, 451, 242),
(7049, 451, 282),
(7050, 451, 305),
(7051, 451, 367),
(7052, 451, 390),
(7053, 451, 400),
(7054, 451, 440),
(7055, 451, 450),
(7056, 451, 468),
(7057, 451, 474),
(7058, 451, 565),
(7059, 452, 40),
(7060, 452, 42),
(7061, 452, 43),
(7062, 452, 44),
(7063, 452, 184),
(7064, 452, 228),
(7065, 452, 242),
(7066, 452, 282),
(7067, 452, 282),
(7068, 452, 305),
(7069, 452, 367),
(7070, 452, 390),
(7071, 452, 400),
(7072, 452, 422),
(7073, 452, 423),
(7074, 452, 424),
(7075, 452, 440),
(7076, 452, 450),
(7077, 452, 468),
(7078, 452, 474),
(7079, 452, 565),
(7080, 453, 40),
(7081, 453, 185),
(7082, 453, 188),
(7083, 453, 189),
(7084, 453, 207),
(7085, 453, 228),
(7086, 453, 260),
(7087, 453, 269),
(7088, 453, 279),
(7089, 453, 310),
(7090, 453, 389),
(7091, 453, 398),
(7092, 453, 417),
(7093, 453, 426),
(7094, 453, 474),
(7095, 453, 562),
(7096, 454, 40),
(7097, 454, 40),
(7098, 454, 185),
(7099, 454, 188),
(7100, 454, 189),
(7101, 454, 189),
(7102, 454, 207),
(7103, 454, 228),
(7104, 454, 260),
(7105, 454, 269),
(7106, 454, 279),
(7107, 454, 310),
(7108, 454, 389),
(7109, 454, 398),
(7110, 454, 417),
(7111, 454, 426),
(7112, 454, 474),
(7113, 454, 562),
(7114, 455, 20),
(7115, 455, 22),
(7116, 455, 44),
(7117, 455, 74),
(7118, 455, 185),
(7119, 455, 230),
(7120, 455, 242),
(7121, 455, 254),
(7122, 455, 255),
(7123, 455, 256),
(7124, 455, 275),
(7125, 455, 378),
(7126, 455, 438),
(7127, 455, 536),
(7128, 456, 1),
(7129, 456, 16),
(7130, 456, 55),
(7131, 456, 213),
(7132, 456, 219),
(7133, 456, 240),
(7134, 456, 250),
(7135, 456, 318),
(7136, 456, 340),
(7137, 456, 352),
(7138, 456, 369),
(7139, 456, 392),
(7140, 456, 445),
(7141, 456, 487),
(7142, 457, 1),
(7143, 457, 16),
(7144, 457, 16),
(7145, 457, 55),
(7146, 457, 55),
(7147, 457, 213),
(7148, 457, 213),
(7149, 457, 219),
(7150, 457, 240),
(7151, 457, 250),
(7152, 457, 318),
(7153, 457, 340),
(7154, 457, 352),
(7155, 457, 369),
(7156, 457, 392),
(7157, 457, 445),
(7158, 457, 487),
(7159, 457, 487),
(7160, 458, 17),
(7161, 458, 29),
(7162, 458, 33),
(7163, 458, 36),
(7164, 458, 48),
(7165, 458, 56),
(7166, 458, 61),
(7167, 458, 97),
(7168, 458, 109),
(7169, 458, 145),
(7170, 458, 340),
(7171, 458, 352),
(7172, 458, 392),
(7173, 458, 403),
(7174, 458, 469),
(7175, 459, 43),
(7176, 459, 54),
(7177, 459, 59),
(7178, 459, 75),
(7179, 459, 181),
(7180, 459, 196),
(7181, 459, 207),
(7182, 459, 275),
(7183, 459, 320),
(7184, 459, 329),
(7185, 459, 420),
(7186, 459, 452),
(7187, 460, 8),
(7188, 460, 43),
(7189, 460, 54),
(7190, 460, 59),
(7191, 460, 75),
(7192, 460, 75),
(7193, 460, 181),
(7194, 460, 196),
(7195, 460, 196),
(7196, 460, 207),
(7197, 460, 275),
(7198, 460, 320),
(7199, 460, 329),
(7200, 460, 420),
(7201, 460, 452),
(7202, 461, 10),
(7203, 461, 43),
(7204, 461, 98),
(7205, 461, 98),
(7206, 461, 103),
(7207, 461, 154),
(7208, 461, 185),
(7209, 461, 196),
(7210, 461, 232),
(7211, 461, 269),
(7212, 461, 279),
(7213, 461, 289),
(7214, 461, 372),
(7215, 461, 373),
(7216, 461, 374),
(7217, 461, 386),
(7218, 461, 399),
(7219, 461, 400),
(7220, 461, 417),
(7221, 461, 468),
(7222, 462, 33),
(7223, 462, 48),
(7224, 462, 49),
(7225, 462, 84),
(7226, 462, 84),
(7227, 462, 86),
(7228, 462, 86),
(7229, 462, 103),
(7230, 462, 112),
(7231, 462, 113),
(7232, 462, 161),
(7233, 462, 192),
(7234, 462, 192),
(7235, 462, 199),
(7236, 462, 209),
(7237, 462, 243),
(7238, 462, 319),
(7239, 462, 360),
(7240, 462, 393),
(7241, 462, 429),
(7242, 462, 430),
(7243, 462, 435),
(7244, 462, 443),
(7245, 462, 486),
(7246, 462, 602),
(7247, 462, 604),
(7248, 463, 21),
(7249, 463, 23),
(7250, 463, 35),
(7251, 463, 48),
(7252, 463, 50),
(7253, 463, 103),
(7254, 463, 111),
(7255, 463, 122),
(7256, 463, 205),
(7257, 463, 282),
(7258, 463, 287),
(7259, 463, 360),
(7260, 463, 378),
(7261, 463, 378),
(7262, 463, 382),
(7263, 463, 438),
(7264, 463, 438),
(7265, 463, 498),
(7266, 464, 23),
(7267, 464, 30),
(7268, 464, 31),
(7269, 464, 31),
(7270, 464, 32),
(7271, 464, 32),
(7272, 464, 36),
(7273, 464, 39),
(7274, 464, 89),
(7275, 464, 184),
(7276, 464, 184),
(7277, 464, 224),
(7278, 464, 350),
(7279, 464, 359),
(7280, 464, 398),
(7281, 464, 439),
(7282, 464, 439),
(7283, 464, 444),
(7284, 464, 479),
(7285, 464, 498),
(7286, 464, 523),
(7287, 464, 529),
(7288, 465, 20),
(7289, 465, 21),
(7290, 465, 22),
(7291, 465, 71),
(7292, 465, 72),
(7293, 465, 74),
(7294, 465, 77),
(7295, 465, 78),
(7296, 465, 79),
(7297, 465, 132),
(7298, 465, 202),
(7299, 465, 246),
(7300, 465, 275),
(7301, 465, 282),
(7302, 465, 321),
(7303, 465, 335),
(7304, 465, 335),
(7305, 465, 363),
(7306, 465, 378),
(7307, 465, 438),
(7308, 465, 580),
(7309, 466, 7),
(7310, 466, 9),
(7311, 466, 43),
(7312, 466, 67),
(7313, 466, 67),
(7314, 466, 84),
(7315, 466, 84),
(7316, 466, 85),
(7317, 466, 86),
(7318, 466, 87),
(7319, 466, 98),
(7320, 466, 103),
(7321, 466, 113),
(7322, 466, 129),
(7323, 466, 351),
(7324, 466, 416),
(7325, 466, 435),
(7326, 466, 486),
(7327, 466, 569),
(7328, 466, 604),
(7329, 466, 604),
(7330, 467, 7),
(7331, 467, 9),
(7332, 467, 43),
(7333, 467, 52),
(7334, 467, 52),
(7335, 467, 53),
(7336, 467, 63),
(7337, 467, 83),
(7338, 467, 108),
(7339, 467, 108),
(7340, 467, 109),
(7341, 467, 123),
(7342, 467, 126),
(7343, 467, 185),
(7344, 467, 241),
(7345, 467, 436),
(7346, 467, 481),
(7347, 467, 499),
(7348, 468, 143),
(7349, 468, 245),
(7350, 468, 396),
(7351, 468, 403),
(7352, 468, 495),
(7353, 469, 33),
(7354, 469, 48),
(7355, 469, 49),
(7356, 469, 98),
(7357, 469, 98),
(7358, 469, 103),
(7359, 469, 104),
(7360, 469, 104),
(7361, 469, 163),
(7362, 469, 193),
(7363, 469, 197),
(7364, 469, 228),
(7365, 469, 246),
(7366, 469, 253),
(7367, 469, 364),
(7368, 469, 369),
(7369, 469, 400),
(7370, 469, 403),
(7371, 469, 403),
(7372, 469, 405),
(7373, 469, 405),
(7374, 469, 450),
(7375, 470, 14),
(7376, 470, 28),
(7377, 470, 33),
(7378, 470, 39),
(7379, 470, 75),
(7380, 470, 98),
(7381, 470, 202),
(7382, 470, 235),
(7383, 470, 241),
(7384, 470, 270),
(7385, 470, 320),
(7386, 470, 345),
(7387, 470, 348),
(7388, 470, 387),
(7389, 470, 608),
(7390, 471, 28),
(7391, 471, 33),
(7392, 471, 39),
(7393, 471, 44),
(7394, 471, 59),
(7395, 471, 98),
(7396, 471, 112),
(7397, 471, 196),
(7398, 471, 243),
(7399, 471, 258),
(7400, 471, 270),
(7401, 471, 387),
(7402, 471, 420),
(7403, 471, 423),
(7404, 471, 608),
(7405, 472, 12),
(7406, 472, 12),
(7407, 472, 14),
(7408, 472, 28),
(7409, 472, 28),
(7410, 472, 98),
(7411, 472, 103),
(7412, 472, 106),
(7413, 472, 106),
(7414, 472, 185),
(7415, 472, 210),
(7416, 472, 282),
(7417, 472, 282),
(7418, 472, 327),
(7419, 472, 369),
(7420, 472, 398),
(7421, 472, 400),
(7422, 472, 404),
(7423, 472, 422),
(7424, 472, 423),
(7425, 472, 424),
(7426, 472, 512),
(7427, 473, 31),
(7428, 473, 36),
(7429, 473, 37),
(7430, 473, 54),
(7431, 473, 59),
(7432, 473, 64),
(7433, 473, 89),
(7434, 473, 181),
(7435, 473, 181),
(7436, 473, 184),
(7437, 473, 184),
(7438, 473, 189),
(7439, 473, 203),
(7440, 473, 246),
(7441, 473, 258),
(7442, 473, 300),
(7443, 473, 300),
(7444, 473, 316),
(7445, 473, 423),
(7446, 473, 426),
(7447, 473, 458),
(7448, 474, 33),
(7449, 474, 60),
(7450, 474, 63),
(7451, 474, 97),
(7452, 474, 105),
(7453, 474, 160),
(7454, 474, 161),
(7455, 474, 176),
(7456, 474, 192),
(7457, 474, 192),
(7458, 474, 199),
(7459, 474, 277),
(7460, 474, 277),
(7461, 474, 324),
(7462, 474, 373),
(7463, 474, 393),
(7464, 474, 417),
(7465, 474, 433),
(7466, 474, 435),
(7467, 475, 14),
(7468, 475, 43),
(7469, 475, 93),
(7470, 475, 93),
(7471, 475, 100),
(7472, 475, 100),
(7473, 475, 104),
(7474, 475, 104),
(7475, 475, 163),
(7476, 475, 182),
(7477, 475, 206),
(7478, 475, 210),
(7479, 475, 270),
(7480, 475, 332),
(7481, 475, 348),
(7482, 475, 364),
(7483, 475, 370),
(7484, 475, 370),
(7485, 475, 400),
(7486, 475, 427),
(7487, 475, 469),
(7488, 475, 500),
(7489, 475, 500),
(7490, 475, 501),
(7491, 475, 505),
(7492, 476, 33),
(7493, 476, 86),
(7494, 476, 156),
(7495, 476, 157),
(7496, 476, 161),
(7497, 476, 192),
(7498, 476, 199),
(7499, 476, 201),
(7500, 476, 209),
(7501, 476, 334),
(7502, 476, 334),
(7503, 476, 335),
(7504, 476, 335),
(7505, 476, 350),
(7506, 476, 356),
(7507, 476, 393),
(7508, 476, 408),
(7509, 476, 414),
(7510, 476, 435),
(7511, 476, 443),
(7512, 476, 443),
(7513, 476, 444),
(7514, 476, 469),
(7515, 476, 602),
(7516, 477, 7),
(7517, 477, 8),
(7518, 477, 9),
(7519, 477, 20),
(7520, 477, 43),
(7521, 477, 50),
(7522, 477, 50),
(7523, 477, 101),
(7524, 477, 109),
(7525, 477, 174),
(7526, 477, 193),
(7527, 477, 212),
(7528, 477, 228),
(7529, 477, 247),
(7530, 477, 248),
(7531, 477, 248),
(7532, 477, 261),
(7533, 477, 310),
(7534, 477, 310),
(7535, 477, 325),
(7536, 477, 356),
(7537, 477, 371),
(7538, 477, 425),
(7539, 477, 506),
(7540, 478, 43),
(7541, 478, 59),
(7542, 478, 104),
(7543, 478, 104),
(7544, 478, 109),
(7545, 478, 181),
(7546, 478, 194),
(7547, 478, 194),
(7548, 478, 196),
(7549, 478, 247),
(7550, 478, 258),
(7551, 478, 261),
(7552, 478, 310),
(7553, 478, 358),
(7554, 478, 420),
(7555, 478, 420),
(7556, 478, 445),
(7557, 478, 466),
(7558, 478, 577),
(7559, 479, 84),
(7560, 479, 86),
(7561, 479, 104),
(7562, 479, 109),
(7563, 479, 164),
(7564, 479, 253),
(7565, 479, 268),
(7566, 479, 268),
(7567, 479, 271),
(7568, 479, 310),
(7569, 479, 351),
(7570, 479, 435),
(7571, 479, 435),
(7572, 479, 466),
(7573, 479, 486),
(7574, 479, 506),
(7575, 480, 93),
(7576, 480, 129),
(7577, 480, 133),
(7578, 480, 156),
(7579, 480, 175),
(7580, 480, 175),
(7581, 480, 203),
(7582, 480, 248),
(7583, 480, 262),
(7584, 480, 262),
(7585, 480, 281),
(7586, 480, 286),
(7587, 480, 326),
(7588, 480, 363),
(7589, 480, 363),
(7590, 481, 93),
(7591, 481, 129),
(7592, 481, 156),
(7593, 481, 182),
(7594, 481, 204),
(7595, 481, 248),
(7596, 481, 286),
(7597, 481, 326),
(7598, 481, 361),
(7599, 481, 361),
(7600, 481, 363),
(7601, 481, 363),
(7602, 481, 381),
(7603, 481, 383),
(7604, 481, 383),
(7605, 482, 93),
(7606, 482, 129),
(7607, 482, 153),
(7608, 482, 156),
(7609, 482, 197),
(7610, 482, 248),
(7611, 482, 253),
(7612, 482, 286),
(7613, 482, 326),
(7614, 482, 363),
(7615, 482, 363),
(7616, 482, 387),
(7617, 482, 387),
(7618, 482, 417),
(7619, 483, 163),
(7620, 483, 184),
(7621, 483, 225),
(7622, 483, 231),
(7623, 483, 232),
(7624, 483, 246),
(7625, 483, 337),
(7626, 483, 368),
(7627, 483, 396),
(7628, 483, 408),
(7629, 483, 414),
(7630, 483, 430),
(7631, 483, 459),
(7632, 484, 56),
(7633, 484, 163),
(7634, 484, 184),
(7635, 484, 225),
(7636, 484, 246),
(7637, 484, 337),
(7638, 484, 352),
(7639, 484, 392),
(7640, 484, 396),
(7641, 484, 401),
(7642, 484, 408),
(7643, 484, 414),
(7644, 484, 460),
(7645, 485, 43),
(7646, 485, 83),
(7647, 485, 83),
(7648, 485, 184),
(7649, 485, 242),
(7650, 485, 246),
(7651, 485, 257),
(7652, 485, 257),
(7653, 485, 319),
(7654, 485, 414),
(7655, 485, 414),
(7656, 485, 424),
(7657, 485, 436),
(7658, 485, 442),
(7659, 485, 442),
(7660, 485, 444),
(7661, 485, 463),
(7662, 485, 463),
(7663, 486, 7),
(7664, 486, 8),
(7665, 486, 9),
(7666, 486, 109),
(7667, 486, 146),
(7668, 486, 193),
(7669, 486, 279),
(7670, 486, 282),
(7671, 486, 371),
(7672, 486, 416),
(7673, 486, 428),
(7674, 486, 462),
(7675, 486, 462),
(7676, 486, 469),
(7677, 486, 484),
(7678, 486, 484),
(7679, 487, 163),
(7680, 487, 184),
(7681, 487, 194),
(7682, 487, 225),
(7683, 487, 246),
(7684, 487, 337),
(7685, 487, 396),
(7686, 487, 414),
(7687, 487, 421),
(7688, 487, 425),
(7689, 487, 466),
(7690, 487, 467),
(7691, 487, 506),
(7692, 488, 54),
(7693, 488, 62),
(7694, 488, 93),
(7695, 488, 94),
(7696, 488, 104),
(7697, 488, 163),
(7698, 488, 219),
(7699, 488, 236),
(7700, 488, 236),
(7701, 488, 248),
(7702, 488, 375),
(7703, 488, 375),
(7704, 488, 427),
(7705, 488, 427),
(7706, 488, 461),
(7707, 488, 461),
(7708, 488, 585),
(7709, 489, 48),
(7710, 489, 61),
(7711, 489, 145),
(7712, 489, 151),
(7713, 489, 204),
(7714, 489, 240),
(7715, 489, 250),
(7716, 489, 291),
(7717, 489, 346),
(7718, 489, 352),
(7719, 489, 392),
(7720, 490, 48),
(7721, 490, 61),
(7722, 490, 145),
(7723, 490, 151),
(7724, 490, 204),
(7725, 490, 240),
(7726, 490, 250),
(7727, 490, 291),
(7728, 490, 294),
(7729, 490, 346),
(7730, 490, 352),
(7731, 490, 391),
(7732, 490, 392),
(7733, 491, 50),
(7734, 491, 95),
(7735, 491, 98),
(7736, 491, 104),
(7737, 491, 114),
(7738, 491, 138),
(7739, 491, 171),
(7740, 491, 185),
(7741, 491, 399),
(7742, 491, 417),
(7743, 491, 464),
(7744, 491, 466),
(7745, 492, 73),
(7746, 492, 74),
(7747, 492, 186),
(7748, 492, 230),
(7749, 492, 235),
(7750, 492, 312),
(7751, 492, 345),
(7752, 492, 361),
(7753, 492, 363),
(7754, 492, 388),
(7755, 492, 412),
(7756, 492, 465),
(7757, 493, 63),
(7758, 493, 69),
(7759, 493, 105),
(7760, 493, 195),
(7761, 493, 245),
(7762, 493, 248),
(7763, 493, 287),
(7764, 493, 304),
(7765, 493, 322),
(7766, 493, 356),
(7767, 493, 363),
(7768, 493, 386),
(7769, 493, 414),
(7770, 493, 449),
(7771, 494, 29),
(7772, 494, 38),
(7773, 494, 93),
(7774, 494, 98),
(7775, 494, 116),
(7776, 494, 179),
(7777, 494, 203),
(7778, 494, 315),
(7779, 494, 394),
(7780, 494, 428),
(7781, 494, 481),
(7782, 494, 488),
(7783, 494, 500),
(7784, 494, 510),
(7785, 494, 515),
(7786, 494, 517),
(7787, 494, 545),
(7788, 495, 21),
(7789, 495, 22),
(7790, 495, 33),
(7791, 495, 35),
(7792, 495, 43),
(7793, 495, 72),
(7794, 495, 73),
(7795, 495, 74),
(7796, 495, 202),
(7797, 495, 348),
(7798, 495, 378),
(7799, 495, 380),
(7800, 495, 437),
(7801, 495, 489),
(7802, 495, 536),
(7803, 496, 21),
(7804, 496, 22),
(7805, 496, 22),
(7806, 496, 33),
(7807, 496, 35),
(7808, 496, 35),
(7809, 496, 43),
(7810, 496, 43),
(7811, 496, 72),
(7812, 496, 73),
(7813, 496, 74),
(7814, 496, 202),
(7815, 496, 348),
(7816, 496, 378),
(7817, 496, 380),
(7818, 496, 437),
(7819, 496, 489),
(7820, 496, 536),
(7821, 497, 21),
(7822, 497, 22),
(7823, 497, 22),
(7824, 497, 33),
(7825, 497, 35),
(7826, 497, 35),
(7827, 497, 43),
(7828, 497, 43),
(7829, 497, 72),
(7830, 497, 73),
(7831, 497, 74),
(7832, 497, 202),
(7833, 497, 348),
(7834, 497, 378),
(7835, 497, 380),
(7836, 497, 437),
(7837, 497, 489),
(7838, 497, 536),
(7839, 498, 33),
(7840, 498, 36),
(7841, 498, 39),
(7842, 498, 46),
(7843, 498, 52),
(7844, 498, 53),
(7845, 498, 111),
(7846, 498, 123),
(7847, 498, 205),
(7848, 498, 316),
(7849, 498, 372),
(7850, 498, 394),
(7851, 498, 457),
(7852, 498, 488),
(7853, 498, 535),
(7854, 499, 33),
(7855, 499, 36),
(7856, 499, 39),
(7857, 499, 39),
(7858, 499, 46),
(7859, 499, 52),
(7860, 499, 52),
(7861, 499, 53),
(7862, 499, 111),
(7863, 499, 123),
(7864, 499, 205),
(7865, 499, 292),
(7866, 499, 316),
(7867, 499, 316),
(7868, 499, 372),
(7869, 499, 394),
(7870, 499, 457),
(7871, 499, 488),
(7872, 499, 535),
(7873, 500, 33),
(7874, 500, 36),
(7875, 500, 39),
(7876, 500, 39),
(7877, 500, 46),
(7878, 500, 52),
(7879, 500, 52),
(7880, 500, 53),
(7881, 500, 111),
(7882, 500, 123),
(7883, 500, 205),
(7884, 500, 292),
(7885, 500, 316),
(7886, 500, 316),
(7887, 500, 359),
(7888, 500, 372),
(7889, 500, 394),
(7890, 500, 457),
(7891, 500, 488),
(7892, 500, 535),
(7893, 501, 14),
(7894, 501, 33),
(7895, 501, 39),
(7896, 501, 55),
(7897, 501, 56),
(7898, 501, 116),
(7899, 501, 210),
(7900, 501, 227),
(7901, 501, 279),
(7902, 501, 346),
(7903, 501, 352),
(7904, 501, 401),
(7905, 501, 453),
(7906, 501, 514),
(7907, 501, 534),
(7908, 502, 14),
(7909, 502, 33),
(7910, 502, 39),
(7911, 502, 39),
(7912, 502, 55),
(7913, 502, 55),
(7914, 502, 56),
(7915, 502, 116),
(7916, 502, 210),
(7917, 502, 227),
(7918, 502, 279),
(7919, 502, 346),
(7920, 502, 346),
(7921, 502, 352),
(7922, 502, 401),
(7923, 502, 453),
(7924, 502, 514),
(7925, 502, 534),
(7926, 503, 14),
(7927, 503, 33),
(7928, 503, 39),
(7929, 503, 39),
(7930, 503, 55),
(7931, 503, 55),
(7932, 503, 56),
(7933, 503, 116),
(7934, 503, 163),
(7935, 503, 210),
(7936, 503, 224),
(7937, 503, 227),
(7938, 503, 279),
(7939, 503, 346),
(7940, 503, 346),
(7941, 503, 352),
(7942, 503, 401),
(7943, 503, 453),
(7944, 503, 514),
(7945, 503, 534),
(7946, 504, 21),
(7947, 504, 28),
(7948, 504, 33),
(7949, 504, 43),
(7950, 504, 44),
(7951, 504, 95),
(7952, 504, 116),
(7953, 504, 117),
(7954, 504, 158),
(7955, 504, 162),
(7956, 504, 197),
(7957, 504, 212),
(7958, 504, 226),
(7959, 504, 242),
(7960, 504, 417),
(7961, 504, 495),
(7962, 504, 526),
(7963, 505, 21),
(7964, 505, 28),
(7965, 505, 33),
(7966, 505, 43),
(7967, 505, 43),
(7968, 505, 44),
(7969, 505, 44),
(7970, 505, 67),
(7971, 505, 95),
(7972, 505, 109),
(7973, 505, 116),
(7974, 505, 117),
(7975, 505, 158),
(7976, 505, 162),
(7977, 505, 197),
(7978, 505, 212),
(7979, 505, 226),
(7980, 505, 242),
(7981, 505, 244),
(7982, 505, 417),
(7983, 505, 495),
(7984, 505, 563),
(7985, 506, 33),
(7986, 506, 36),
(7987, 506, 43),
(7988, 506, 44),
(7989, 506, 46),
(7990, 506, 179),
(7991, 506, 242),
(7992, 506, 270),
(7993, 506, 316),
(7994, 506, 387),
(7995, 506, 416),
(7996, 506, 514),
(7997, 506, 526),
(7998, 506, 583),
(7999, 506, 608),
(8000, 507, 33),
(8001, 507, 36),
(8002, 507, 43),
(8003, 507, 44),
(8004, 507, 44),
(8005, 507, 46),
(8006, 507, 179),
(8007, 507, 242),
(8008, 507, 270),
(8009, 507, 316),
(8010, 507, 316),
(8011, 507, 387),
(8012, 507, 416),
(8013, 507, 514),
(8014, 507, 526),
(8015, 507, 583),
(8016, 508, 33),
(8017, 508, 36),
(8018, 508, 43),
(8019, 508, 44),
(8020, 508, 44),
(8021, 508, 46),
(8022, 508, 179),
(8023, 508, 242),
(8024, 508, 270),
(8025, 508, 316),
(8026, 508, 316),
(8027, 508, 387),
(8028, 508, 416),
(8029, 508, 422),
(8030, 508, 423),
(8031, 508, 424),
(8032, 508, 514),
(8033, 508, 526),
(8034, 508, 583),
(8035, 509, 10),
(8036, 509, 28),
(8037, 509, 45),
(8038, 509, 154),
(8039, 509, 163),
(8040, 509, 228),
(8041, 509, 252),
(8042, 509, 259),
(8043, 509, 274),
(8044, 509, 289),
(8045, 509, 372),
(8046, 509, 389),
(8047, 509, 400),
(8048, 509, 417),
(8049, 509, 445),
(8050, 509, 468),
(8051, 509, 583),
(8052, 510, 10),
(8053, 510, 28),
(8054, 510, 28),
(8055, 510, 45),
(8056, 510, 45),
(8057, 510, 154),
(8058, 510, 163),
(8059, 510, 228),
(8060, 510, 252),
(8061, 510, 259),
(8062, 510, 269),
(8063, 510, 274),
(8064, 510, 274),
(8065, 510, 289),
(8066, 510, 372),
(8067, 510, 389),
(8068, 510, 400),
(8069, 510, 417),
(8070, 510, 468),
(8071, 510, 583),
(8072, 511, 10),
(8073, 511, 22),
(8074, 511, 43),
(8075, 511, 44),
(8076, 511, 73),
(8077, 511, 122),
(8078, 511, 154),
(8079, 511, 242),
(8080, 511, 259),
(8081, 511, 278),
(8082, 511, 363),
(8083, 511, 374),
(8084, 511, 402),
(8085, 511, 447),
(8086, 511, 512),
(8087, 511, 589),
(8088, 512, 43),
(8089, 512, 122),
(8090, 512, 154),
(8091, 512, 402),
(8092, 513, 10),
(8093, 513, 43),
(8094, 513, 44),
(8095, 513, 122),
(8096, 513, 126),
(8097, 513, 133),
(8098, 513, 154),
(8099, 513, 242),
(8100, 513, 278),
(8101, 513, 281),
(8102, 513, 363),
(8103, 513, 374),
(8104, 513, 481),
(8105, 513, 510),
(8106, 513, 512),
(8107, 513, 589),
(8108, 514, 43),
(8109, 514, 122),
(8110, 514, 154),
(8111, 514, 481),
(8112, 515, 10),
(8113, 515, 43),
(8114, 515, 44),
(8115, 515, 55),
(8116, 515, 122),
(8117, 515, 154),
(8118, 515, 242),
(8119, 515, 269),
(8120, 515, 278),
(8121, 515, 346),
(8122, 515, 362),
(8123, 515, 363),
(8124, 515, 374),
(8125, 515, 503),
(8126, 515, 512),
(8127, 515, 589),
(8128, 516, 43),
(8129, 516, 122),
(8130, 516, 154),
(8131, 516, 503),
(8132, 517, 60),
(8133, 517, 94),
(8134, 517, 95),
(8135, 517, 111),
(8136, 517, 138),
(8137, 517, 149),
(8138, 517, 171),
(8139, 517, 236),
(8140, 517, 248),
(8141, 517, 281),
(8142, 517, 286),
(8143, 517, 347),
(8144, 517, 381),
(8145, 517, 428),
(8146, 517, 477),
(8147, 517, 485),
(8148, 517, 500),
(8149, 518, 60),
(8150, 518, 95),
(8151, 518, 111),
(8152, 518, 381),
(8153, 518, 678),
(8154, 519, 13),
(8155, 519, 16),
(8156, 519, 43),
(8157, 519, 45),
(8158, 519, 98),
(8159, 519, 143),
(8160, 519, 197),
(8161, 519, 207),
(8162, 519, 263),
(8163, 519, 269),
(8164, 519, 297),
(8165, 519, 314),
(8166, 519, 355),
(8167, 519, 366),
(8168, 519, 403),
(8169, 520, 13),
(8170, 520, 16),
(8171, 520, 43),
(8172, 520, 43),
(8173, 520, 45),
(8174, 520, 45),
(8175, 520, 98),
(8176, 520, 98),
(8177, 520, 143),
(8178, 520, 197),
(8179, 520, 207),
(8180, 520, 263),
(8181, 520, 269),
(8182, 520, 297),
(8183, 520, 314),
(8184, 520, 355),
(8185, 520, 366),
(8186, 520, 403),
(8187, 521, 13),
(8188, 521, 16),
(8189, 521, 43),
(8190, 521, 43),
(8191, 521, 45),
(8192, 521, 45),
(8193, 521, 98),
(8194, 521, 98),
(8195, 521, 143),
(8196, 521, 197),
(8197, 521, 207),
(8198, 521, 263),
(8199, 521, 269),
(8200, 521, 297),
(8201, 521, 314),
(8202, 521, 355),
(8203, 521, 366),
(8204, 521, 403),
(8205, 522, 23),
(8206, 522, 37),
(8207, 522, 39),
(8208, 522, 86),
(8209, 522, 97),
(8210, 522, 98),
(8211, 522, 209),
(8212, 522, 228),
(8213, 522, 268),
(8214, 522, 351),
(8215, 522, 435),
(8216, 522, 488),
(8217, 522, 528),
(8218, 523, 23),
(8219, 523, 37),
(8220, 523, 39),
(8221, 523, 39),
(8222, 523, 86),
(8223, 523, 86),
(8224, 523, 97),
(8225, 523, 98),
(8226, 523, 209),
(8227, 523, 228),
(8228, 523, 268),
(8229, 523, 268),
(8230, 523, 351),
(8231, 523, 435),
(8232, 523, 488),
(8233, 523, 528),
(8234, 523, 569),
(8235, 523, 569),
(8236, 524, 28),
(8237, 524, 29),
(8238, 524, 33),
(8239, 524, 106),
(8240, 524, 153),
(8241, 524, 157),
(8242, 524, 189),
(8243, 524, 201),
(8244, 524, 334),
(8245, 524, 350),
(8246, 524, 444),
(8247, 524, 446),
(8248, 524, 479),
(8249, 525, 28),
(8250, 525, 28),
(8251, 525, 29),
(8252, 525, 29),
(8253, 525, 33),
(8254, 525, 106),
(8255, 525, 106),
(8256, 525, 153),
(8257, 525, 157),
(8258, 525, 189),
(8259, 525, 201),
(8260, 525, 334),
(8261, 525, 350),
(8262, 525, 408),
(8263, 525, 444),
(8264, 525, 446),
(8265, 525, 479),
(8266, 526, 28),
(8267, 526, 28),
(8268, 526, 29),
(8269, 526, 29),
(8270, 526, 33),
(8271, 526, 106),
(8272, 526, 106),
(8273, 526, 153),
(8274, 526, 157),
(8275, 526, 189),
(8276, 526, 201),
(8277, 526, 334),
(8278, 526, 350),
(8279, 526, 408),
(8280, 526, 444),
(8281, 526, 446),
(8282, 526, 479),
(8283, 527, 16),
(8284, 527, 93),
(8285, 527, 94),
(8286, 527, 133),
(8287, 527, 213),
(8288, 527, 248),
(8289, 527, 283),
(8290, 527, 286),
(8291, 527, 314),
(8292, 527, 316),
(8293, 527, 347),
(8294, 527, 372),
(8295, 527, 403),
(8296, 527, 531),
(8297, 528, 16),
(8298, 528, 16),
(8299, 528, 93),
(8300, 528, 94),
(8301, 528, 133),
(8302, 528, 213),
(8303, 528, 248),
(8304, 528, 283),
(8305, 528, 286),
(8306, 528, 314),
(8307, 528, 316),
(8308, 528, 316),
(8309, 528, 347),
(8310, 528, 372),
(8311, 528, 372),
(8312, 528, 403),
(8313, 528, 531),
(8314, 529, 10),
(8315, 529, 14),
(8316, 529, 89),
(8317, 529, 90),
(8318, 529, 91),
(8319, 529, 154),
(8320, 529, 157),
(8321, 529, 163),
(8322, 529, 189),
(8323, 529, 201),
(8324, 529, 229),
(8325, 529, 232),
(8326, 529, 300),
(8327, 529, 468),
(8328, 529, 529),
(8329, 530, 10),
(8330, 530, 14),
(8331, 530, 32),
(8332, 530, 89),
(8333, 530, 90),
(8334, 530, 91),
(8335, 530, 154),
(8336, 530, 157),
(8337, 530, 163),
(8338, 530, 189),
(8339, 530, 189),
(8340, 530, 201),
(8341, 530, 229),
(8342, 530, 229),
(8343, 530, 232),
(8344, 530, 300),
(8345, 530, 468),
(8346, 530, 529),
(8347, 530, 563),
(8348, 531, 1),
(8349, 531, 3),
(8350, 531, 36),
(8351, 531, 38),
(8352, 531, 45),
(8353, 531, 213),
(8354, 531, 270),
(8355, 531, 287),
(8356, 531, 290),
(8357, 531, 304),
(8358, 531, 304),
(8359, 531, 387),
(8360, 531, 387),
(8361, 531, 493),
(8362, 531, 494),
(8363, 531, 495),
(8364, 531, 505),
(8365, 531, 574),
(8366, 531, 581),
(8367, 531, 589),
(8368, 531, 608),
(8369, 532, 1),
(8370, 532, 43),
(8371, 532, 67),
(8372, 532, 88),
(8373, 532, 116),
(8374, 532, 117),
(8375, 532, 157),
(8376, 532, 184),
(8377, 532, 223),
(8378, 532, 264),
(8379, 532, 276),
(8380, 532, 339),
(8381, 532, 358),
(8382, 532, 359),
(8383, 532, 444),
(8384, 532, 498),
(8385, 533, 1),
(8386, 533, 43),
(8387, 533, 67),
(8388, 533, 88),
(8389, 533, 116),
(8390, 533, 116),
(8391, 533, 117),
(8392, 533, 117),
(8393, 533, 157),
(8394, 533, 184),
(8395, 533, 223),
(8396, 533, 264),
(8397, 533, 276),
(8398, 533, 339),
(8399, 533, 358),
(8400, 533, 359),
(8401, 533, 444),
(8402, 533, 498),
(8403, 534, 1),
(8404, 534, 43),
(8405, 534, 67),
(8406, 534, 88),
(8407, 534, 116),
(8408, 534, 116),
(8409, 534, 117),
(8410, 534, 117),
(8411, 534, 157),
(8412, 534, 184),
(8413, 534, 223),
(8414, 534, 264),
(8415, 534, 276),
(8416, 534, 339),
(8417, 534, 358),
(8418, 534, 359),
(8419, 534, 444),
(8420, 534, 498),
(8421, 535, 45),
(8422, 535, 48),
(8423, 535, 56),
(8424, 535, 61),
(8425, 535, 145),
(8426, 535, 175),
(8427, 535, 240),
(8428, 535, 253),
(8429, 535, 304),
(8430, 535, 330),
(8431, 535, 341),
(8432, 535, 392),
(8433, 535, 496),
(8434, 535, 497),
(8435, 536, 45),
(8436, 536, 48),
(8437, 536, 48),
(8438, 536, 56),
(8439, 536, 61),
(8440, 536, 145),
(8441, 536, 175),
(8442, 536, 240),
(8443, 536, 253),
(8444, 536, 304),
(8445, 536, 330),
(8446, 536, 341),
(8447, 536, 392),
(8448, 536, 496),
(8449, 536, 496),
(8450, 536, 497),
(8451, 537, 45),
(8452, 537, 48),
(8453, 537, 48),
(8454, 537, 51),
(8455, 537, 56),
(8456, 537, 61),
(8457, 537, 145),
(8458, 537, 175),
(8459, 537, 240),
(8460, 537, 253),
(8461, 537, 304),
(8462, 537, 330),
(8463, 537, 341),
(8464, 537, 392),
(8465, 537, 409),
(8466, 537, 496),
(8467, 537, 496),
(8468, 537, 497),
(8469, 538, 20),
(8470, 538, 34),
(8471, 538, 43),
(8472, 538, 69),
(8473, 538, 116),
(8474, 538, 117),
(8475, 538, 179),
(8476, 538, 203),
(8477, 538, 233),
(8478, 538, 276),
(8479, 538, 279),
(8480, 538, 339),
(8481, 538, 469),
(8482, 538, 480),
(8483, 538, 509),
(8484, 538, 561),
(8485, 539, 2),
(8486, 539, 24),
(8487, 539, 43),
(8488, 539, 68),
(8489, 539, 116),
(8490, 539, 117),
(8491, 539, 179),
(8492, 539, 203),
(8493, 539, 249),
(8494, 539, 280),
(8495, 539, 339),
(8496, 539, 370),
(8497, 539, 490),
(8498, 539, 501),
(8499, 539, 514),
(8500, 540, 33),
(8501, 540, 75),
(8502, 540, 81),
(8503, 540, 175),
(8504, 540, 203),
(8505, 540, 405),
(8506, 540, 450),
(8507, 540, 522),
(8508, 540, 564),
(8509, 541, 33),
(8510, 541, 75),
(8511, 541, 81),
(8512, 541, 182),
(8513, 541, 320),
(8514, 541, 450),
(8515, 542, 14),
(8516, 542, 33),
(8517, 542, 75),
(8518, 542, 75),
(8519, 542, 81),
(8520, 542, 163),
(8521, 542, 206),
(8522, 542, 270),
(8523, 542, 348),
(8524, 542, 404),
(8525, 542, 437),
(8526, 542, 450),
(8527, 542, 450),
(8528, 542, 494),
(8529, 542, 522),
(8530, 542, 565),
(8531, 543, 38),
(8532, 543, 40),
(8533, 543, 92),
(8534, 543, 97),
(8535, 543, 103),
(8536, 543, 111),
(8537, 543, 182),
(8538, 543, 205),
(8539, 543, 228),
(8540, 543, 342),
(8541, 543, 431),
(8542, 543, 450),
(8543, 543, 474),
(8544, 543, 537),
(8545, 543, 599),
(8546, 544, 38),
(8547, 544, 40),
(8548, 544, 40),
(8549, 544, 92),
(8550, 544, 97),
(8551, 544, 103),
(8552, 544, 103),
(8553, 544, 111),
(8554, 544, 182),
(8555, 544, 205),
(8556, 544, 228),
(8557, 544, 334),
(8558, 544, 342),
(8559, 544, 431),
(8560, 544, 450),
(8561, 544, 474),
(8562, 544, 537),
(8563, 544, 599),
(8564, 545, 38),
(8565, 545, 40),
(8566, 545, 40),
(8567, 545, 92),
(8568, 545, 97),
(8569, 545, 103),
(8570, 545, 103),
(8571, 545, 111),
(8572, 545, 182),
(8573, 545, 205),
(8574, 545, 224),
(8575, 545, 224),
(8576, 545, 226),
(8577, 545, 228),
(8578, 545, 334),
(8579, 545, 342),
(8580, 545, 431),
(8581, 545, 450),
(8582, 545, 474),
(8583, 545, 537),
(8584, 545, 599),
(8585, 546, 71),
(8586, 546, 72),
(8587, 546, 73),
(8588, 546, 74),
(8589, 546, 75),
(8590, 546, 76),
(8591, 546, 77),
(8592, 546, 78),
(8593, 546, 178),
(8594, 546, 202),
(8595, 546, 204),
(8596, 546, 241),
(8597, 546, 270),
(8598, 546, 283),
(8599, 546, 412),
(8600, 546, 538),
(8601, 546, 584),
(8602, 547, 16),
(8603, 547, 72),
(8604, 547, 73),
(8605, 547, 74),
(8606, 547, 178),
(8607, 547, 366),
(8608, 547, 542),
(8609, 547, 585),
(8610, 548, 71),
(8611, 548, 72),
(8612, 548, 73),
(8613, 548, 74),
(8614, 548, 78),
(8615, 548, 79),
(8616, 548, 202),
(8617, 548, 235),
(8618, 548, 241),
(8619, 548, 270),
(8620, 548, 312),
(8621, 548, 345),
(8622, 548, 412),
(8623, 548, 437),
(8624, 548, 494),
(8625, 548, 495),
(8626, 549, 72),
(8627, 549, 73),
(8628, 549, 74),
(8629, 549, 80),
(8630, 549, 235),
(8631, 549, 298),
(8632, 549, 483),
(8633, 549, 572),
(8634, 550, 29),
(8635, 550, 33),
(8636, 550, 36),
(8637, 550, 37),
(8638, 550, 38),
(8639, 550, 39),
(8640, 550, 44),
(8641, 550, 55),
(8642, 550, 175),
(8643, 550, 184),
(8644, 550, 242),
(8645, 550, 253),
(8646, 550, 401),
(8647, 550, 453),
(8648, 550, 457),
(8649, 550, 487),
(8650, 550, 498),
(8651, 550, 515),
(8652, 551, 28),
(8653, 551, 37),
(8654, 551, 43),
(8655, 551, 44),
(8656, 551, 89),
(8657, 551, 91),
(8658, 551, 99),
(8659, 551, 184),
(8660, 551, 189),
(8661, 551, 201),
(8662, 551, 207),
(8663, 551, 242),
(8664, 551, 259),
(8665, 551, 328),
(8666, 551, 372),
(8667, 551, 373),
(8668, 551, 492),
(8669, 552, 28),
(8670, 552, 28),
(8671, 552, 37),
(8672, 552, 43),
(8673, 552, 44),
(8674, 552, 44),
(8675, 552, 89),
(8676, 552, 91),
(8677, 552, 99),
(8678, 552, 184),
(8679, 552, 189),
(8680, 552, 201),
(8681, 552, 207),
(8682, 552, 242),
(8683, 552, 259),
(8684, 552, 328),
(8685, 552, 372),
(8686, 552, 373),
(8687, 552, 492),
(8688, 553, 28),
(8689, 553, 28),
(8690, 553, 43),
(8691, 553, 44),
(8692, 553, 44),
(8693, 553, 89),
(8694, 553, 91),
(8695, 553, 99),
(8696, 553, 184),
(8697, 553, 189),
(8698, 553, 200),
(8699, 553, 201),
(8700, 553, 207),
(8701, 553, 242),
(8702, 553, 259),
(8703, 553, 328),
(8704, 553, 372),
(8705, 553, 373),
(8706, 553, 492),
(8707, 553, 681),
(8708, 554, 7),
(8709, 554, 29),
(8710, 554, 33),
(8711, 554, 37),
(8712, 554, 99),
(8713, 554, 187),
(8714, 554, 205),
(8715, 554, 253),
(8716, 554, 263),
(8717, 554, 269),
(8718, 554, 276),
(8719, 554, 315),
(8720, 554, 394),
(8721, 554, 424),
(8722, 554, 510),
(8723, 554, 526),
(8724, 555, 7),
(8725, 555, 29),
(8726, 555, 33),
(8727, 555, 37),
(8728, 555, 99),
(8729, 555, 99),
(8730, 555, 187),
(8731, 555, 205),
(8732, 555, 205),
(8733, 555, 207),
(8734, 555, 263),
(8735, 555, 269),
(8736, 555, 276),
(8737, 555, 315),
(8738, 555, 359),
(8739, 555, 394),
(8740, 555, 424),
(8741, 555, 510),
(8742, 555, 510),
(8743, 555, 526),
(8744, 556, 42),
(8745, 556, 64),
(8746, 556, 71),
(8747, 556, 72),
(8748, 556, 74),
(8749, 556, 76),
(8750, 556, 80),
(8751, 556, 178),
(8752, 556, 202),
(8753, 556, 230),
(8754, 556, 235),
(8755, 556, 241),
(8756, 556, 275),
(8757, 556, 302),
(8758, 556, 367),
(8759, 556, 389),
(8760, 556, 495),
(8761, 556, 495),
(8762, 556, 538),
(8763, 556, 538),
(8764, 556, 572),
(8765, 556, 596),
(8766, 557, 28),
(8767, 557, 110),
(8768, 557, 157),
(8769, 557, 163),
(8770, 557, 175),
(8771, 557, 185),
(8772, 557, 210),
(8773, 557, 350),
(8774, 557, 397),
(8775, 557, 404),
(8776, 557, 439),
(8777, 557, 446),
(8778, 557, 450),
(8779, 557, 479),
(8780, 557, 504),
(8781, 558, 28),
(8782, 558, 28),
(8783, 558, 110),
(8784, 558, 110),
(8785, 558, 157),
(8786, 558, 163),
(8787, 558, 175),
(8788, 558, 185),
(8789, 558, 350),
(8790, 558, 350),
(8791, 558, 397),
(8792, 558, 404),
(8793, 558, 439),
(8794, 558, 446),
(8795, 558, 450),
(8796, 558, 479),
(8797, 558, 504),
(8798, 558, 504),
(8799, 559, 28),
(8800, 559, 29),
(8801, 559, 43),
(8802, 559, 67),
(8803, 559, 136),
(8804, 559, 184),
(8805, 559, 185),
(8806, 559, 207),
(8807, 559, 242),
(8808, 559, 263),
(8809, 559, 264),
(8810, 559, 280),
(8811, 559, 371),
(8812, 559, 431),
(8813, 559, 457),
(8814, 559, 498),
(8815, 560, 28),
(8816, 560, 28),
(8817, 560, 29),
(8818, 560, 43),
(8819, 560, 67),
(8820, 560, 136),
(8821, 560, 184),
(8822, 560, 185),
(8823, 560, 185),
(8824, 560, 207),
(8825, 560, 242),
(8826, 560, 263),
(8827, 560, 264),
(8828, 560, 280),
(8829, 560, 371),
(8830, 560, 431),
(8831, 560, 457),
(8832, 560, 498),
(8833, 561, 16),
(8834, 561, 18),
(8835, 561, 60),
(8836, 561, 94),
(8837, 561, 95),
(8838, 561, 113),
(8839, 561, 115),
(8840, 561, 119),
(8841, 561, 143),
(8842, 561, 149),
(8843, 561, 314),
(8844, 561, 322),
(8845, 561, 356),
(8846, 561, 357),
(8847, 561, 366),
(8848, 561, 403),
(8849, 561, 485),
(8850, 562, 50),
(8851, 562, 101),
(8852, 562, 114),
(8853, 562, 174),
(8854, 562, 182),
(8855, 562, 194),
(8856, 562, 212),
(8857, 562, 247),
(8858, 562, 261),
(8859, 562, 288),
(8860, 562, 310),
(8861, 562, 466),
(8862, 562, 470),
(8863, 562, 471),
(8864, 562, 506),
(8865, 563, 50),
(8866, 563, 50),
(8867, 563, 101),
(8868, 563, 114),
(8869, 563, 114),
(8870, 563, 174),
(8871, 563, 182),
(8872, 563, 184),
(8873, 563, 194),
(8874, 563, 212),
(8875, 563, 247),
(8876, 563, 261),
(8877, 563, 288),
(8878, 563, 310),
(8879, 563, 466),
(8880, 563, 470),
(8881, 563, 471),
(8882, 563, 506),
(8883, 564, 44),
(8884, 564, 55),
(8885, 564, 56),
(8886, 564, 110),
(8887, 564, 117),
(8888, 564, 157),
(8889, 564, 174),
(8890, 564, 182),
(8891, 564, 205),
(8892, 564, 240),
(8893, 564, 242),
(8894, 564, 246),
(8895, 564, 362),
(8896, 564, 401),
(8897, 564, 453),
(8898, 564, 469),
(8899, 564, 479),
(8900, 564, 504),
(8901, 565, 44),
(8902, 565, 55),
(8903, 565, 56),
(8904, 565, 110),
(8905, 565, 117),
(8906, 565, 157),
(8907, 565, 174),
(8908, 565, 182),
(8909, 565, 205),
(8910, 565, 205),
(8911, 565, 240),
(8912, 565, 242),
(8913, 565, 246),
(8914, 565, 362),
(8915, 565, 401),
(8916, 565, 453),
(8917, 565, 469),
(8918, 565, 479),
(8919, 565, 504),
(8920, 566, 17),
(8921, 566, 37),
(8922, 566, 43),
(8923, 566, 88),
(8924, 566, 97),
(8925, 566, 98),
(8926, 566, 104),
(8927, 566, 157),
(8928, 566, 184),
(8929, 566, 225),
(8930, 566, 242),
(8931, 566, 246),
(8932, 566, 283),
(8933, 566, 337),
(8934, 566, 365),
(8935, 566, 369),
(8936, 566, 501),
(8937, 566, 512),
(8938, 567, 17),
(8939, 567, 37),
(8940, 567, 43),
(8941, 567, 88),
(8942, 567, 88),
(8943, 567, 97),
(8944, 567, 98),
(8945, 567, 104),
(8946, 567, 157),
(8947, 567, 184),
(8948, 567, 225),
(8949, 567, 242),
(8950, 567, 246),
(8951, 567, 283),
(8952, 567, 337),
(8953, 567, 365),
(8954, 567, 369),
(8955, 567, 501),
(8956, 567, 512),
(8957, 568, 1),
(8958, 568, 3),
(8959, 568, 36),
(8960, 568, 92),
(8961, 568, 124),
(8962, 568, 133),
(8963, 568, 139),
(8964, 568, 153),
(8965, 568, 188),
(8966, 568, 254),
(8967, 568, 256),
(8968, 568, 278),
(8969, 568, 390),
(8970, 568, 441),
(8971, 568, 491),
(8972, 568, 499),
(8973, 568, 562),
(8974, 569, 1),
(8975, 569, 3),
(8976, 569, 34),
(8977, 569, 92),
(8978, 569, 124),
(8979, 569, 133),
(8980, 569, 139),
(8981, 569, 153),
(8982, 569, 188),
(8983, 569, 254),
(8984, 569, 256),
(8985, 569, 278),
(8986, 569, 278),
(8987, 569, 390),
(8988, 569, 390),
(8989, 569, 441),
(8990, 569, 491),
(8991, 569, 499),
(8992, 569, 562),
(8993, 570, 10),
(8994, 570, 43),
(8995, 570, 97),
(8996, 570, 154),
(8997, 570, 184),
(8998, 570, 185),
(8999, 570, 228),
(9000, 570, 259),
(9001, 570, 269),
(9002, 570, 286),
(9003, 570, 313),
(9004, 570, 373),
(9005, 570, 386),
(9006, 570, 417),
(9007, 570, 492),
(9008, 570, 539),
(9009, 571, 10),
(9010, 571, 43),
(9011, 571, 97),
(9012, 571, 154),
(9013, 571, 184),
(9014, 571, 185),
(9015, 571, 228),
(9016, 571, 228),
(9017, 571, 259),
(9018, 571, 269),
(9019, 571, 286),
(9020, 571, 286),
(9021, 571, 369),
(9022, 571, 373),
(9023, 571, 386),
(9024, 571, 400),
(9025, 571, 417),
(9026, 571, 468),
(9027, 571, 468),
(9028, 571, 492),
(9029, 571, 539),
(9030, 571, 539),
(9031, 572, 1),
(9032, 572, 3),
(9033, 572, 21),
(9034, 572, 47),
(9035, 572, 129),
(9036, 572, 204),
(9037, 572, 227),
(9038, 572, 270),
(9039, 572, 304),
(9040, 572, 321),
(9041, 572, 358),
(9042, 572, 387),
(9043, 572, 445),
(9044, 572, 495),
(9045, 572, 497),
(9046, 572, 541),
(9047, 572, 608),
(9048, 573, 47),
(9049, 573, 270),
(9050, 573, 321),
(9051, 573, 331),
(9052, 573, 350),
(9053, 573, 541),
(9054, 574, 1),
(9055, 574, 3),
(9056, 574, 60),
(9057, 574, 93),
(9058, 574, 94),
(9059, 574, 185),
(9060, 574, 204),
(9061, 574, 248),
(9062, 574, 260),
(9063, 574, 313),
(9064, 574, 321),
(9065, 574, 373),
(9066, 574, 377),
(9067, 574, 473),
(9068, 574, 477),
(9069, 574, 478),
(9070, 574, 589),
(9071, 575, 1),
(9072, 575, 3),
(9073, 575, 60),
(9074, 575, 93),
(9075, 575, 93),
(9076, 575, 94),
(9077, 575, 185),
(9078, 575, 204),
(9079, 575, 248),
(9080, 575, 260),
(9081, 575, 313),
(9082, 575, 321),
(9083, 575, 321),
(9084, 575, 373),
(9085, 575, 377),
(9086, 575, 473),
(9087, 575, 477),
(9088, 575, 478),
(9089, 575, 589),
(9090, 576, 1),
(9091, 576, 3),
(9092, 576, 60),
(9093, 576, 93),
(9094, 576, 93),
(9095, 576, 94),
(9096, 576, 185),
(9097, 576, 204),
(9098, 576, 248),
(9099, 576, 260),
(9100, 576, 313),
(9101, 576, 321),
(9102, 576, 321),
(9103, 576, 373),
(9104, 576, 377),
(9105, 576, 473),
(9106, 576, 477),
(9107, 576, 478),
(9108, 576, 589),
(9109, 577, 94),
(9110, 577, 105),
(9111, 577, 113),
(9112, 577, 115),
(9113, 577, 149),
(9114, 577, 204),
(9115, 577, 205),
(9116, 577, 220),
(9117, 577, 237),
(9118, 577, 248),
(9119, 577, 283),
(9120, 577, 285),
(9121, 577, 289),
(9122, 577, 377),
(9123, 577, 472),
(9124, 577, 473),
(9125, 578, 94),
(9126, 578, 105),
(9127, 578, 113),
(9128, 578, 115),
(9129, 578, 115),
(9130, 578, 149),
(9131, 578, 204),
(9132, 578, 205),
(9133, 578, 205),
(9134, 578, 220),
(9135, 578, 237),
(9136, 578, 248),
(9137, 578, 283),
(9138, 578, 285),
(9139, 578, 289),
(9140, 578, 289),
(9141, 578, 377),
(9142, 578, 472),
(9143, 578, 473),
(9144, 579, 94),
(9145, 579, 105),
(9146, 579, 113),
(9147, 579, 115),
(9148, 579, 115),
(9149, 579, 146),
(9150, 579, 149),
(9151, 579, 204),
(9152, 579, 205),
(9153, 579, 205),
(9154, 579, 220),
(9155, 579, 237),
(9156, 579, 248),
(9157, 579, 283),
(9158, 579, 285),
(9159, 579, 289),
(9160, 579, 289),
(9161, 579, 377),
(9162, 579, 472),
(9163, 579, 473),
(9164, 580, 17),
(9165, 580, 55),
(9166, 580, 61),
(9167, 580, 240),
(9168, 580, 297),
(9169, 580, 332),
(9170, 580, 346),
(9171, 580, 352),
(9172, 580, 355),
(9173, 580, 366),
(9174, 580, 392),
(9175, 580, 403),
(9176, 580, 413),
(9177, 580, 432),
(9178, 580, 542),
(9179, 581, 17),
(9180, 581, 17),
(9181, 581, 55),
(9182, 581, 61),
(9183, 581, 240),
(9184, 581, 297),
(9185, 581, 332),
(9186, 581, 346),
(9187, 581, 346),
(9188, 581, 352),
(9189, 581, 355),
(9190, 581, 366),
(9191, 581, 392),
(9192, 581, 403),
(9193, 581, 413),
(9194, 581, 432),
(9195, 581, 432),
(9196, 581, 542),
(9197, 582, 54),
(9198, 582, 58),
(9199, 582, 59),
(9200, 582, 106),
(9201, 582, 151),
(9202, 582, 196),
(9203, 582, 243),
(9204, 582, 253),
(9205, 582, 258),
(9206, 582, 269),
(9207, 582, 310),
(9208, 582, 329),
(9209, 582, 333),
(9210, 582, 419),
(9211, 582, 429),
(9212, 583, 54),
(9213, 583, 58),
(9214, 583, 59),
(9215, 583, 106),
(9216, 583, 106),
(9217, 583, 151),
(9218, 583, 196),
(9219, 583, 243),
(9220, 583, 253),
(9221, 583, 253),
(9222, 583, 258),
(9223, 583, 269),
(9224, 583, 310),
(9225, 583, 310),
(9226, 583, 329),
(9227, 583, 333),
(9228, 583, 419),
(9229, 583, 429),
(9230, 584, 54),
(9231, 584, 58),
(9232, 584, 59),
(9233, 584, 106),
(9234, 584, 106),
(9235, 584, 151),
(9236, 584, 196),
(9237, 584, 243),
(9238, 584, 253),
(9239, 584, 253),
(9240, 584, 258),
(9241, 584, 269),
(9242, 584, 310),
(9243, 584, 310),
(9244, 584, 311),
(9245, 584, 329),
(9246, 584, 329),
(9247, 584, 333),
(9248, 584, 419),
(9249, 584, 429),
(9250, 584, 573),
(9251, 585, 24),
(9252, 585, 26),
(9253, 585, 28),
(9254, 585, 33),
(9255, 585, 36),
(9256, 585, 38),
(9257, 585, 45),
(9258, 585, 73),
(9259, 585, 76),
(9260, 585, 185),
(9261, 585, 204),
(9262, 585, 267),
(9263, 585, 293),
(9264, 585, 312),
(9265, 585, 412),
(9266, 586, 24),
(9267, 586, 26),
(9268, 586, 28),
(9269, 586, 28),
(9270, 586, 33),
(9271, 586, 36),
(9272, 586, 38),
(9273, 586, 45),
(9274, 586, 45),
(9275, 586, 73),
(9276, 586, 76),
(9277, 586, 185),
(9278, 586, 204),
(9279, 586, 224),
(9280, 586, 267),
(9281, 586, 293),
(9282, 586, 312),
(9283, 586, 412),
(9284, 586, 532),
(9285, 587, 39),
(9286, 587, 84),
(9287, 587, 97),
(9288, 587, 98),
(9289, 587, 104),
(9290, 587, 113),
(9291, 587, 209),
(9292, 587, 227),
(9293, 587, 228),
(9294, 587, 268),
(9295, 587, 351),
(9296, 587, 435),
(9297, 587, 486),
(9298, 587, 512),
(9299, 587, 521),
(9300, 587, 609),
(9301, 588, 14),
(9302, 588, 29),
(9303, 588, 31),
(9304, 588, 36),
(9305, 588, 38),
(9306, 588, 43),
(9307, 588, 64),
(9308, 588, 163),
(9309, 588, 175),
(9310, 588, 184),
(9311, 588, 203),
(9312, 588, 206),
(9313, 588, 210),
(9314, 588, 404),
(9315, 588, 405),
(9316, 589, 14),
(9317, 589, 29),
(9318, 589, 31),
(9319, 589, 38),
(9320, 589, 41),
(9321, 589, 41),
(9322, 589, 43),
(9323, 589, 43),
(9324, 589, 64),
(9325, 589, 163),
(9326, 589, 179),
(9327, 589, 206),
(9328, 589, 334),
(9329, 589, 404),
(9330, 589, 405),
(9331, 589, 416),
(9332, 589, 442),
(9333, 589, 501),
(9334, 589, 501),
(9335, 589, 565),
(9336, 589, 565),
(9337, 590, 71),
(9338, 590, 72),
(9339, 590, 74),
(9340, 590, 76),
(9341, 590, 92),
(9342, 590, 117),
(9343, 590, 147),
(9344, 590, 185),
(9345, 590, 202),
(9346, 590, 230),
(9347, 590, 235),
(9348, 590, 275),
(9349, 590, 310),
(9350, 590, 476),
(9351, 590, 499),
(9352, 591, 71),
(9353, 591, 72),
(9354, 591, 74),
(9355, 591, 74),
(9356, 591, 76),
(9357, 591, 92),
(9358, 591, 117),
(9359, 591, 117),
(9360, 591, 147),
(9361, 591, 185),
(9362, 591, 202),
(9363, 591, 230),
(9364, 591, 235),
(9365, 591, 275),
(9366, 591, 310),
(9367, 591, 310),
(9368, 591, 476),
(9369, 591, 499),
(9370, 592, 56),
(9371, 592, 61),
(9372, 592, 71),
(9373, 592, 101),
(9374, 592, 105),
(9375, 592, 145),
(9376, 592, 240),
(9377, 592, 323),
(9378, 592, 346),
(9379, 592, 352),
(9380, 592, 362),
(9381, 592, 378),
(9382, 592, 466),
(9383, 592, 506),
(9384, 593, 56),
(9385, 593, 61),
(9386, 593, 71),
(9387, 593, 71),
(9388, 593, 101),
(9389, 593, 101),
(9390, 593, 105),
(9391, 593, 145),
(9392, 593, 240),
(9393, 593, 323),
(9394, 593, 323),
(9395, 593, 346),
(9396, 593, 352),
(9397, 593, 362),
(9398, 593, 378),
(9399, 593, 378),
(9400, 593, 466),
(9401, 593, 506),
(9402, 594, 1),
(9403, 594, 3),
(9404, 594, 56),
(9405, 594, 56),
(9406, 594, 182),
(9407, 594, 219),
(9408, 594, 250),
(9409, 594, 270),
(9410, 594, 270),
(9411, 594, 273),
(9412, 594, 346),
(9413, 594, 352),
(9414, 594, 358),
(9415, 594, 361),
(9416, 594, 361),
(9417, 594, 362),
(9418, 594, 392),
(9419, 594, 453),
(9420, 594, 469),
(9421, 594, 469),
(9422, 594, 487),
(9423, 594, 505),
(9424, 594, 589),
(9425, 595, 71),
(9426, 595, 81),
(9427, 595, 86),
(9428, 595, 97),
(9429, 595, 103),
(9430, 595, 163),
(9431, 595, 169),
(9432, 595, 210),
(9433, 595, 324),
(9434, 595, 380),
(9435, 595, 389),
(9436, 595, 405),
(9437, 595, 435),
(9438, 595, 450),
(9439, 595, 486),
(9440, 595, 527),
(9441, 596, 71),
(9442, 596, 81),
(9443, 596, 86),
(9444, 596, 86),
(9445, 596, 97),
(9446, 596, 103),
(9447, 596, 163),
(9448, 596, 169),
(9449, 596, 210),
(9450, 596, 324),
(9451, 596, 380),
(9452, 596, 389),
(9453, 596, 405),
(9454, 596, 435),
(9455, 596, 450),
(9456, 596, 486),
(9457, 596, 527),
(9458, 596, 564),
(9459, 597, 33),
(9460, 597, 42),
(9461, 597, 106),
(9462, 597, 120),
(9463, 597, 153),
(9464, 597, 174),
(9465, 597, 205),
(9466, 597, 232),
(9467, 597, 275),
(9468, 597, 334),
(9469, 597, 360),
(9470, 597, 371),
(9471, 597, 429),
(9472, 597, 430),
(9473, 597, 442),
(9474, 598, 33),
(9475, 598, 42),
(9476, 598, 106),
(9477, 598, 120),
(9478, 598, 153),
(9479, 598, 174),
(9480, 598, 174),
(9481, 598, 205),
(9482, 598, 205),
(9483, 598, 232),
(9484, 598, 275),
(9485, 598, 334),
(9486, 598, 360),
(9487, 598, 371),
(9488, 598, 429),
(9489, 598, 430),
(9490, 598, 431),
(9491, 598, 438),
(9492, 598, 442),
(9493, 599, 11),
(9494, 599, 20),
(9495, 599, 63),
(9496, 599, 84),
(9497, 599, 103),
(9498, 599, 192),
(9499, 599, 199),
(9500, 599, 268),
(9501, 599, 319),
(9502, 599, 429),
(9503, 599, 435),
(9504, 599, 451),
(9505, 599, 475),
(9506, 599, 508),
(9507, 599, 544),
(9508, 600, 11),
(9509, 600, 20),
(9510, 600, 63),
(9511, 600, 84),
(9512, 600, 84),
(9513, 600, 103),
(9514, 600, 192),
(9515, 600, 199),
(9516, 600, 268),
(9517, 600, 268),
(9518, 600, 319),
(9519, 600, 429),
(9520, 600, 435),
(9521, 600, 451),
(9522, 600, 475),
(9523, 600, 508),
(9524, 600, 544),
(9525, 600, 544),
(9526, 601, 11),
(9527, 601, 20),
(9528, 601, 63),
(9529, 601, 84),
(9530, 601, 84),
(9531, 601, 103),
(9532, 601, 192),
(9533, 601, 199),
(9534, 601, 268),
(9535, 601, 268),
(9536, 601, 319),
(9537, 601, 429),
(9538, 601, 435),
(9539, 601, 451),
(9540, 601, 475),
(9541, 601, 508),
(9542, 601, 544),
(9543, 601, 544),
(9544, 601, 602),
(9545, 601, 674),
(9546, 602, 33),
(9547, 602, 86),
(9548, 602, 209),
(9549, 602, 451),
(9550, 603, 20),
(9551, 603, 29),
(9552, 603, 37),
(9553, 603, 51),
(9554, 603, 85),
(9555, 603, 86),
(9556, 603, 192),
(9557, 603, 209),
(9558, 603, 242),
(9559, 603, 380),
(9560, 603, 435),
(9561, 603, 451),
(9562, 603, 489),
(9563, 603, 491),
(9564, 603, 528),
(9565, 604, 29),
(9566, 604, 37),
(9567, 604, 51),
(9568, 604, 192),
(9569, 604, 242),
(9570, 604, 306),
(9571, 604, 380),
(9572, 604, 435),
(9573, 604, 489),
(9574, 604, 569),
(9575, 605, 29),
(9576, 605, 45),
(9577, 605, 60),
(9578, 605, 93),
(9579, 605, 94),
(9580, 605, 105),
(9581, 605, 237),
(9582, 605, 244),
(9583, 605, 286),
(9584, 605, 347),
(9585, 605, 357),
(9586, 605, 377),
(9587, 605, 428),
(9588, 605, 470),
(9589, 605, 471),
(9590, 605, 472),
(9591, 605, 485),
(9592, 605, 493),
(9593, 606, 29),
(9594, 606, 45),
(9595, 606, 45),
(9596, 606, 60),
(9597, 606, 93),
(9598, 606, 94),
(9599, 606, 105),
(9600, 606, 237),
(9601, 606, 244),
(9602, 606, 286),
(9603, 606, 347),
(9604, 606, 357),
(9605, 606, 357),
(9606, 606, 377),
(9607, 606, 377),
(9608, 606, 428),
(9609, 606, 470),
(9610, 606, 471),
(9611, 606, 472),
(9612, 606, 472),
(9613, 606, 485),
(9614, 606, 485),
(9615, 606, 493),
(9616, 606, 678),
(9617, 607, 52),
(9618, 607, 83),
(9619, 607, 101),
(9620, 607, 107),
(9621, 607, 109),
(9622, 607, 123),
(9623, 607, 174),
(9624, 607, 220),
(9625, 607, 247),
(9626, 607, 261),
(9627, 607, 262),
(9628, 607, 286),
(9629, 607, 310),
(9630, 607, 315),
(9631, 607, 481),
(9632, 607, 506),
(9633, 607, 517),
(9634, 608, 52),
(9635, 608, 83),
(9636, 608, 101),
(9637, 608, 107),
(9638, 608, 107),
(9639, 608, 109),
(9640, 608, 123),
(9641, 608, 123),
(9642, 608, 174),
(9643, 608, 220),
(9644, 608, 247),
(9645, 608, 261),
(9646, 608, 262),
(9647, 608, 286),
(9648, 608, 310),
(9649, 608, 315),
(9650, 608, 481),
(9651, 608, 506),
(9652, 608, 517),
(9653, 609, 109),
(9654, 609, 123),
(9655, 609, 220),
(9656, 609, 481),
(9657, 609, 506),
(9658, 610, 10),
(9659, 610, 12),
(9660, 610, 14),
(9661, 610, 43),
(9662, 610, 82),
(9663, 610, 163),
(9664, 610, 184),
(9665, 610, 200),
(9666, 610, 206),
(9667, 610, 269),
(9668, 610, 337),
(9669, 610, 349),
(9670, 610, 372),
(9671, 610, 406),
(9672, 610, 416),
(9673, 610, 530),
(9674, 611, 10),
(9675, 611, 12),
(9676, 611, 14),
(9677, 611, 43),
(9678, 611, 43),
(9679, 611, 82),
(9680, 611, 82),
(9681, 611, 163),
(9682, 611, 184),
(9683, 611, 200),
(9684, 611, 206),
(9685, 611, 269),
(9686, 611, 337),
(9687, 611, 349),
(9688, 611, 372),
(9689, 611, 372),
(9690, 611, 406),
(9691, 611, 416),
(9692, 611, 530),
(9693, 612, 10),
(9694, 612, 12),
(9695, 612, 14),
(9696, 612, 43),
(9697, 612, 43),
(9698, 612, 82),
(9699, 612, 82),
(9700, 612, 163),
(9701, 612, 184),
(9702, 612, 200),
(9703, 612, 200),
(9704, 612, 206),
(9705, 612, 269),
(9706, 612, 337),
(9707, 612, 349),
(9708, 612, 372),
(9709, 612, 372),
(9710, 612, 406),
(9711, 612, 416),
(9712, 612, 530),
(9713, 613, 37),
(9714, 613, 45),
(9715, 613, 59),
(9716, 613, 117),
(9717, 613, 154),
(9718, 613, 156),
(9719, 613, 163),
(9720, 613, 175),
(9721, 613, 181),
(9722, 613, 196),
(9723, 613, 203),
(9724, 613, 204),
(9725, 613, 258),
(9726, 613, 329),
(9727, 613, 362),
(9728, 613, 589),
(9729, 614, 37),
(9730, 614, 37),
(9731, 614, 45),
(9732, 614, 59);
INSERT INTO `pokemon_moves` (`pokemon_move_id`, `pokemon_id`, `move_id`) VALUES
(9733, 614, 117),
(9734, 614, 117),
(9735, 614, 154),
(9736, 614, 156),
(9737, 614, 163),
(9738, 614, 175),
(9739, 614, 181),
(9740, 614, 181),
(9741, 614, 196),
(9742, 614, 196),
(9743, 614, 203),
(9744, 614, 207),
(9745, 614, 258),
(9746, 614, 276),
(9747, 614, 329),
(9748, 614, 329),
(9749, 614, 362),
(9750, 614, 453),
(9751, 614, 556),
(9752, 614, 589),
(9753, 615, 20),
(9754, 615, 54),
(9755, 615, 58),
(9756, 615, 62),
(9757, 615, 76),
(9758, 615, 105),
(9759, 615, 109),
(9760, 615, 113),
(9761, 615, 114),
(9762, 615, 115),
(9763, 615, 151),
(9764, 615, 159),
(9765, 615, 163),
(9766, 615, 196),
(9767, 615, 229),
(9768, 615, 246),
(9769, 615, 329),
(9770, 615, 329),
(9771, 615, 400),
(9772, 615, 400),
(9773, 615, 420),
(9774, 615, 573),
(9775, 616, 34),
(9776, 616, 51),
(9777, 616, 71),
(9778, 616, 72),
(9779, 616, 105),
(9780, 616, 117),
(9781, 616, 151),
(9782, 616, 174),
(9783, 616, 182),
(9784, 616, 202),
(9785, 616, 281),
(9786, 616, 385),
(9787, 616, 405),
(9788, 616, 515),
(9789, 616, 522),
(9790, 617, 71),
(9791, 617, 72),
(9792, 617, 97),
(9793, 617, 98),
(9794, 617, 98),
(9795, 617, 104),
(9796, 617, 104),
(9797, 617, 105),
(9798, 617, 129),
(9799, 617, 202),
(9800, 617, 369),
(9801, 617, 382),
(9802, 617, 384),
(9803, 617, 384),
(9804, 617, 405),
(9805, 617, 491),
(9806, 617, 491),
(9807, 617, 515),
(9808, 617, 515),
(9809, 617, 522),
(9810, 617, 594),
(9811, 618, 33),
(9812, 618, 55),
(9813, 618, 84),
(9814, 618, 85),
(9815, 618, 90),
(9816, 618, 90),
(9817, 618, 117),
(9818, 618, 175),
(9819, 618, 175),
(9820, 618, 189),
(9821, 618, 203),
(9822, 618, 279),
(9823, 618, 293),
(9824, 618, 300),
(9825, 618, 330),
(9826, 618, 340),
(9827, 618, 341),
(9828, 618, 426),
(9829, 618, 435),
(9830, 619, 1),
(9831, 619, 3),
(9832, 619, 26),
(9833, 619, 96),
(9834, 619, 129),
(9835, 619, 136),
(9836, 619, 179),
(9837, 619, 197),
(9838, 619, 252),
(9839, 619, 340),
(9840, 619, 347),
(9841, 619, 369),
(9842, 619, 395),
(9843, 619, 396),
(9844, 619, 409),
(9845, 619, 501),
(9846, 620, 1),
(9847, 620, 3),
(9848, 620, 26),
(9849, 620, 96),
(9850, 620, 96),
(9851, 620, 129),
(9852, 620, 136),
(9853, 620, 179),
(9854, 620, 179),
(9855, 620, 197),
(9856, 620, 197),
(9857, 620, 252),
(9858, 620, 252),
(9859, 620, 340),
(9860, 620, 347),
(9861, 620, 369),
(9862, 620, 395),
(9863, 620, 396),
(9864, 620, 396),
(9865, 620, 409),
(9866, 620, 469),
(9867, 621, 10),
(9868, 621, 43),
(9869, 621, 44),
(9870, 621, 82),
(9871, 621, 163),
(9872, 621, 184),
(9873, 621, 200),
(9874, 621, 242),
(9875, 621, 276),
(9876, 621, 279),
(9877, 621, 337),
(9878, 621, 400),
(9879, 621, 431),
(9880, 621, 468),
(9881, 621, 498),
(9882, 621, 525),
(9883, 622, 1),
(9884, 622, 5),
(9885, 622, 89),
(9886, 622, 101),
(9887, 622, 111),
(9888, 622, 174),
(9889, 622, 189),
(9890, 622, 205),
(9891, 622, 222),
(9892, 622, 223),
(9893, 622, 264),
(9894, 622, 310),
(9895, 622, 325),
(9896, 622, 334),
(9897, 622, 359),
(9898, 622, 707),
(9899, 623, 1),
(9900, 623, 5),
(9901, 623, 89),
(9902, 623, 101),
(9903, 623, 111),
(9904, 623, 174),
(9905, 623, 189),
(9906, 623, 189),
(9907, 623, 205),
(9908, 623, 222),
(9909, 623, 223),
(9910, 623, 264),
(9911, 623, 310),
(9912, 623, 325),
(9913, 623, 334),
(9914, 623, 359),
(9915, 623, 484),
(9916, 623, 566),
(9917, 623, 667),
(9918, 623, 707),
(9919, 624, 10),
(9920, 624, 12),
(9921, 624, 14),
(9922, 624, 43),
(9923, 624, 163),
(9924, 624, 184),
(9925, 624, 185),
(9926, 624, 210),
(9927, 624, 232),
(9928, 624, 259),
(9929, 624, 319),
(9930, 624, 334),
(9931, 624, 372),
(9932, 624, 373),
(9933, 624, 400),
(9934, 624, 442),
(9935, 625, 10),
(9936, 625, 12),
(9937, 625, 12),
(9938, 625, 14),
(9939, 625, 43),
(9940, 625, 43),
(9941, 625, 163),
(9942, 625, 184),
(9943, 625, 185),
(9944, 625, 210),
(9945, 625, 210),
(9946, 625, 232),
(9947, 625, 259),
(9948, 625, 259),
(9949, 625, 319),
(9950, 625, 334),
(9951, 625, 368),
(9952, 625, 372),
(9953, 625, 373),
(9954, 625, 400),
(9955, 625, 442),
(9956, 625, 442),
(9957, 626, 14),
(9958, 626, 30),
(9959, 626, 31),
(9960, 626, 37),
(9961, 626, 43),
(9962, 626, 99),
(9963, 626, 116),
(9964, 626, 179),
(9965, 626, 184),
(9966, 626, 224),
(9967, 626, 228),
(9968, 626, 279),
(9969, 626, 416),
(9970, 626, 543),
(9971, 627, 17),
(9972, 627, 18),
(9973, 627, 31),
(9974, 627, 37),
(9975, 627, 43),
(9976, 627, 64),
(9977, 627, 163),
(9978, 627, 184),
(9979, 627, 306),
(9980, 627, 332),
(9981, 627, 366),
(9982, 627, 403),
(9983, 627, 413),
(9984, 627, 432),
(9985, 627, 468),
(9986, 627, 507),
(9987, 628, 17),
(9988, 628, 17),
(9989, 628, 18),
(9990, 628, 18),
(9991, 628, 31),
(9992, 628, 31),
(9993, 628, 37),
(9994, 628, 37),
(9995, 628, 43),
(9996, 628, 64),
(9997, 628, 163),
(9998, 628, 184),
(9999, 628, 276),
(10000, 628, 306),
(10001, 628, 332),
(10002, 628, 366),
(10003, 628, 403),
(10004, 628, 413),
(10005, 628, 413),
(10006, 628, 432),
(10007, 628, 468),
(10008, 628, 507),
(10009, 629, 16),
(10010, 629, 18),
(10011, 629, 31),
(10012, 629, 43),
(10013, 629, 119),
(10014, 629, 185),
(10015, 629, 260),
(10016, 629, 365),
(10017, 629, 366),
(10018, 629, 373),
(10019, 629, 386),
(10020, 629, 399),
(10021, 629, 403),
(10022, 629, 413),
(10023, 629, 417),
(10024, 629, 432),
(10025, 630, 16),
(10026, 630, 18),
(10027, 630, 18),
(10028, 630, 31),
(10029, 630, 31),
(10030, 630, 43),
(10031, 630, 119),
(10032, 630, 119),
(10033, 630, 185),
(10034, 630, 198),
(10035, 630, 260),
(10036, 630, 365),
(10037, 630, 365),
(10038, 630, 366),
(10039, 630, 373),
(10040, 630, 386),
(10041, 630, 399),
(10042, 630, 403),
(10043, 630, 413),
(10044, 630, 413),
(10045, 630, 417),
(10046, 630, 432),
(10047, 631, 20),
(10048, 631, 33),
(10049, 631, 53),
(10050, 631, 83),
(10051, 631, 122),
(10052, 631, 133),
(10053, 631, 154),
(10054, 631, 163),
(10055, 631, 254),
(10056, 631, 255),
(10057, 631, 256),
(10058, 631, 289),
(10059, 631, 316),
(10060, 631, 394),
(10061, 631, 450),
(10062, 631, 468),
(10063, 631, 481),
(10064, 631, 510),
(10065, 631, 517),
(10066, 631, 680),
(10067, 632, 11),
(10068, 632, 12),
(10069, 632, 12),
(10070, 632, 28),
(10071, 632, 44),
(10072, 632, 91),
(10073, 632, 97),
(10074, 632, 210),
(10075, 632, 232),
(10076, 632, 242),
(10077, 632, 319),
(10078, 632, 319),
(10079, 632, 334),
(10080, 632, 404),
(10081, 632, 442),
(10082, 632, 450),
(10083, 632, 494),
(10084, 633, 21),
(10085, 633, 29),
(10086, 633, 33),
(10087, 633, 34),
(10088, 633, 44),
(10089, 633, 46),
(10090, 633, 82),
(10091, 633, 116),
(10092, 633, 184),
(10093, 633, 200),
(10094, 633, 225),
(10095, 633, 242),
(10096, 633, 304),
(10097, 633, 406),
(10098, 633, 407),
(10099, 633, 526),
(10100, 634, 21),
(10101, 634, 29),
(10102, 634, 34),
(10103, 634, 44),
(10104, 634, 44),
(10105, 634, 46),
(10106, 634, 82),
(10107, 634, 116),
(10108, 634, 116),
(10109, 634, 184),
(10110, 634, 200),
(10111, 634, 225),
(10112, 634, 242),
(10113, 634, 304),
(10114, 634, 406),
(10115, 634, 407),
(10116, 634, 458),
(10117, 634, 526),
(10118, 635, 21),
(10119, 635, 29),
(10120, 635, 34),
(10121, 635, 44),
(10122, 635, 44),
(10123, 635, 46),
(10124, 635, 82),
(10125, 635, 116),
(10126, 635, 116),
(10127, 635, 161),
(10128, 635, 184),
(10129, 635, 200),
(10130, 635, 200),
(10131, 635, 225),
(10132, 635, 242),
(10133, 635, 304),
(10134, 635, 304),
(10135, 635, 406),
(10136, 635, 407),
(10137, 635, 526),
(10138, 636, 36),
(10139, 636, 37),
(10140, 636, 38),
(10141, 636, 52),
(10142, 636, 71),
(10143, 636, 81),
(10144, 636, 133),
(10145, 636, 172),
(10146, 636, 394),
(10147, 636, 405),
(10148, 636, 450),
(10149, 636, 488),
(10150, 637, 16),
(10151, 637, 16),
(10152, 637, 18),
(10153, 637, 37),
(10154, 637, 52),
(10155, 637, 71),
(10156, 637, 71),
(10157, 637, 81),
(10158, 637, 83),
(10159, 637, 133),
(10160, 637, 172),
(10161, 637, 257),
(10162, 637, 257),
(10163, 637, 318),
(10164, 637, 394),
(10165, 637, 405),
(10166, 637, 405),
(10167, 637, 476),
(10168, 637, 476),
(10169, 637, 483),
(10170, 637, 542),
(10171, 637, 542),
(10172, 637, 552),
(10173, 637, 552),
(10174, 638, 14),
(10175, 638, 24),
(10176, 638, 36),
(10177, 638, 43),
(10178, 638, 98),
(10179, 638, 232),
(10180, 638, 270),
(10181, 638, 368),
(10182, 638, 368),
(10183, 638, 370),
(10184, 638, 370),
(10185, 638, 442),
(10186, 638, 501),
(10187, 638, 514),
(10188, 638, 526),
(10189, 638, 533),
(10190, 639, 14),
(10191, 639, 24),
(10192, 639, 36),
(10193, 639, 43),
(10194, 639, 98),
(10195, 639, 157),
(10196, 639, 270),
(10197, 639, 370),
(10198, 639, 370),
(10199, 639, 444),
(10200, 639, 479),
(10201, 639, 501),
(10202, 639, 514),
(10203, 639, 526),
(10204, 639, 533),
(10205, 640, 14),
(10206, 640, 24),
(10207, 640, 36),
(10208, 640, 43),
(10209, 640, 98),
(10210, 640, 202),
(10211, 640, 270),
(10212, 640, 345),
(10213, 640, 348),
(10214, 640, 348),
(10215, 640, 370),
(10216, 640, 370),
(10217, 640, 501),
(10218, 640, 514),
(10219, 640, 526),
(10220, 640, 533),
(10221, 641, 16),
(10222, 641, 37),
(10223, 641, 37),
(10224, 641, 44),
(10225, 641, 97),
(10226, 641, 207),
(10227, 641, 240),
(10228, 641, 242),
(10229, 641, 253),
(10230, 641, 279),
(10231, 641, 310),
(10232, 641, 314),
(10233, 641, 326),
(10234, 641, 359),
(10235, 641, 359),
(10236, 641, 366),
(10237, 641, 399),
(10238, 641, 403),
(10239, 641, 542),
(10240, 641, 542),
(10241, 642, 37),
(10242, 642, 37),
(10243, 642, 44),
(10244, 642, 84),
(10245, 642, 87),
(10246, 642, 97),
(10247, 642, 207),
(10248, 642, 242),
(10249, 642, 253),
(10250, 642, 268),
(10251, 642, 279),
(10252, 642, 310),
(10253, 642, 351),
(10254, 642, 359),
(10255, 642, 359),
(10256, 642, 377),
(10257, 642, 399),
(10258, 642, 417),
(10259, 642, 417),
(10260, 642, 435),
(10261, 643, 53),
(10262, 643, 82),
(10263, 643, 126),
(10264, 643, 163),
(10265, 643, 200),
(10266, 643, 225),
(10267, 643, 242),
(10268, 643, 246),
(10269, 643, 286),
(10270, 643, 304),
(10271, 643, 326),
(10272, 643, 406),
(10273, 643, 424),
(10274, 643, 551),
(10275, 643, 558),
(10276, 643, 568),
(10277, 644, 82),
(10278, 644, 85),
(10279, 644, 87),
(10280, 644, 163),
(10281, 644, 200),
(10282, 644, 225),
(10283, 644, 242),
(10284, 644, 246),
(10285, 644, 286),
(10286, 644, 304),
(10287, 644, 337),
(10288, 644, 422),
(10289, 644, 428),
(10290, 644, 550),
(10291, 644, 559),
(10292, 644, 568),
(10293, 645, 14),
(10294, 645, 88),
(10295, 645, 89),
(10296, 645, 90),
(10297, 645, 90),
(10298, 645, 157),
(10299, 645, 200),
(10300, 645, 200),
(10301, 645, 201),
(10302, 645, 286),
(10303, 645, 317),
(10304, 645, 326),
(10305, 645, 335),
(10306, 645, 341),
(10307, 645, 359),
(10308, 645, 359),
(10309, 645, 386),
(10310, 645, 414),
(10311, 645, 444),
(10312, 645, 523),
(10313, 646, 58),
(10314, 646, 59),
(10315, 646, 82),
(10316, 646, 163),
(10317, 646, 184),
(10318, 646, 196),
(10319, 646, 200),
(10320, 646, 225),
(10321, 646, 246),
(10322, 646, 283),
(10323, 646, 286),
(10324, 646, 304),
(10325, 646, 406),
(10326, 646, 549),
(10327, 646, 568),
(10328, 647, 14),
(10329, 647, 24),
(10330, 647, 24),
(10331, 647, 36),
(10332, 647, 43),
(10333, 647, 56),
(10334, 647, 61),
(10335, 647, 61),
(10336, 647, 270),
(10337, 647, 370),
(10338, 647, 401),
(10339, 647, 453),
(10340, 647, 501),
(10341, 647, 514),
(10342, 647, 526),
(10343, 647, 533),
(10344, 648, 47),
(10345, 648, 47),
(10346, 648, 60),
(10347, 648, 93),
(10348, 648, 93),
(10349, 648, 94),
(10350, 648, 98),
(10351, 648, 98),
(10352, 648, 195),
(10353, 648, 272),
(10354, 648, 298),
(10355, 648, 304),
(10356, 648, 358),
(10357, 648, 369),
(10358, 648, 370),
(10359, 648, 496),
(10360, 648, 497),
(10361, 648, 512),
(10362, 649, 63),
(10363, 649, 98),
(10364, 649, 103),
(10365, 649, 120),
(10366, 649, 161),
(10367, 649, 163),
(10368, 649, 192),
(10369, 649, 199),
(10370, 649, 210),
(10371, 649, 232),
(10372, 649, 319),
(10373, 649, 324),
(10374, 649, 393),
(10375, 649, 404),
(10376, 649, 405),
(10377, 649, 443),
(10378, 649, 488),
(10379, 649, 493),
(10380, 649, 546),
(10381, 649, 565),
(10382, 650, 22),
(10383, 650, 22),
(10384, 650, 34),
(10385, 650, 36),
(10386, 650, 42),
(10387, 650, 44),
(10388, 650, 45),
(10389, 650, 73),
(10390, 650, 205),
(10391, 650, 220),
(10392, 650, 339),
(10393, 650, 341),
(10394, 650, 402),
(10395, 650, 452),
(10396, 651, 22),
(10397, 651, 22),
(10398, 651, 34),
(10399, 651, 36),
(10400, 651, 42),
(10401, 651, 44),
(10402, 651, 45),
(10403, 651, 73),
(10404, 651, 205),
(10405, 651, 220),
(10406, 651, 302),
(10407, 651, 339),
(10408, 651, 341),
(10409, 651, 402),
(10410, 651, 452),
(10411, 652, 22),
(10412, 652, 22),
(10413, 652, 33),
(10414, 652, 34),
(10415, 652, 36),
(10416, 652, 42),
(10417, 652, 44),
(10418, 652, 45),
(10419, 652, 73),
(10420, 652, 187),
(10421, 652, 205),
(10422, 652, 205),
(10423, 652, 220),
(10424, 652, 302),
(10425, 652, 339),
(10426, 652, 341),
(10427, 652, 359),
(10428, 652, 359),
(10429, 652, 364),
(10430, 652, 402),
(10431, 652, 416),
(10432, 652, 452),
(10433, 652, 596),
(10434, 653, 10),
(10435, 653, 39),
(10436, 653, 52),
(10437, 653, 53),
(10438, 653, 60),
(10439, 653, 83),
(10440, 653, 94),
(10441, 653, 113),
(10442, 653, 126),
(10443, 653, 241),
(10444, 653, 261),
(10445, 653, 336),
(10446, 653, 381),
(10447, 653, 473),
(10448, 653, 478),
(10449, 653, 488),
(10450, 654, 10),
(10451, 654, 39),
(10452, 654, 52),
(10453, 654, 52),
(10454, 654, 53),
(10455, 654, 60),
(10456, 654, 83),
(10457, 654, 94),
(10458, 654, 113),
(10459, 654, 126),
(10460, 654, 241),
(10461, 654, 261),
(10462, 654, 336),
(10463, 654, 381),
(10464, 654, 473),
(10465, 654, 478),
(10466, 654, 488),
(10467, 655, 10),
(10468, 655, 39),
(10469, 655, 52),
(10470, 655, 52),
(10471, 655, 53),
(10472, 655, 60),
(10473, 655, 83),
(10474, 655, 94),
(10475, 655, 113),
(10476, 655, 126),
(10477, 655, 241),
(10478, 655, 247),
(10479, 655, 248),
(10480, 655, 248),
(10481, 655, 261),
(10482, 655, 272),
(10483, 655, 336),
(10484, 655, 336),
(10485, 655, 381),
(10486, 655, 415),
(10487, 655, 473),
(10488, 655, 478),
(10489, 655, 488),
(10490, 655, 595),
(10491, 656, 1),
(10492, 656, 45),
(10493, 656, 56),
(10494, 656, 98),
(10495, 656, 104),
(10496, 656, 108),
(10497, 656, 122),
(10498, 656, 145),
(10499, 656, 164),
(10500, 656, 340),
(10501, 656, 352),
(10502, 656, 374),
(10503, 656, 479),
(10504, 656, 496),
(10505, 657, 1),
(10506, 657, 45),
(10507, 657, 56),
(10508, 657, 98),
(10509, 657, 104),
(10510, 657, 108),
(10511, 657, 122),
(10512, 657, 145),
(10513, 657, 145),
(10514, 657, 164),
(10515, 657, 340),
(10516, 657, 352),
(10517, 657, 374),
(10518, 657, 479),
(10519, 657, 496),
(10520, 658, 1),
(10521, 658, 45),
(10522, 658, 56),
(10523, 658, 98),
(10524, 658, 98),
(10525, 658, 104),
(10526, 658, 108),
(10527, 658, 114),
(10528, 658, 114),
(10529, 658, 122),
(10530, 658, 145),
(10531, 658, 145),
(10532, 658, 164),
(10533, 658, 185),
(10534, 658, 191),
(10535, 658, 272),
(10536, 658, 326),
(10537, 658, 352),
(10538, 658, 400),
(10539, 658, 400),
(10540, 658, 425),
(10541, 658, 561),
(10542, 658, 594),
(10543, 659, 3),
(10544, 659, 24),
(10545, 659, 33),
(10546, 659, 36),
(10547, 659, 43),
(10548, 659, 89),
(10549, 659, 91),
(10550, 659, 97),
(10551, 659, 98),
(10552, 659, 162),
(10553, 659, 175),
(10554, 659, 189),
(10555, 659, 263),
(10556, 659, 316),
(10557, 659, 340),
(10558, 659, 341),
(10559, 660, 3),
(10560, 660, 14),
(10561, 660, 24),
(10562, 660, 33),
(10563, 660, 36),
(10564, 660, 43),
(10565, 660, 89),
(10566, 660, 91),
(10567, 660, 97),
(10568, 660, 98),
(10569, 660, 162),
(10570, 660, 175),
(10571, 660, 189),
(10572, 660, 263),
(10573, 660, 316),
(10574, 660, 340),
(10575, 660, 341),
(10576, 660, 359),
(10577, 660, 359),
(10578, 660, 523),
(10579, 660, 563),
(10580, 661, 13),
(10581, 661, 33),
(10582, 661, 45),
(10583, 661, 64),
(10584, 661, 97),
(10585, 661, 98),
(10586, 661, 175),
(10587, 661, 211),
(10588, 661, 355),
(10589, 661, 363),
(10590, 661, 366),
(10591, 661, 382),
(10592, 661, 488),
(10593, 661, 512),
(10594, 662, 13),
(10595, 662, 33),
(10596, 662, 45),
(10597, 662, 52),
(10598, 662, 64),
(10599, 662, 97),
(10600, 662, 98),
(10601, 662, 98),
(10602, 662, 175),
(10603, 662, 211),
(10604, 662, 355),
(10605, 662, 363),
(10606, 662, 366),
(10607, 662, 382),
(10608, 662, 488),
(10609, 662, 512),
(10610, 663, 13),
(10611, 663, 33),
(10612, 663, 45),
(10613, 663, 52),
(10614, 663, 64),
(10615, 663, 64),
(10616, 663, 97),
(10617, 663, 98),
(10618, 663, 98),
(10619, 663, 175),
(10620, 663, 211),
(10621, 663, 355),
(10622, 663, 363),
(10623, 663, 366),
(10624, 663, 382),
(10625, 663, 394),
(10626, 663, 413),
(10627, 663, 413),
(10628, 663, 488),
(10629, 663, 512),
(10630, 664, 33),
(10631, 664, 78),
(10632, 664, 81),
(10633, 664, 450),
(10634, 665, 106),
(10635, 665, 182),
(10636, 666, 16),
(10637, 666, 48),
(10638, 666, 60),
(10639, 666, 77),
(10640, 666, 78),
(10641, 666, 79),
(10642, 666, 113),
(10643, 666, 219),
(10644, 666, 312),
(10645, 666, 405),
(10646, 666, 483),
(10647, 666, 522),
(10648, 666, 542),
(10649, 666, 577),
(10650, 666, 600),
(10651, 666, 600),
(10652, 667, 29),
(10653, 667, 33),
(10654, 667, 36),
(10655, 667, 43),
(10656, 667, 52),
(10657, 667, 53),
(10658, 667, 242),
(10659, 667, 283),
(10660, 667, 304),
(10661, 667, 315),
(10662, 667, 424),
(10663, 667, 497),
(10664, 667, 510),
(10665, 667, 526),
(10666, 667, 568),
(10667, 668, 29),
(10668, 668, 33),
(10669, 668, 36),
(10670, 668, 43),
(10671, 668, 52),
(10672, 668, 52),
(10673, 668, 53),
(10674, 668, 63),
(10675, 668, 242),
(10676, 668, 283),
(10677, 668, 304),
(10678, 668, 315),
(10679, 668, 424),
(10680, 668, 497),
(10681, 668, 510),
(10682, 668, 526),
(10683, 668, 526),
(10684, 668, 568),
(10685, 669, 22),
(10686, 669, 33),
(10687, 669, 75),
(10688, 669, 76),
(10689, 669, 80),
(10690, 669, 273),
(10691, 669, 312),
(10692, 669, 345),
(10693, 669, 381),
(10694, 669, 572),
(10695, 669, 580),
(10696, 669, 581),
(10697, 669, 584),
(10698, 669, 585),
(10699, 670, 22),
(10700, 670, 33),
(10701, 670, 75),
(10702, 670, 76),
(10703, 670, 80),
(10704, 670, 273),
(10705, 670, 312),
(10706, 670, 345),
(10707, 670, 381),
(10708, 670, 572),
(10709, 670, 580),
(10710, 670, 581),
(10711, 670, 584),
(10712, 670, 584),
(10713, 670, 585),
(10714, 671, 80),
(10715, 671, 273),
(10716, 671, 312),
(10717, 671, 345),
(10718, 671, 381),
(10719, 671, 447),
(10720, 671, 572),
(10721, 671, 574),
(10722, 671, 579),
(10723, 671, 580),
(10724, 671, 581),
(10725, 671, 585),
(10726, 672, 22),
(10727, 672, 33),
(10728, 672, 36),
(10729, 672, 38),
(10730, 672, 39),
(10731, 672, 73),
(10732, 672, 74),
(10733, 672, 75),
(10734, 672, 208),
(10735, 672, 235),
(10736, 672, 339),
(10737, 672, 348),
(10738, 672, 388),
(10739, 672, 402),
(10740, 672, 523),
(10741, 672, 532),
(10742, 673, 22),
(10743, 673, 22),
(10744, 673, 33),
(10745, 673, 36),
(10746, 673, 38),
(10747, 673, 39),
(10748, 673, 39),
(10749, 673, 73),
(10750, 673, 74),
(10751, 673, 75),
(10752, 673, 89),
(10753, 673, 208),
(10754, 673, 235),
(10755, 673, 332),
(10756, 673, 339),
(10757, 673, 348),
(10758, 673, 388),
(10759, 673, 402),
(10760, 673, 523),
(10761, 673, 532),
(10762, 674, 2),
(10763, 674, 4),
(10764, 674, 33),
(10765, 674, 34),
(10766, 674, 43),
(10767, 674, 163),
(10768, 674, 233),
(10769, 674, 242),
(10770, 674, 292),
(10771, 674, 327),
(10772, 674, 494),
(10773, 674, 509),
(10774, 674, 526),
(10775, 674, 575),
(10776, 675, 2),
(10777, 675, 4),
(10778, 675, 33),
(10779, 675, 34),
(10780, 675, 43),
(10781, 675, 163),
(10782, 675, 233),
(10783, 675, 242),
(10784, 675, 269),
(10785, 675, 292),
(10786, 675, 292),
(10787, 675, 327),
(10788, 675, 359),
(10789, 675, 359),
(10790, 675, 418),
(10791, 675, 490),
(10792, 675, 490),
(10793, 675, 494),
(10794, 675, 494),
(10795, 675, 509),
(10796, 675, 526),
(10797, 675, 526),
(10798, 675, 575),
(10799, 676, 28),
(10800, 676, 29),
(10801, 676, 33),
(10802, 676, 36),
(10803, 676, 39),
(10804, 676, 44),
(10805, 676, 45),
(10806, 676, 204),
(10807, 676, 316),
(10808, 676, 389),
(10809, 676, 514),
(10810, 676, 538),
(10811, 676, 608),
(10812, 677, 10),
(10813, 677, 43),
(10814, 677, 60),
(10815, 677, 93),
(10816, 677, 113),
(10817, 677, 252),
(10818, 677, 343),
(10819, 677, 473),
(10820, 677, 574),
(10821, 678, 10),
(10822, 678, 43),
(10823, 678, 60),
(10824, 678, 93),
(10825, 678, 93),
(10826, 678, 94),
(10827, 678, 113),
(10828, 678, 115),
(10829, 678, 204),
(10830, 678, 212),
(10831, 678, 252),
(10832, 678, 270),
(10833, 678, 272),
(10834, 678, 286),
(10835, 678, 343),
(10836, 678, 343),
(10837, 678, 357),
(10838, 678, 389),
(10839, 678, 473),
(10840, 678, 501),
(10841, 678, 501),
(10842, 678, 574),
(10843, 678, 581),
(10844, 679, 14),
(10845, 679, 33),
(10846, 679, 163),
(10847, 679, 210),
(10848, 679, 228),
(10849, 679, 319),
(10850, 679, 332),
(10851, 679, 334),
(10852, 679, 379),
(10853, 679, 400),
(10854, 679, 425),
(10855, 679, 442),
(10856, 679, 475),
(10857, 679, 514),
(10858, 679, 533),
(10859, 680, 14),
(10860, 680, 33),
(10861, 680, 163),
(10862, 680, 210),
(10863, 680, 210),
(10864, 680, 228),
(10865, 680, 319),
(10866, 680, 332),
(10867, 680, 334),
(10868, 680, 379),
(10869, 680, 400),
(10870, 680, 425),
(10871, 680, 442),
(10872, 680, 475),
(10873, 680, 514),
(10874, 680, 533),
(10875, 681, 14),
(10876, 681, 163),
(10877, 681, 210),
(10878, 681, 228),
(10879, 681, 332),
(10880, 681, 334),
(10881, 681, 379),
(10882, 681, 400),
(10883, 681, 425),
(10884, 681, 442),
(10885, 681, 457),
(10886, 681, 475),
(10887, 681, 533),
(10888, 681, 588),
(10889, 682, 94),
(10890, 682, 175),
(10891, 682, 186),
(10892, 682, 204),
(10893, 682, 213),
(10894, 682, 230),
(10895, 682, 285),
(10896, 682, 312),
(10897, 682, 316),
(10898, 682, 347),
(10899, 682, 497),
(10900, 682, 574),
(10901, 682, 577),
(10902, 682, 581),
(10903, 682, 584),
(10904, 682, 585),
(10905, 683, 94),
(10906, 683, 115),
(10907, 683, 175),
(10908, 683, 186),
(10909, 683, 186),
(10910, 683, 204),
(10911, 683, 213),
(10912, 683, 230),
(10913, 683, 244),
(10914, 683, 285),
(10915, 683, 312),
(10916, 683, 316),
(10917, 683, 316),
(10918, 683, 347),
(10919, 683, 497),
(10920, 683, 505),
(10921, 683, 574),
(10922, 683, 577),
(10923, 683, 581),
(10924, 683, 584),
(10925, 683, 585),
(10926, 683, 597),
(10927, 684, 33),
(10928, 684, 113),
(10929, 684, 178),
(10930, 684, 219),
(10931, 684, 230),
(10932, 684, 273),
(10933, 684, 283),
(10934, 684, 312),
(10935, 684, 313),
(10936, 684, 412),
(10937, 684, 496),
(10938, 684, 538),
(10939, 684, 577),
(10940, 684, 583),
(10941, 684, 584),
(10942, 684, 589),
(10943, 685, 33),
(10944, 685, 113),
(10945, 685, 178),
(10946, 685, 219),
(10947, 685, 230),
(10948, 685, 273),
(10949, 685, 283),
(10950, 685, 312),
(10951, 685, 313),
(10952, 685, 412),
(10953, 685, 496),
(10954, 685, 538),
(10955, 685, 577),
(10956, 685, 583),
(10957, 685, 584),
(10958, 685, 584),
(10959, 685, 589),
(10960, 685, 589),
(10961, 686, 33),
(10962, 686, 60),
(10963, 686, 64),
(10964, 686, 95),
(10965, 686, 113),
(10966, 686, 115),
(10967, 686, 132),
(10968, 686, 149),
(10969, 686, 163),
(10970, 686, 207),
(10971, 686, 276),
(10972, 686, 365),
(10973, 686, 371),
(10974, 686, 400),
(10975, 686, 415),
(10976, 686, 427),
(10977, 686, 492),
(10978, 686, 576),
(10979, 687, 33),
(10980, 687, 60),
(10981, 687, 64),
(10982, 687, 95),
(10983, 687, 113),
(10984, 687, 115),
(10985, 687, 115),
(10986, 687, 132),
(10987, 687, 149),
(10988, 687, 163),
(10989, 687, 179),
(10990, 687, 207),
(10991, 687, 276),
(10992, 687, 365),
(10993, 687, 371),
(10994, 687, 400),
(10995, 687, 415),
(10996, 687, 427),
(10997, 687, 492),
(10998, 687, 576),
(10999, 688, 10),
(11000, 688, 28),
(11001, 688, 55),
(11002, 688, 110),
(11003, 688, 128),
(11004, 688, 154),
(11005, 688, 163),
(11006, 688, 189),
(11007, 688, 210),
(11008, 688, 238),
(11009, 688, 246),
(11010, 688, 397),
(11011, 688, 400),
(11012, 688, 468),
(11013, 688, 504),
(11014, 688, 534),
(11015, 689, 10),
(11016, 689, 28),
(11017, 689, 55),
(11018, 689, 55),
(11019, 689, 110),
(11020, 689, 128),
(11021, 689, 130),
(11022, 689, 130),
(11023, 689, 154),
(11024, 689, 163),
(11025, 689, 189),
(11026, 689, 210),
(11027, 689, 238),
(11028, 689, 246),
(11029, 689, 397),
(11030, 689, 400),
(11031, 689, 444),
(11032, 689, 444),
(11033, 689, 468),
(11034, 689, 504),
(11035, 689, 534),
(11036, 690, 33),
(11037, 690, 39),
(11038, 690, 51),
(11039, 690, 55),
(11040, 690, 56),
(11041, 690, 92),
(11042, 690, 104),
(11043, 690, 108),
(11044, 690, 145),
(11045, 690, 185),
(11046, 690, 188),
(11047, 690, 293),
(11048, 690, 342),
(11049, 690, 352),
(11050, 690, 401),
(11051, 690, 406),
(11052, 691, 33),
(11053, 691, 39),
(11054, 691, 51),
(11055, 691, 55),
(11056, 691, 56),
(11057, 691, 92),
(11058, 691, 104),
(11059, 691, 108),
(11060, 691, 145),
(11061, 691, 185),
(11062, 691, 185),
(11063, 691, 188),
(11064, 691, 239),
(11065, 691, 293),
(11066, 691, 342),
(11067, 691, 352),
(11068, 691, 401),
(11069, 691, 406),
(11070, 691, 525),
(11071, 691, 525),
(11072, 692, 11),
(11073, 692, 14),
(11074, 692, 55),
(11075, 692, 61),
(11076, 692, 145),
(11077, 692, 150),
(11078, 692, 152),
(11079, 692, 175),
(11080, 692, 330),
(11081, 692, 346),
(11082, 692, 352),
(11083, 692, 453),
(11084, 692, 479),
(11085, 693, 11),
(11086, 693, 11),
(11087, 693, 14),
(11088, 693, 55),
(11089, 693, 61),
(11090, 693, 145),
(11091, 693, 150),
(11092, 693, 152),
(11093, 693, 175),
(11094, 693, 330),
(11095, 693, 346),
(11096, 693, 346),
(11097, 693, 352),
(11098, 693, 396),
(11099, 693, 399),
(11100, 693, 406),
(11101, 693, 453),
(11102, 693, 479),
(11103, 693, 505),
(11104, 694, 1),
(11105, 694, 13),
(11106, 694, 39),
(11107, 694, 84),
(11108, 694, 85),
(11109, 694, 86),
(11110, 694, 98),
(11111, 694, 189),
(11112, 694, 268),
(11113, 694, 521),
(11114, 694, 523),
(11115, 694, 570),
(11116, 694, 582),
(11117, 695, 13),
(11118, 695, 87),
(11119, 695, 98),
(11120, 695, 268),
(11121, 695, 570),
(11122, 695, 582),
(11123, 695, 598),
(11124, 696, 23),
(11125, 696, 32),
(11126, 696, 33),
(11127, 696, 37),
(11128, 696, 39),
(11129, 696, 44),
(11130, 696, 46),
(11131, 696, 89),
(11132, 696, 117),
(11133, 696, 204),
(11134, 696, 242),
(11135, 696, 246),
(11136, 696, 337),
(11137, 696, 446),
(11138, 696, 525),
(11139, 697, 23),
(11140, 697, 23),
(11141, 697, 32),
(11142, 697, 33),
(11143, 697, 37),
(11144, 697, 39),
(11145, 697, 44),
(11146, 697, 46),
(11147, 697, 46),
(11148, 697, 89),
(11149, 697, 117),
(11150, 697, 157),
(11151, 697, 204),
(11152, 697, 242),
(11153, 697, 246),
(11154, 697, 337),
(11155, 697, 416),
(11156, 697, 446),
(11157, 697, 457),
(11158, 697, 457),
(11159, 697, 525),
(11160, 698, 36),
(11161, 698, 45),
(11162, 698, 54),
(11163, 698, 58),
(11164, 698, 59),
(11165, 698, 62),
(11166, 698, 63),
(11167, 698, 86),
(11168, 698, 88),
(11169, 698, 113),
(11170, 698, 181),
(11171, 698, 196),
(11172, 698, 227),
(11173, 698, 246),
(11174, 698, 258),
(11175, 698, 267),
(11176, 698, 419),
(11177, 698, 496),
(11178, 699, 36),
(11179, 699, 45),
(11180, 699, 54),
(11181, 699, 58),
(11182, 699, 59),
(11183, 699, 62),
(11184, 699, 63),
(11185, 699, 86),
(11186, 699, 86),
(11187, 699, 88),
(11188, 699, 88),
(11189, 699, 113),
(11190, 699, 181),
(11191, 699, 196),
(11192, 699, 227),
(11193, 699, 246),
(11194, 699, 258),
(11195, 699, 267),
(11196, 699, 419),
(11197, 699, 496),
(11198, 699, 573),
(11199, 700, 28),
(11200, 700, 33),
(11201, 700, 39),
(11202, 700, 98),
(11203, 700, 113),
(11204, 700, 129),
(11205, 700, 244),
(11206, 700, 270),
(11207, 700, 285),
(11208, 700, 387),
(11209, 700, 574),
(11210, 700, 577),
(11211, 700, 581),
(11212, 700, 584),
(11213, 700, 585),
(11214, 700, 608),
(11215, 701, 2),
(11216, 701, 14),
(11217, 701, 17),
(11218, 701, 33),
(11219, 701, 136),
(11220, 701, 143),
(11221, 701, 197),
(11222, 701, 227),
(11223, 701, 283),
(11224, 701, 297),
(11225, 701, 332),
(11226, 701, 340),
(11227, 701, 355),
(11228, 701, 374),
(11229, 701, 468),
(11230, 701, 507),
(11231, 701, 560),
(11232, 702, 33),
(11233, 702, 39),
(11234, 702, 84),
(11235, 702, 86),
(11236, 702, 87),
(11237, 702, 156),
(11238, 702, 173),
(11239, 702, 204),
(11240, 702, 268),
(11241, 702, 435),
(11242, 702, 451),
(11243, 702, 494),
(11244, 702, 521),
(11245, 702, 570),
(11246, 702, 583),
(11247, 702, 609),
(11248, 703, 33),
(11249, 703, 88),
(11250, 703, 106),
(11251, 703, 113),
(11252, 703, 115),
(11253, 703, 159),
(11254, 703, 175),
(11255, 703, 219),
(11256, 703, 246),
(11257, 703, 285),
(11258, 703, 408),
(11259, 703, 444),
(11260, 703, 446),
(11261, 703, 470),
(11262, 703, 479),
(11263, 703, 585),
(11264, 704, 33),
(11265, 704, 34),
(11266, 704, 71),
(11267, 704, 117),
(11268, 704, 145),
(11269, 704, 175),
(11270, 704, 182),
(11271, 704, 225),
(11272, 704, 240),
(11273, 704, 330),
(11274, 704, 406),
(11275, 705, 33),
(11276, 705, 34),
(11277, 705, 71),
(11278, 705, 71),
(11279, 705, 117),
(11280, 705, 145),
(11281, 705, 175),
(11282, 705, 182),
(11283, 705, 225),
(11284, 705, 240),
(11285, 705, 330),
(11286, 705, 406),
(11287, 706, 33),
(11288, 706, 34),
(11289, 706, 71),
(11290, 706, 71),
(11291, 706, 117),
(11292, 706, 145),
(11293, 706, 175),
(11294, 706, 182),
(11295, 706, 182),
(11296, 706, 200),
(11297, 706, 200),
(11298, 706, 225),
(11299, 706, 240),
(11300, 706, 330),
(11301, 706, 364),
(11302, 706, 401),
(11303, 706, 406),
(11304, 706, 438),
(11305, 707, 33),
(11306, 707, 191),
(11307, 707, 259),
(11308, 707, 278),
(11309, 707, 286),
(11310, 707, 310),
(11311, 707, 319),
(11312, 707, 377),
(11313, 707, 429),
(11314, 707, 478),
(11315, 707, 492),
(11316, 707, 577),
(11317, 707, 578),
(11318, 707, 583),
(11319, 707, 584),
(11320, 707, 587),
(11321, 708, 33),
(11322, 708, 73),
(11323, 708, 74),
(11324, 708, 109),
(11325, 708, 174),
(11326, 708, 185),
(11327, 708, 194),
(11328, 708, 261),
(11329, 708, 275),
(11330, 708, 310),
(11331, 708, 452),
(11332, 708, 532),
(11333, 708, 566),
(11334, 708, 571),
(11335, 709, 33),
(11336, 709, 73),
(11337, 709, 74),
(11338, 709, 74),
(11339, 709, 109),
(11340, 709, 174),
(11341, 709, 185),
(11342, 709, 194),
(11343, 709, 261),
(11344, 709, 275),
(11345, 709, 310),
(11346, 709, 310),
(11347, 709, 421),
(11348, 709, 452),
(11349, 709, 532),
(11350, 709, 532),
(11351, 709, 566),
(11352, 709, 571),
(11353, 710, 73),
(11354, 710, 75),
(11355, 710, 109),
(11356, 710, 184),
(11357, 710, 220),
(11358, 710, 247),
(11359, 710, 271),
(11360, 710, 310),
(11361, 710, 331),
(11362, 710, 388),
(11363, 710, 402),
(11364, 710, 425),
(11365, 710, 567),
(11366, 710, 567),
(11367, 710, 567),
(11368, 711, 73),
(11369, 711, 75),
(11370, 711, 109),
(11371, 711, 153),
(11372, 711, 153),
(11373, 711, 184),
(11374, 711, 184),
(11375, 711, 220),
(11376, 711, 247),
(11377, 711, 271),
(11378, 711, 310),
(11379, 711, 331),
(11380, 711, 388),
(11381, 711, 402),
(11382, 711, 425),
(11383, 711, 566),
(11384, 711, 566),
(11385, 711, 567),
(11386, 711, 567),
(11387, 711, 567),
(11388, 711, 567),
(11389, 712, 33),
(11390, 712, 36),
(11391, 712, 38),
(11392, 712, 44),
(11393, 712, 59),
(11394, 712, 105),
(11395, 712, 106),
(11396, 712, 159),
(11397, 712, 174),
(11398, 712, 181),
(11399, 712, 196),
(11400, 712, 229),
(11401, 712, 301),
(11402, 712, 419),
(11403, 712, 423),
(11404, 713, 33),
(11405, 713, 34),
(11406, 713, 36),
(11407, 713, 38),
(11408, 713, 44),
(11409, 713, 59),
(11410, 713, 105),
(11411, 713, 106),
(11412, 713, 130),
(11413, 713, 130),
(11414, 713, 159),
(11415, 713, 174),
(11416, 713, 181),
(11417, 713, 181),
(11418, 713, 196),
(11419, 713, 229),
(11420, 713, 242),
(11421, 713, 242),
(11422, 713, 301),
(11423, 713, 334),
(11424, 713, 419),
(11425, 713, 423),
(11426, 713, 469),
(11427, 714, 13),
(11428, 714, 16),
(11429, 714, 17),
(11430, 714, 18),
(11431, 714, 33),
(11432, 714, 44),
(11433, 714, 48),
(11434, 714, 71),
(11435, 714, 97),
(11436, 714, 103),
(11437, 714, 162),
(11438, 714, 314),
(11439, 714, 355),
(11440, 714, 366),
(11441, 714, 403),
(11442, 714, 542),
(11443, 715, 13),
(11444, 715, 16),
(11445, 715, 17),
(11446, 715, 18),
(11447, 715, 33),
(11448, 715, 44),
(11449, 715, 48),
(11450, 715, 71),
(11451, 715, 71),
(11452, 715, 97),
(11453, 715, 103),
(11454, 715, 162),
(11455, 715, 236),
(11456, 715, 314),
(11457, 715, 355),
(11458, 715, 366),
(11459, 715, 403),
(11460, 715, 406),
(11461, 715, 406),
(11462, 715, 542),
(11463, 715, 542),
(11464, 715, 586),
(11465, 715, 586),
(11466, 716, 36),
(11467, 716, 62),
(11468, 716, 113),
(11469, 716, 200),
(11470, 716, 224),
(11471, 716, 244),
(11472, 716, 267),
(11473, 716, 275),
(11474, 716, 312),
(11475, 716, 356),
(11476, 716, 370),
(11477, 716, 400),
(11478, 716, 416),
(11479, 716, 505),
(11480, 716, 532),
(11481, 716, 581),
(11482, 716, 585),
(11483, 716, 601),
(11484, 717, 13),
(11485, 717, 50),
(11486, 717, 63),
(11487, 717, 94),
(11488, 717, 104),
(11489, 717, 143),
(11490, 717, 269),
(11491, 717, 355),
(11492, 717, 389),
(11493, 717, 399),
(11494, 717, 403),
(11495, 717, 407),
(11496, 717, 411),
(11497, 717, 492),
(11498, 717, 542),
(11499, 717, 555),
(11500, 717, 566),
(11501, 717, 613),
(11502, 718, 20),
(11503, 718, 44),
(11504, 718, 89),
(11505, 718, 91),
(11506, 718, 114),
(11507, 718, 137),
(11508, 718, 200),
(11509, 718, 201),
(11510, 718, 219),
(11511, 718, 225),
(11512, 718, 242),
(11513, 718, 293),
(11514, 718, 406),
(11515, 718, 489),
(11516, 718, 523),
(11517, 718, 616),
(11518, 719, 33),
(11519, 719, 88),
(11520, 719, 106),
(11521, 719, 113),
(11522, 719, 115),
(11523, 719, 159),
(11524, 719, 175),
(11525, 719, 219),
(11526, 719, 246),
(11527, 719, 285),
(11528, 719, 408),
(11529, 719, 433),
(11530, 719, 444),
(11531, 719, 446),
(11532, 719, 470),
(11533, 719, 479),
(11534, 719, 585),
(11535, 719, 591),
(11536, 720, 60),
(11537, 720, 93),
(11538, 720, 94),
(11539, 720, 113),
(11540, 720, 194),
(11541, 720, 247),
(11542, 720, 271),
(11543, 720, 277),
(11544, 720, 285),
(11545, 720, 310),
(11546, 720, 417),
(11547, 720, 428),
(11548, 720, 433),
(11549, 720, 470),
(11550, 720, 471),
(11551, 720, 472),
(11552, 720, 502),
(11553, 720, 566),
(11554, 720, 593),
(11555, 720, 593),
(11556, 721, 23),
(11557, 721, 34),
(11558, 721, 36),
(11559, 721, 54),
(11560, 721, 56),
(11561, 721, 114),
(11562, 721, 153),
(11563, 721, 311),
(11564, 721, 315),
(11565, 721, 352),
(11566, 721, 394),
(11567, 721, 394),
(11568, 721, 488),
(11569, 721, 503),
(11570, 721, 592),
(11571, 721, 592),
(11572, 722, 31),
(11573, 722, 33),
(11574, 722, 45),
(11575, 722, 64),
(11576, 722, 75),
(11577, 722, 193),
(11578, 722, 235),
(11579, 722, 297),
(11580, 722, 310),
(11581, 722, 348),
(11582, 722, 365),
(11583, 722, 389),
(11584, 722, 413),
(11585, 722, 417),
(11586, 722, 466),
(11587, 722, 670),
(11588, 723, 31),
(11589, 723, 33),
(11590, 723, 45),
(11591, 723, 45),
(11592, 723, 64),
(11593, 723, 64),
(11594, 723, 75),
(11595, 723, 193),
(11596, 723, 235),
(11597, 723, 297),
(11598, 723, 310),
(11599, 723, 348),
(11600, 723, 365),
(11601, 723, 389),
(11602, 723, 413),
(11603, 723, 417),
(11604, 723, 466),
(11605, 723, 670),
(11606, 724, 31),
(11607, 724, 33),
(11608, 724, 45),
(11609, 724, 45),
(11610, 724, 64),
(11611, 724, 64),
(11612, 724, 75),
(11613, 724, 193),
(11614, 724, 235),
(11615, 724, 297),
(11616, 724, 310),
(11617, 724, 348),
(11618, 724, 365),
(11619, 724, 369),
(11620, 724, 389),
(11621, 724, 413),
(11622, 724, 417),
(11623, 724, 425),
(11624, 724, 437),
(11625, 724, 466),
(11626, 724, 566),
(11627, 724, 662),
(11628, 724, 670),
(11629, 725, 10),
(11630, 725, 24),
(11631, 725, 37),
(11632, 725, 43),
(11633, 725, 44),
(11634, 725, 45),
(11635, 725, 46),
(11636, 725, 52),
(11637, 725, 53),
(11638, 725, 122),
(11639, 725, 154),
(11640, 725, 184),
(11641, 725, 200),
(11642, 725, 207),
(11643, 725, 394),
(11644, 725, 424),
(11645, 726, 10),
(11646, 726, 24),
(11647, 726, 37),
(11648, 726, 43),
(11649, 726, 44),
(11650, 726, 45),
(11651, 726, 45),
(11652, 726, 46),
(11653, 726, 52),
(11654, 726, 53),
(11655, 726, 122),
(11656, 726, 122),
(11657, 726, 154),
(11658, 726, 184),
(11659, 726, 200),
(11660, 726, 207),
(11661, 726, 394),
(11662, 726, 424),
(11663, 727, 10),
(11664, 727, 24),
(11665, 727, 37),
(11666, 727, 43),
(11667, 727, 44),
(11668, 727, 45),
(11669, 727, 45),
(11670, 727, 46),
(11671, 727, 52),
(11672, 727, 53),
(11673, 727, 122),
(11674, 727, 122),
(11675, 727, 154),
(11676, 727, 184),
(11677, 727, 200),
(11678, 727, 207),
(11679, 727, 238),
(11680, 727, 339),
(11681, 727, 394),
(11682, 727, 424),
(11683, 727, 663),
(11684, 727, 675),
(11685, 728, 1),
(11686, 728, 3),
(11687, 728, 45),
(11688, 728, 47),
(11689, 728, 55),
(11690, 728, 56),
(11691, 728, 61),
(11692, 728, 196),
(11693, 728, 227),
(11694, 728, 304),
(11695, 728, 445),
(11696, 728, 453),
(11697, 728, 574),
(11698, 728, 581),
(11699, 728, 585),
(11700, 728, 608),
(11701, 729, 1),
(11702, 729, 3),
(11703, 729, 45),
(11704, 729, 45),
(11705, 729, 47),
(11706, 729, 55),
(11707, 729, 56),
(11708, 729, 61),
(11709, 729, 196),
(11710, 729, 227),
(11711, 729, 304),
(11712, 729, 445),
(11713, 729, 453),
(11714, 729, 574),
(11715, 729, 574),
(11716, 729, 581),
(11717, 729, 585),
(11718, 729, 608),
(11719, 730, 1),
(11720, 730, 3),
(11721, 730, 45),
(11722, 730, 45),
(11723, 730, 47),
(11724, 730, 55),
(11725, 730, 56),
(11726, 730, 61),
(11727, 730, 196),
(11728, 730, 227),
(11729, 730, 304),
(11730, 730, 445),
(11731, 730, 453),
(11732, 730, 574),
(11733, 730, 574),
(11734, 730, 581),
(11735, 730, 585),
(11736, 730, 608),
(11737, 730, 664),
(11738, 731, 31),
(11739, 731, 45),
(11740, 731, 48),
(11741, 731, 64),
(11742, 731, 65),
(11743, 731, 103),
(11744, 731, 249),
(11745, 731, 297),
(11746, 731, 304),
(11747, 731, 331),
(11748, 731, 355),
(11749, 731, 365),
(11750, 731, 497),
(11751, 732, 31),
(11752, 732, 45),
(11753, 732, 45),
(11754, 732, 48),
(11755, 732, 64),
(11756, 732, 65),
(11757, 732, 103),
(11758, 732, 249),
(11759, 732, 249),
(11760, 732, 297),
(11761, 732, 304),
(11762, 732, 331),
(11763, 732, 350),
(11764, 732, 355),
(11765, 732, 365),
(11766, 732, 497),
(11767, 732, 497),
(11768, 733, 31),
(11769, 733, 45),
(11770, 733, 45),
(11771, 733, 48),
(11772, 733, 64),
(11773, 733, 65),
(11774, 733, 103),
(11775, 733, 249),
(11776, 733, 249),
(11777, 733, 297),
(11778, 733, 304),
(11779, 733, 331),
(11780, 733, 350),
(11781, 733, 355),
(11782, 733, 365),
(11783, 733, 497),
(11784, 733, 497),
(11785, 733, 690),
(11786, 734, 28),
(11787, 734, 33),
(11788, 734, 36),
(11789, 734, 37),
(11790, 734, 43),
(11791, 734, 44),
(11792, 734, 117),
(11793, 734, 156),
(11794, 734, 158),
(11795, 734, 162),
(11796, 734, 184),
(11797, 734, 189),
(11798, 734, 228),
(11799, 734, 242),
(11800, 734, 281),
(11801, 734, 316),
(11802, 735, 28),
(11803, 735, 28),
(11804, 735, 33),
(11805, 735, 36),
(11806, 735, 37),
(11807, 735, 43),
(11808, 735, 43),
(11809, 735, 44),
(11810, 735, 117),
(11811, 735, 156),
(11812, 735, 158),
(11813, 735, 162),
(11814, 735, 184),
(11815, 735, 189),
(11816, 735, 228),
(11817, 735, 228),
(11818, 735, 242),
(11819, 735, 281),
(11820, 735, 316),
(11821, 736, 11),
(11822, 736, 44),
(11823, 736, 81),
(11824, 736, 91),
(11825, 736, 189),
(11826, 736, 209),
(11827, 736, 242),
(11828, 736, 404),
(11829, 736, 450),
(11830, 736, 512),
(11831, 737, 11),
(11832, 737, 44),
(11833, 737, 44),
(11834, 737, 81),
(11835, 737, 81),
(11836, 737, 91),
(11837, 737, 189),
(11838, 737, 189),
(11839, 737, 209),
(11840, 737, 242),
(11841, 737, 268),
(11842, 737, 334),
(11843, 737, 404),
(11844, 737, 435),
(11845, 737, 450),
(11846, 737, 512),
(11847, 738, 11),
(11848, 738, 12),
(11849, 738, 44),
(11850, 738, 44),
(11851, 738, 81),
(11852, 738, 81),
(11853, 738, 85),
(11854, 738, 91),
(11855, 738, 97),
(11856, 738, 189),
(11857, 738, 189),
(11858, 738, 192),
(11859, 738, 209),
(11860, 738, 268),
(11861, 738, 403),
(11862, 738, 405),
(11863, 738, 450),
(11864, 738, 512),
(11865, 739, 43),
(11866, 739, 61),
(11867, 739, 145),
(11868, 739, 146),
(11869, 739, 152),
(11870, 739, 179),
(11871, 739, 223),
(11872, 739, 228),
(11873, 739, 249),
(11874, 739, 334),
(11875, 739, 370),
(11876, 739, 371),
(11877, 739, 612),
(11878, 740, 8),
(11879, 740, 43),
(11880, 740, 43),
(11881, 740, 61),
(11882, 740, 145),
(11883, 740, 146),
(11884, 740, 179),
(11885, 740, 223),
(11886, 740, 228),
(11887, 740, 228),
(11888, 740, 249),
(11889, 740, 249),
(11890, 740, 334),
(11891, 740, 370),
(11892, 740, 419),
(11893, 740, 612),
(11894, 740, 665),
(11895, 741, 1),
(11896, 741, 3),
(11897, 741, 45),
(11898, 741, 64),
(11899, 741, 97),
(11900, 741, 119),
(11901, 741, 226),
(11902, 741, 270),
(11903, 741, 297),
(11904, 741, 298),
(11905, 741, 314),
(11906, 741, 355),
(11907, 741, 403),
(11908, 741, 445),
(11909, 741, 542),
(11910, 741, 686),
(11911, 742, 71),
(11912, 742, 78),
(11913, 742, 230),
(11914, 742, 312),
(11915, 742, 318),
(11916, 742, 405),
(11917, 742, 483),
(11918, 742, 522),
(11919, 742, 577),
(11920, 742, 584),
(11921, 742, 605),
(11922, 743, 71),
(11923, 743, 78),
(11924, 743, 78),
(11925, 743, 230),
(11926, 743, 312),
(11927, 743, 318),
(11928, 743, 405),
(11929, 743, 483),
(11930, 743, 522),
(11931, 743, 522),
(11932, 743, 577),
(11933, 743, 584),
(11934, 743, 584),
(11935, 743, 605),
(11936, 743, 676),
(11937, 744, 28),
(11938, 744, 33),
(11939, 744, 43),
(11940, 744, 44),
(11941, 744, 46),
(11942, 744, 88),
(11943, 744, 157),
(11944, 744, 184),
(11945, 744, 242),
(11946, 744, 316),
(11947, 744, 317),
(11948, 744, 336),
(11949, 744, 431),
(11950, 744, 444),
(11951, 744, 446),
(11952, 745, 28),
(11953, 745, 28),
(11954, 745, 33),
(11955, 745, 43),
(11956, 745, 44),
(11957, 745, 44),
(11958, 745, 46),
(11959, 745, 88),
(11960, 745, 98),
(11961, 745, 157),
(11962, 745, 184),
(11963, 745, 242),
(11964, 745, 316),
(11965, 745, 317),
(11966, 745, 336),
(11967, 745, 431),
(11968, 745, 444),
(11969, 745, 446),
(11970, 745, 501),
(11971, 745, 709),
(11972, 746, 36),
(11973, 746, 38),
(11974, 746, 45),
(11975, 746, 55),
(11976, 746, 56),
(11977, 746, 185),
(11978, 746, 251),
(11979, 746, 270),
(11980, 746, 283),
(11981, 746, 291),
(11982, 746, 362),
(11983, 746, 392),
(11984, 746, 401),
(11985, 746, 487),
(11986, 746, 715),
(11987, 747, 40),
(11988, 747, 42),
(11989, 747, 44),
(11990, 747, 64),
(11991, 747, 92),
(11992, 747, 105),
(11993, 747, 131),
(11994, 747, 390),
(11995, 747, 398),
(11996, 747, 469),
(11997, 747, 474),
(11998, 747, 599),
(11999, 747, 710),
(12000, 748, 40),
(12001, 748, 42),
(12002, 748, 44),
(12003, 748, 44),
(12004, 748, 64),
(12005, 748, 64),
(12006, 748, 92),
(12007, 748, 105),
(12008, 748, 131),
(12009, 748, 390),
(12010, 748, 390),
(12011, 748, 398),
(12012, 748, 469),
(12013, 748, 474),
(12014, 748, 599),
(12015, 748, 661),
(12016, 748, 710),
(12017, 749, 23),
(12018, 749, 24),
(12019, 749, 25),
(12020, 749, 68),
(12021, 749, 89),
(12022, 749, 117),
(12023, 749, 189),
(12024, 749, 276),
(12025, 749, 300),
(12026, 749, 334),
(12027, 749, 484),
(12028, 749, 523),
(12029, 749, 563),
(12030, 749, 667),
(12031, 750, 23),
(12032, 750, 24),
(12033, 750, 25),
(12034, 750, 68),
(12035, 750, 89),
(12036, 750, 117),
(12037, 750, 189),
(12038, 750, 276),
(12039, 750, 300),
(12040, 750, 300),
(12041, 750, 334),
(12042, 750, 484),
(12043, 750, 523),
(12044, 750, 523),
(12045, 750, 563),
(12046, 750, 563),
(12047, 750, 667),
(12048, 751, 44),
(12049, 751, 61),
(12050, 751, 141),
(12051, 751, 145),
(12052, 751, 169),
(12053, 751, 242),
(12054, 751, 243),
(12055, 751, 346),
(12056, 751, 392),
(12057, 751, 450),
(12058, 751, 494),
(12059, 751, 611),
(12060, 751, 679),
(12061, 751, 710),
(12062, 752, 44),
(12063, 752, 61),
(12064, 752, 141),
(12065, 752, 145),
(12066, 752, 169),
(12067, 752, 169),
(12068, 752, 242),
(12069, 752, 243),
(12070, 752, 392),
(12071, 752, 450),
(12072, 752, 450),
(12073, 752, 469),
(12074, 752, 487),
(12075, 752, 494),
(12076, 752, 611),
(12077, 752, 611),
(12078, 752, 679),
(12079, 752, 710),
(12080, 753, 74),
(12081, 753, 75),
(12082, 753, 76),
(12083, 753, 163),
(12084, 753, 210),
(12085, 753, 230),
(12086, 753, 235),
(12087, 753, 241),
(12088, 753, 275),
(12089, 753, 348),
(12090, 753, 670),
(12091, 754, 74),
(12092, 754, 74),
(12093, 754, 75),
(12094, 754, 75),
(12095, 754, 163),
(12096, 754, 210),
(12097, 754, 230),
(12098, 754, 235),
(12099, 754, 241),
(12100, 754, 275),
(12101, 754, 348),
(12102, 754, 400),
(12103, 754, 404),
(12104, 754, 572),
(12105, 754, 669),
(12106, 754, 670),
(12107, 754, 670),
(12108, 755, 71),
(12109, 755, 72),
(12110, 755, 79),
(12111, 755, 109),
(12112, 755, 138),
(12113, 755, 147),
(12114, 755, 148),
(12115, 755, 202),
(12116, 755, 236),
(12117, 755, 275),
(12118, 755, 310),
(12119, 755, 585),
(12120, 755, 668),
(12121, 755, 671),
(12122, 756, 71),
(12123, 756, 72),
(12124, 756, 79),
(12125, 756, 109),
(12126, 756, 138),
(12127, 756, 147),
(12128, 756, 148),
(12129, 756, 148),
(12130, 756, 202),
(12131, 756, 236),
(12132, 756, 275),
(12133, 756, 275),
(12134, 756, 310),
(12135, 756, 310),
(12136, 756, 585),
(12137, 756, 668),
(12138, 756, 671),
(12139, 757, 3),
(12140, 757, 10),
(12141, 757, 52),
(12142, 757, 53),
(12143, 757, 82),
(12144, 757, 92),
(12145, 757, 123),
(12146, 757, 139),
(12147, 757, 230),
(12148, 757, 406),
(12149, 757, 417),
(12150, 757, 474),
(12151, 757, 481),
(12152, 757, 599),
(12153, 758, 1),
(12154, 758, 3),
(12155, 758, 50),
(12156, 758, 52),
(12157, 758, 52),
(12158, 758, 53),
(12159, 758, 82),
(12160, 758, 92),
(12161, 758, 123),
(12162, 758, 139),
(12163, 758, 207),
(12164, 758, 227),
(12165, 758, 230),
(12166, 758, 230),
(12167, 758, 259),
(12168, 758, 406),
(12169, 758, 417),
(12170, 758, 445),
(12171, 758, 474),
(12172, 758, 481),
(12173, 758, 599),
(12174, 759, 33),
(12175, 759, 36),
(12176, 759, 37),
(12177, 759, 38),
(12178, 759, 43),
(12179, 759, 117),
(12180, 759, 175),
(12181, 759, 220),
(12182, 759, 276),
(12183, 759, 359),
(12184, 759, 371),
(12185, 759, 608),
(12186, 759, 693),
(12187, 760, 20),
(12188, 760, 33),
(12189, 760, 36),
(12190, 760, 37),
(12191, 760, 38),
(12192, 760, 43),
(12193, 760, 117),
(12194, 760, 175),
(12195, 760, 220),
(12196, 760, 276),
(12197, 760, 359),
(12198, 760, 371),
(12199, 760, 608),
(12200, 760, 693),
(12201, 761, 75),
(12202, 761, 150),
(12203, 761, 175),
(12204, 761, 229),
(12205, 761, 230),
(12206, 761, 298),
(12207, 761, 345),
(12208, 761, 589),
(12209, 761, 597),
(12210, 762, 3),
(12211, 762, 23),
(12212, 762, 75),
(12213, 762, 75),
(12214, 762, 150),
(12215, 762, 229),
(12216, 762, 229),
(12217, 762, 230),
(12218, 762, 298),
(12219, 762, 312),
(12220, 762, 345),
(12221, 762, 437),
(12222, 762, 445),
(12223, 762, 589),
(12224, 762, 589),
(12225, 762, 597),
(12226, 763, 3),
(12227, 763, 23),
(12228, 763, 75),
(12229, 763, 75),
(12230, 763, 136),
(12231, 763, 150),
(12232, 763, 207),
(12233, 763, 207),
(12234, 763, 229),
(12235, 763, 229),
(12236, 763, 230),
(12237, 763, 298),
(12238, 763, 312),
(12239, 763, 345),
(12240, 763, 386),
(12241, 763, 437),
(12242, 763, 438),
(12243, 763, 445),
(12244, 763, 597),
(12245, 763, 688),
(12246, 764, 22),
(12247, 764, 35),
(12248, 764, 73),
(12249, 764, 74),
(12250, 764, 80),
(12251, 764, 186),
(12252, 764, 230),
(12253, 764, 235),
(12254, 764, 270),
(12255, 764, 312),
(12256, 764, 345),
(12257, 764, 363),
(12258, 764, 447),
(12259, 764, 572),
(12260, 764, 577),
(12261, 764, 579),
(12262, 764, 580),
(12263, 764, 583),
(12264, 764, 666),
(12265, 765, 93),
(12266, 765, 94),
(12267, 765, 185),
(12268, 765, 244),
(12269, 765, 248),
(12270, 765, 269),
(12271, 765, 347),
(12272, 765, 417),
(12273, 765, 428),
(12274, 765, 433),
(12275, 765, 492),
(12276, 765, 495),
(12277, 765, 500),
(12278, 765, 511),
(12279, 765, 689),
(12280, 766, 33),
(12281, 766, 36),
(12282, 766, 37),
(12283, 766, 38),
(12284, 766, 43),
(12285, 766, 116),
(12286, 766, 179),
(12287, 766, 184),
(12288, 766, 249),
(12289, 766, 251),
(12290, 766, 339),
(12291, 766, 370),
(12292, 766, 374),
(12293, 766, 416),
(12294, 766, 516),
(12295, 767, 28),
(12296, 767, 522),
(12297, 768, 14),
(12298, 768, 28),
(12299, 768, 42),
(12300, 768, 163),
(12301, 768, 180),
(12302, 768, 210),
(12303, 768, 210),
(12304, 768, 249),
(12305, 768, 249),
(12306, 768, 334),
(12307, 768, 389),
(12308, 768, 450),
(12309, 768, 522),
(12310, 768, 534),
(12311, 768, 660),
(12312, 768, 710),
(12313, 769, 28),
(12314, 769, 71),
(12315, 769, 72),
(12316, 769, 95),
(12317, 769, 106),
(12318, 769, 201),
(12319, 769, 202),
(12320, 769, 247),
(12321, 769, 310),
(12322, 769, 328),
(12323, 769, 334),
(12324, 769, 414),
(12325, 769, 523),
(12326, 769, 659),
(12327, 770, 28),
(12328, 770, 28),
(12329, 770, 71),
(12330, 770, 72),
(12331, 770, 95),
(12332, 770, 106),
(12333, 770, 201),
(12334, 770, 202),
(12335, 770, 247),
(12336, 770, 310),
(12337, 770, 310),
(12338, 770, 328),
(12339, 770, 334),
(12340, 770, 414),
(12341, 770, 523),
(12342, 770, 659),
(12343, 771, 68),
(12344, 771, 92),
(12345, 771, 105),
(12346, 771, 106),
(12347, 771, 117),
(12348, 771, 174),
(12349, 771, 219),
(12350, 771, 220),
(12351, 771, 226),
(12352, 771, 262),
(12353, 771, 269),
(12354, 771, 270),
(12355, 771, 300),
(12356, 771, 346),
(12357, 771, 380),
(12358, 771, 487),
(12359, 771, 685),
(12360, 772, 13),
(12361, 772, 33),
(12362, 772, 36),
(12363, 772, 38),
(12364, 772, 99),
(12365, 772, 161),
(12366, 772, 184),
(12367, 772, 228),
(12368, 772, 286),
(12369, 772, 306),
(12370, 772, 319),
(12371, 772, 332),
(12372, 772, 377),
(12373, 772, 386),
(12374, 772, 403),
(12375, 772, 404),
(12376, 772, 442),
(12377, 772, 458),
(12378, 773, 13),
(12379, 773, 33),
(12380, 773, 36),
(12381, 773, 38),
(12382, 773, 44),
(12383, 773, 99),
(12384, 773, 161),
(12385, 773, 184),
(12386, 773, 228),
(12387, 773, 242),
(12388, 773, 286),
(12389, 773, 305),
(12390, 773, 306),
(12391, 773, 319),
(12392, 773, 332),
(12393, 773, 377),
(12394, 773, 386),
(12395, 773, 403),
(12396, 773, 404),
(12397, 773, 422),
(12398, 773, 423),
(12399, 773, 424),
(12400, 773, 442),
(12401, 773, 458),
(12402, 773, 575),
(12403, 773, 718),
(12404, 774, 33),
(12405, 774, 36),
(12406, 774, 38),
(12407, 774, 109),
(12408, 774, 111),
(12409, 774, 120),
(12410, 774, 129),
(12411, 774, 153),
(12412, 774, 205),
(12413, 774, 246),
(12414, 774, 322),
(12415, 774, 408),
(12416, 774, 446),
(12417, 774, 475),
(12418, 774, 504),
(12419, 775, 21),
(12420, 775, 37),
(12421, 775, 111),
(12422, 775, 175),
(12423, 775, 205),
(12424, 775, 229),
(12425, 775, 244),
(12426, 775, 254),
(12427, 775, 255),
(12428, 775, 256),
(12429, 775, 281),
(12430, 775, 389),
(12431, 775, 452),
(12432, 776, 33),
(12433, 776, 34),
(12434, 776, 52),
(12435, 776, 53),
(12436, 776, 123),
(12437, 776, 153),
(12438, 776, 175),
(12439, 776, 182),
(12440, 776, 203),
(12441, 776, 315),
(12442, 776, 334),
(12443, 776, 406),
(12444, 776, 504),
(12445, 776, 510),
(12446, 776, 704),
(12447, 777, 33),
(12448, 777, 42),
(12449, 777, 84),
(12450, 777, 111),
(12451, 777, 205),
(12452, 777, 209),
(12453, 777, 268),
(12454, 777, 393),
(12455, 777, 435),
(12456, 777, 528),
(12457, 777, 565),
(12458, 777, 596),
(12459, 777, 604),
(12460, 777, 609),
(12461, 777, 716),
(12462, 778, 10),
(12463, 778, 102),
(12464, 778, 104),
(12465, 778, 150),
(12466, 778, 163),
(12467, 778, 185),
(12468, 778, 204),
(12469, 778, 220),
(12470, 778, 310),
(12471, 778, 383),
(12472, 778, 421),
(12473, 778, 425),
(12474, 778, 452),
(12475, 778, 468),
(12476, 778, 583),
(12477, 778, 608),
(12478, 779, 44),
(12479, 779, 50),
(12480, 779, 55),
(12481, 779, 93),
(12482, 779, 103),
(12483, 779, 149),
(12484, 779, 242),
(12485, 779, 310),
(12486, 779, 401),
(12487, 779, 453),
(12488, 779, 485),
(12489, 779, 706),
(12490, 780, 19),
(12491, 780, 82),
(12492, 780, 113),
(12493, 780, 137),
(12494, 780, 182),
(12495, 780, 200),
(12496, 780, 219),
(12497, 780, 225),
(12498, 780, 239),
(12499, 780, 304),
(12500, 780, 326),
(12501, 780, 363),
(12502, 780, 406),
(12503, 780, 497),
(12504, 780, 589),
(12505, 781, 21),
(12506, 781, 35),
(12507, 781, 71),
(12508, 781, 72),
(12509, 781, 74),
(12510, 781, 202),
(12511, 781, 229),
(12512, 781, 247),
(12513, 781, 250),
(12514, 781, 310),
(12515, 781, 319),
(12516, 781, 360),
(12517, 781, 412),
(12518, 781, 415),
(12519, 781, 438),
(12520, 781, 484),
(12521, 781, 566),
(12522, 781, 677),
(12523, 782, 29),
(12524, 782, 33),
(12525, 782, 43),
(12526, 782, 103),
(12527, 782, 117),
(12528, 782, 182),
(12529, 782, 184),
(12530, 782, 200),
(12531, 782, 334),
(12532, 782, 337),
(12533, 782, 349),
(12534, 782, 525),
(12535, 782, 526),
(12536, 782, 568),
(12537, 783, 29),
(12538, 783, 33),
(12539, 783, 43),
(12540, 783, 43),
(12541, 783, 103),
(12542, 783, 117),
(12543, 783, 117),
(12544, 783, 182),
(12545, 783, 182),
(12546, 783, 184),
(12547, 783, 200),
(12548, 783, 327),
(12549, 783, 334),
(12550, 783, 337),
(12551, 783, 349),
(12552, 783, 370),
(12553, 783, 475),
(12554, 783, 525),
(12555, 783, 526),
(12556, 783, 568),
(12557, 784, 29),
(12558, 784, 33),
(12559, 784, 43),
(12560, 784, 43),
(12561, 784, 103),
(12562, 784, 117),
(12563, 784, 117),
(12564, 784, 182),
(12565, 784, 182),
(12566, 784, 184),
(12567, 784, 187),
(12568, 784, 200),
(12569, 784, 327),
(12570, 784, 334),
(12571, 784, 337),
(12572, 784, 349),
(12573, 784, 370),
(12574, 784, 475),
(12575, 784, 525),
(12576, 784, 526),
(12577, 784, 568),
(12578, 784, 691),
(12579, 785, 84),
(12580, 785, 97),
(12581, 785, 98),
(12582, 785, 103),
(12583, 785, 110),
(12584, 785, 119),
(12585, 785, 206),
(12586, 785, 209),
(12587, 785, 212),
(12588, 785, 268),
(12589, 785, 351),
(12590, 785, 384),
(12591, 785, 413),
(12592, 785, 435),
(12593, 785, 486),
(12594, 785, 528),
(12595, 785, 604),
(12596, 785, 717),
(12597, 786, 60),
(12598, 786, 93),
(12599, 786, 110),
(12600, 786, 149),
(12601, 786, 212),
(12602, 786, 230),
(12603, 786, 260),
(12604, 786, 285),
(12605, 786, 310),
(12606, 786, 312),
(12607, 786, 321),
(12608, 786, 326),
(12609, 786, 473),
(12610, 786, 577),
(12611, 786, 585),
(12612, 786, 597),
(12613, 786, 678),
(12614, 786, 717),
(12615, 787, 18),
(12616, 787, 30),
(12617, 787, 50),
(12618, 787, 73),
(12619, 787, 110),
(12620, 787, 130),
(12621, 787, 184),
(12622, 787, 202),
(12623, 787, 212),
(12624, 787, 224),
(12625, 787, 276),
(12626, 787, 428),
(12627, 787, 452),
(12628, 787, 532),
(12629, 787, 563),
(12630, 787, 580),
(12631, 787, 670),
(12632, 787, 717),
(12633, 788, 54),
(12634, 788, 55),
(12635, 788, 56),
(12636, 788, 110),
(12637, 788, 114),
(12638, 788, 212),
(12639, 788, 250),
(12640, 788, 287),
(12641, 788, 330),
(12642, 788, 352),
(12643, 788, 362),
(12644, 788, 392),
(12645, 788, 432),
(12646, 788, 487),
(12647, 788, 505),
(12648, 788, 581),
(12649, 788, 585),
(12650, 788, 717),
(12651, 789, 100),
(12652, 789, 150),
(12653, 790, 100),
(12654, 790, 322),
(12655, 791, 76),
(12656, 791, 100),
(12657, 791, 232),
(12658, 791, 234),
(12659, 791, 242),
(12660, 791, 319),
(12661, 791, 322),
(12662, 791, 358),
(12663, 791, 368),
(12664, 791, 394),
(12665, 791, 416),
(12666, 791, 428),
(12667, 791, 430),
(12668, 791, 442),
(12669, 791, 469),
(12670, 791, 568),
(12671, 791, 713),
(12672, 792, 63),
(12673, 792, 93),
(12674, 792, 95),
(12675, 792, 100),
(12676, 792, 101),
(12677, 792, 109),
(12678, 792, 138),
(12679, 792, 236),
(12680, 792, 247),
(12681, 792, 277),
(12682, 792, 322),
(12683, 792, 403),
(12684, 792, 469),
(12685, 792, 539),
(12686, 792, 566),
(12687, 792, 585),
(12688, 792, 714),
(12689, 793, 1),
(12690, 793, 29),
(12691, 793, 51),
(12692, 793, 132),
(12693, 793, 149),
(12694, 793, 219),
(12695, 793, 243),
(12696, 793, 321),
(12697, 793, 390),
(12698, 793, 408),
(12699, 793, 446),
(12700, 793, 457),
(12701, 793, 470),
(12702, 793, 471),
(12703, 793, 472),
(12704, 793, 474),
(12705, 793, 491),
(12706, 793, 499),
(12707, 793, 599),
(12708, 794, 4),
(12709, 794, 5),
(12710, 794, 8),
(12711, 794, 9),
(12712, 794, 68),
(12713, 794, 106),
(12714, 794, 116),
(12715, 794, 141),
(12716, 794, 179),
(12717, 794, 203),
(12718, 794, 223),
(12719, 794, 233),
(12720, 794, 264),
(12721, 794, 269),
(12722, 794, 276),
(12723, 794, 339),
(12724, 794, 359),
(12725, 794, 565),
(12726, 794, 612),
(12727, 794, 679),
(12728, 795, 23),
(12729, 795, 24),
(12730, 795, 26),
(12731, 795, 43),
(12732, 795, 67),
(12733, 795, 97),
(12734, 795, 129),
(12735, 795, 136),
(12736, 795, 167),
(12737, 795, 229),
(12738, 795, 318);
INSERT INTO `pokemon_moves` (`pokemon_move_id`, `pokemon_id`, `move_id`) VALUES
(12739, 795, 340),
(12740, 795, 364),
(12741, 795, 382),
(12742, 795, 405),
(12743, 795, 483),
(12744, 795, 501),
(12745, 795, 679),
(12746, 795, 683),
(12747, 796, 9),
(12748, 796, 35),
(12749, 796, 84),
(12750, 796, 85),
(12751, 796, 86),
(12752, 796, 95),
(12753, 796, 192),
(12754, 796, 209),
(12755, 796, 268),
(12756, 796, 275),
(12757, 796, 294),
(12758, 796, 324),
(12759, 796, 351),
(12760, 796, 435),
(12761, 796, 438),
(12762, 796, 569),
(12763, 796, 598),
(12764, 796, 604),
(12765, 797, 33),
(12766, 797, 38),
(12767, 797, 71),
(12768, 797, 72),
(12769, 797, 73),
(12770, 797, 106),
(12771, 797, 130),
(12772, 797, 202),
(12773, 797, 275),
(12774, 797, 319),
(12775, 797, 334),
(12776, 797, 402),
(12777, 797, 403),
(12778, 797, 430),
(12779, 797, 442),
(12780, 797, 469),
(12781, 797, 475),
(12782, 797, 479),
(12783, 797, 484),
(12784, 798, 12),
(12785, 798, 14),
(12786, 798, 15),
(12787, 798, 75),
(12788, 798, 197),
(12789, 798, 206),
(12790, 798, 210),
(12791, 798, 235),
(12792, 798, 314),
(12793, 798, 332),
(12794, 798, 348),
(12795, 798, 400),
(12796, 798, 403),
(12797, 798, 404),
(12798, 798, 410),
(12799, 798, 427),
(12800, 798, 432),
(12801, 798, 533),
(12802, 798, 673),
(12803, 799, 23),
(12804, 799, 37),
(12805, 799, 44),
(12806, 799, 82),
(12807, 799, 231),
(12808, 799, 242),
(12809, 799, 254),
(12810, 799, 256),
(12811, 799, 359),
(12812, 799, 378),
(12813, 799, 380),
(12814, 799, 407),
(12815, 799, 469),
(12816, 799, 484),
(12817, 799, 525),
(12818, 799, 537),
(12819, 799, 562),
(12820, 799, 693),
(12821, 799, 707),
(12822, 800, 93),
(12823, 800, 163),
(12824, 800, 232),
(12825, 800, 234),
(12826, 800, 236),
(12827, 800, 334),
(12828, 800, 350),
(12829, 800, 356),
(12830, 800, 378),
(12831, 800, 400),
(12832, 800, 408),
(12833, 800, 427),
(12834, 800, 429),
(12835, 800, 446),
(12836, 800, 451),
(12837, 800, 475),
(12838, 800, 500),
(12839, 800, 711),
(12840, 800, 722),
(12841, 801, 49),
(12842, 801, 60),
(12843, 801, 62),
(12844, 801, 111),
(12845, 801, 170),
(12846, 801, 220),
(12847, 801, 270),
(12848, 801, 334),
(12849, 801, 376),
(12850, 801, 381),
(12851, 801, 391),
(12852, 801, 396),
(12853, 801, 429),
(12854, 801, 430),
(12855, 801, 442),
(12856, 801, 485),
(12857, 801, 508),
(12858, 801, 578),
(12859, 801, 674),
(12860, 801, 705),
(12861, 802, 7),
(12862, 802, 8),
(12863, 802, 9),
(12864, 802, 26),
(12865, 802, 27),
(12866, 802, 68),
(12867, 802, 228),
(12868, 802, 244),
(12869, 802, 272),
(12870, 802, 283),
(12871, 802, 325),
(12872, 802, 364),
(12873, 802, 370),
(12874, 802, 372),
(12875, 802, 383),
(12876, 802, 389),
(12877, 802, 395),
(12878, 802, 409),
(12879, 802, 425),
(12880, 802, 673),
(12881, 802, 712),
(12882, 803, 31),
(12883, 803, 45),
(12884, 803, 51),
(12885, 803, 64),
(12886, 803, 92),
(12887, 803, 204),
(12888, 803, 270),
(12889, 803, 398),
(12890, 803, 406),
(12891, 803, 417),
(12892, 803, 474),
(12893, 803, 565),
(12894, 803, 599),
(12895, 804, 31),
(12896, 804, 45),
(12897, 804, 51),
(12898, 804, 64),
(12899, 804, 92),
(12900, 804, 204),
(12901, 804, 270),
(12902, 804, 314),
(12903, 804, 398),
(12904, 804, 403),
(12905, 804, 406),
(12906, 804, 406),
(12907, 804, 417),
(12908, 804, 474),
(12909, 804, 565),
(12910, 804, 599),
(12911, 805, 33),
(12912, 805, 36),
(12913, 805, 38),
(12914, 805, 88),
(12915, 805, 117),
(12916, 805, 157),
(12917, 805, 182),
(12918, 805, 334),
(12919, 805, 350),
(12920, 805, 442),
(12921, 805, 446),
(12922, 805, 469),
(12923, 805, 475),
(12924, 806, 52),
(12925, 806, 101),
(12926, 806, 113),
(12927, 806, 126),
(12928, 806, 247),
(12929, 806, 271),
(12930, 806, 277),
(12931, 806, 310),
(12932, 806, 347),
(12933, 806, 481),
(12934, 806, 500),
(12935, 806, 720),
(12936, 807, 9),
(12937, 807, 10),
(12938, 807, 98),
(12939, 807, 154),
(12940, 807, 163),
(12941, 807, 209),
(12942, 807, 252),
(12943, 807, 268),
(12944, 807, 370),
(12945, 807, 435),
(12946, 807, 468),
(12947, 807, 501),
(12948, 807, 521),
(12949, 807, 528),
(12950, 807, 555),
(12951, 807, 721),
(12965, 829, 242),
(12966, 829, 424),
(12967, 829, 46),
(12969, 829, 370),
(12973, 830, 44),
(12974, 830, 45),
(12975, 828, 137),
(12976, 828, 400),
(12977, 828, 10),
(12978, 828, 44),
(12979, 830, 91),
(12980, 830, 441);

-- --------------------------------------------------------

--
-- Table structure for table `types`
--

CREATE TABLE `types` (
  `type_id` int(11) NOT NULL,
  `type_name` varchar(255) DEFAULT NULL
) ENGINE=InnoDB DEFAULT CHARSET=utf8;

--
-- Dumping data for table `types`
--

INSERT INTO `types` (`type_id`, `type_name`) VALUES
(7, 'bug'),
(17, 'dark'),
(16, 'dragon'),
(13, 'electric'),
(18, 'fairy'),
(2, 'fighting'),
(10, 'fire'),
(3, 'flying'),
(8, 'ghost'),
(12, 'grass'),
(5, 'ground'),
(15, 'ice'),
(1, 'normal'),
(4, 'poison'),
(14, 'psychic'),
(6, 'rock'),
(19, 'sausage'),
(9, 'steel'),
(11, 'water');

-- --------------------------------------------------------

--
-- Table structure for table `type_strengths`
--

CREATE TABLE `type_strengths` (
  `type_strength_id` int(11) NOT NULL,
  `type_id` int(11) NOT NULL,
  `strength_id` int(11) NOT NULL
) ENGINE=InnoDB DEFAULT CHARSET=utf8;

--
-- Dumping data for table `type_strengths`
--

INSERT INTO `type_strengths` (`type_strength_id`, `type_id`, `strength_id`) VALUES
(1, 8, 1),
(2, 8, 2),
(3, 9, 4),
(4, 3, 5),
(5, 1, 8),
(6, 5, 13),
(7, 17, 14),
(8, 18, 16),
(9, 6, 1),
(10, 9, 1),
(11, 3, 2),
(12, 4, 2),
(13, 7, 2),
(14, 14, 2),
(15, 18, 2),
(16, 6, 3),
(17, 9, 3),
(18, 13, 3),
(19, 4, 4),
(20, 5, 4),
(21, 6, 4),
(22, 8, 4),
(23, 7, 5),
(24, 12, 5),
(25, 2, 6),
(26, 5, 6),
(27, 9, 6),
(28, 2, 7),
(29, 3, 7),
(30, 4, 7),
(31, 8, 7),
(32, 9, 7),
(33, 10, 7),
(34, 18, 7),
(35, 17, 8),
(36, 9, 9),
(37, 10, 9),
(38, 11, 9),
(39, 13, 9),
(40, 6, 10),
(41, 10, 10),
(42, 11, 10),
(43, 16, 10),
(44, 11, 11),
(45, 12, 11),
(46, 16, 11),
(47, 3, 12),
(48, 4, 12),
(49, 7, 12),
(50, 9, 12),
(51, 10, 12),
(52, 12, 12),
(53, 16, 12),
(54, 12, 13),
(55, 13, 13),
(56, 16, 13),
(57, 9, 14),
(58, 14, 14),
(59, 9, 15),
(60, 10, 15),
(61, 11, 15),
(62, 15, 15),
(63, 9, 16),
(64, 2, 17),
(65, 17, 17),
(66, 18, 17),
(67, 4, 18),
(68, 9, 18),
(69, 10, 18),
(76, 19, 18),
(77, 19, 10);

-- --------------------------------------------------------

--
-- Table structure for table `type_weaknesses`
--

CREATE TABLE `type_weaknesses` (
  `type_weakness_id` int(11) NOT NULL,
  `type_id` int(11) NOT NULL,
  `weakness_id` int(11) NOT NULL
) ENGINE=InnoDB DEFAULT CHARSET=utf8;

--
-- Dumping data for table `type_weaknesses`
--

INSERT INTO `type_weaknesses` (`type_weakness_id`, `type_id`, `weakness_id`) VALUES
(1, 1, 2),
(2, 6, 2),
(3, 9, 2),
(4, 15, 2),
(5, 17, 2),
(6, 2, 3),
(7, 7, 3),
(8, 12, 3),
(9, 12, 4),
(10, 18, 4),
(11, 4, 5),
(12, 6, 5),
(13, 9, 5),
(14, 10, 5),
(15, 13, 5),
(16, 3, 6),
(17, 7, 6),
(18, 10, 6),
(19, 15, 6),
(20, 12, 7),
(21, 14, 7),
(22, 17, 7),
(23, 8, 8),
(24, 14, 8),
(25, 6, 9),
(26, 15, 9),
(27, 18, 9),
(28, 7, 10),
(29, 9, 10),
(30, 12, 10),
(31, 15, 10),
(32, 5, 11),
(33, 6, 11),
(34, 10, 11),
(35, 5, 12),
(36, 6, 12),
(37, 11, 12),
(38, 3, 13),
(39, 11, 13),
(40, 2, 14),
(41, 4, 14),
(42, 3, 15),
(43, 5, 15),
(44, 12, 15),
(45, 16, 15),
(46, 16, 16),
(47, 8, 17),
(48, 14, 17),
(49, 2, 18),
(50, 16, 18),
(51, 17, 18),
(52, 19, 5);

--
-- Indexes for dumped tables
--

--
-- Indexes for table `moves`
--
ALTER TABLE `moves`
  ADD PRIMARY KEY (`move_id`),
  ADD KEY `type_id` (`type_id`);

--
-- Indexes for table `players`
--
ALTER TABLE `players`
  ADD PRIMARY KEY (`player_id`);

--
-- Indexes for table `player_pokemon`
--
ALTER TABLE `player_pokemon`
  ADD PRIMARY KEY (`player_pokemon_id`),
  ADD KEY `player_id` (`player_id`),
  ADD KEY `pokemon_id` (`pokemon_id`);

--
-- Indexes for table `pokemon`
--
ALTER TABLE `pokemon`
  ADD PRIMARY KEY (`pokemon_id`),
  ADD UNIQUE KEY `pokemon_name` (`pokemon_name`),
  ADD KEY `type_1` (`type_1`),
  ADD KEY `type_2` (`type_2`);

--
-- Indexes for table `pokemon_moves`
--
ALTER TABLE `pokemon_moves`
  ADD PRIMARY KEY (`pokemon_move_id`),
  ADD KEY `pokemon_id` (`pokemon_id`),
  ADD KEY `move_id` (`move_id`);

--
-- Indexes for table `types`
--
ALTER TABLE `types`
  ADD PRIMARY KEY (`type_id`),
  ADD UNIQUE KEY `type_name` (`type_name`);

--
-- Indexes for table `type_strengths`
--
ALTER TABLE `type_strengths`
  ADD PRIMARY KEY (`type_strength_id`),
  ADD KEY `type_id` (`type_id`),
  ADD KEY `strength_id` (`strength_id`);

--
-- Indexes for table `type_weaknesses`
--
ALTER TABLE `type_weaknesses`
  ADD PRIMARY KEY (`type_weakness_id`),
  ADD KEY `type_id` (`type_id`),
  ADD KEY `weakness_id` (`weakness_id`);

--
-- AUTO_INCREMENT for dumped tables
--

--
-- AUTO_INCREMENT for table `moves`
--
ALTER TABLE `moves`
  MODIFY `move_id` int(11) NOT NULL AUTO_INCREMENT, AUTO_INCREMENT=734;

--
-- AUTO_INCREMENT for table `players`
--
ALTER TABLE `players`
  MODIFY `player_id` int(11) NOT NULL AUTO_INCREMENT, AUTO_INCREMENT=33;

--
-- AUTO_INCREMENT for table `player_pokemon`
--
ALTER TABLE `player_pokemon`
  MODIFY `player_pokemon_id` int(11) NOT NULL AUTO_INCREMENT, AUTO_INCREMENT=106;

--
-- AUTO_INCREMENT for table `pokemon`
--
ALTER TABLE `pokemon`
  MODIFY `pokemon_id` int(11) NOT NULL AUTO_INCREMENT, AUTO_INCREMENT=831;

--
-- AUTO_INCREMENT for table `pokemon_moves`
--
ALTER TABLE `pokemon_moves`
  MODIFY `pokemon_move_id` int(11) NOT NULL AUTO_INCREMENT, AUTO_INCREMENT=12981;

--
-- AUTO_INCREMENT for table `types`
--
ALTER TABLE `types`
  MODIFY `type_id` int(11) NOT NULL AUTO_INCREMENT, AUTO_INCREMENT=20;

--
-- AUTO_INCREMENT for table `type_strengths`
--
ALTER TABLE `type_strengths`
  MODIFY `type_strength_id` int(11) NOT NULL AUTO_INCREMENT, AUTO_INCREMENT=78;

--
-- AUTO_INCREMENT for table `type_weaknesses`
--
ALTER TABLE `type_weaknesses`
  MODIFY `type_weakness_id` int(11) NOT NULL AUTO_INCREMENT, AUTO_INCREMENT=53;

--
-- Constraints for dumped tables
--

--
-- Constraints for table `moves`
--
ALTER TABLE `moves`
  ADD CONSTRAINT `moves_ibfk_1` FOREIGN KEY (`type_id`) REFERENCES `types` (`type_id`);

--
-- Constraints for table `player_pokemon`
--
ALTER TABLE `player_pokemon`
  ADD CONSTRAINT `player_pokemon_ibfk_1` FOREIGN KEY (`player_id`) REFERENCES `players` (`player_id`) ON DELETE CASCADE,
  ADD CONSTRAINT `player_pokemon_ibfk_2` FOREIGN KEY (`pokemon_id`) REFERENCES `pokemon` (`pokemon_id`) ON DELETE CASCADE;

--
-- Constraints for table `pokemon`
--
ALTER TABLE `pokemon`
  ADD CONSTRAINT `pokemon_ibfk_1` FOREIGN KEY (`type_1`) REFERENCES `types` (`type_id`),
  ADD CONSTRAINT `pokemon_ibfk_2` FOREIGN KEY (`type_2`) REFERENCES `types` (`type_id`);

--
-- Constraints for table `pokemon_moves`
--
ALTER TABLE `pokemon_moves`
  ADD CONSTRAINT `pokemon_moves_ibfk_1` FOREIGN KEY (`pokemon_id`) REFERENCES `pokemon` (`pokemon_id`) ON DELETE CASCADE,
  ADD CONSTRAINT `pokemon_moves_ibfk_2` FOREIGN KEY (`move_id`) REFERENCES `moves` (`move_id`) ON DELETE CASCADE;

--
-- Constraints for table `type_strengths`
--
ALTER TABLE `type_strengths`
  ADD CONSTRAINT `type_strengths_ibfk_1` FOREIGN KEY (`type_id`) REFERENCES `types` (`type_id`) ON DELETE CASCADE,
  ADD CONSTRAINT `type_strengths_ibfk_2` FOREIGN KEY (`strength_id`) REFERENCES `types` (`type_id`) ON DELETE CASCADE;

--
-- Constraints for table `type_weaknesses`
--
ALTER TABLE `type_weaknesses`
  ADD CONSTRAINT `type_weaknesses_ibfk_1` FOREIGN KEY (`type_id`) REFERENCES `types` (`type_id`) ON DELETE CASCADE,
  ADD CONSTRAINT `type_weaknesses_ibfk_2` FOREIGN KEY (`weakness_id`) REFERENCES `types` (`type_id`) ON DELETE CASCADE;
COMMIT;

/*!40101 SET CHARACTER_SET_CLIENT=@OLD_CHARACTER_SET_CLIENT */;
/*!40101 SET CHARACTER_SET_RESULTS=@OLD_CHARACTER_SET_RESULTS */;
/*!40101 SET COLLATION_CONNECTION=@OLD_COLLATION_CONNECTION */;
